Invoice No,Distributor Code,Customer Code,Route Code,Product Index,Product Code,,Product Description,UOM Code,Selling Type,Default UOM,Product Quantity,MRP,Product List Price,UOM List Price,Gross Amount,Product Discount,Promo Discount,SLS Discount,Customer Group Discount,Discount Amount,Amount After SKU Disc,Customer Discount,Total Tax Amount,Total Net Amount,SO Number,Document Type,Invoice Status,Invoice Date,GST Code,GST Rate,Backend Customer Ref No,Distributor User Defined 1,Distributor User Defined 2,Distributor User Defined 3,Distributor User Defined 4,Distributor User Defined 5,Distributor User Defined 1,Distributor User Defined 2,Distributor User Defined 3,Distributor User Defined 4,Distributor User Defined 5,Smallest UOM Quantity,Picklist Indicator,Outlet Type,Segmentation,Outlet Program,Route Plan Code & Name,VAT,Add VAT,HSN Code,Route Segmentation,Route Mobile Number
IN000213,7880336,CT0010043264,SHA1000,2,238167,0238167,Jik Bleach Regular 70Ml *144,CA,F,CA,1,0,0,0,0,0,0,0,0,0,0,0,0,0,SOSHA1000000012,Invoice,Invoiced,05/03/2025,,,,,,,,,,,,,,144,Picked,Wholesale-D,,,,,,,,
IN000213,7880336,CT0010043264,SHA1000,2,238167,0238167,Jik Bleach Regular 70Ml *144,OU,F,CA,72,0,0,0,0,0,0,0,0,0,0,0,0,0,SOSHA1000000012,Invoice,Invoiced,05/03/2025,,,,,,,,,,,,,,72,Picked,Wholesale-D,,,,,,,,
IN000213,7880336,CT0010043264,SHA1000,4,384658,0384658,Jik Bleach Regular 250Ml *18,OU,F,CA,9,0,0,0,0,0,0,0,0,0,0,0,0,0,SOSHA1000000012,Invoice,Invoiced,05/03/2025,,,,,,,,,,,,,,9,Picked,Wholesale-D,,,,,,,,
IN000975,7880336,CT0010054484,SHA1000,2,238167,0238167,Jik Bleach Regular 70Ml *144,CA,F,CA,1,0,0,0,0,0,0,0,0,0,0,0,0,0,SOSHA1000000020,Invoice,Invoiced,14/03/2025,,,,,,,,,,,,,,144,Picked,Wholesale-D,,,,,,,,
IN000975,7880336,CT0010054484,SHA1000,2,238167,0238167,Jik Bleach Regular 70Ml *144,OU,F,CA,72,0,0,0,0,0,0,0,0,0,0,0,0,0,SOSHA1000000020,Invoice,Invoiced,14/03/2025,,,,,,,,,,,,,,72,Picked,Wholesale-D,,,,,,,,
IN001236,7880336,CT0010043443,SHA1005,2,3049801,3049801,DETTOL LIQUID 96*50ML,OU,F,CA,48,0,0,0,0,0,0,0,0,0,0,0,0,0,SOSHA1005000161,Invoice,Invoiced,18/03/2025,,,,,,,,,,,,,,48,Picked,DTR Van-D,,,,,,,,
IN001286,7880336,CT0010047491,SHA1000,4,349130,0349130,Mortein Doom P.Gard Aik Lemon 12*100Ml,CA,F,CA,4,0,0,0,0,0,0,0,0,0,0,0,0,0,SOSHA1000000028,Invoice,Invoiced,20/03/2025,,,,,,,,,,,,,,48,Picked,Wholesale-D,,,,,,,,
IN001286,7880336,CT0010047491,SHA1000,25,384658,0384658,Jik Bleach Regular 250Ml *18,CA,F,CA,4,0,0,0,0,0,0,0,0,0,0,0,0,0,SOSHA1000000028,Invoice,Invoiced,20/03/2025,,,,,,,,,,,,,,72,Picked,Wholesale-D,,,,,,,,
IN001286,7880336,CT0010047491,SHA1000,35,366163,0366163,Dettol Soap Original 72*60G,CA,F,CA,2,0,0,0,0,0,0,0,0,0,0,0,0,0,SOSHA1000000028,Invoice,Invoiced,20/03/2025,,,,,,,,,,,,,,144,Picked,Wholesale-D,,,,,,,,
IN001286,7880336,CT0010047491,SHA1000,42,366165,0366165,Dettol Soap Original 48*175G,OU,F,CA,24,0,0,0,0,0,0,0,0,0,0,0,0,0,SOSHA1000000028,Invoice,Invoiced,20/03/2025,,,,,,,,,,,,,,24,Picked,Wholesale-D,,,,,,,,
IN001286,7880336,CT0010047491,SHA1000,59,3286535,3286535,HARPIC POWERPLUS 100ML,CA,F,CA,3,0,0,0,0,0,0,0,0,0,0,0,0,0,SOSHA1000000028,Invoice,Invoiced,20/03/2025,,,,,,,,,,,,,,108,Picked,Wholesale-D,,,,,,,,
IN001405,7880336,CT0010054728,SHA1000,2,238167,0238167,Jik Bleach Regular 70Ml *144,OU,F,CA,72,0,0,0,0,0,0,0,0,0,0,0,0,0,SOSHA1000000031,Invoice,Invoiced,21/03/2025,,,,,,,,,,,,,,72,Picked,Wholesale-D,,,,,,,,
IN001510,7880336,CT0010047491,SHA1000,12,238167,0238167,Jik Bleach Regular 70Ml *144,CA,F,CA,12,0,0,0,0,0,0,0,0,0,0,0,0,0,SOSHA1000000032,Invoice,Invoiced,21/03/2025,,,,,,,,,,,,,,1728,Unpick,Wholesale-D,,,,,,,,
IN001342,7880336,CT0010044938,SHA1004,1,238167,0238167,Jik Bleach Regular 70Ml *144,OU,S,CA,1,0,3218.39,22.35,22.35,0,0,0,0,0,22.35,0,3.58,25.93,SOSHA1004000219,Invoice,Invoiced,20/03/2025,,,,,,,,,,,,,,1,Picked,DTR Van-D,,,,,,,,
IN000147,7880336,CT0010043052,SHA1001,3,3286535,3286535,HARPIC POWERPLUS 100ML,OU,S,CA,1,0,1552,43.11,43.11,0,0,0,0,0,43.11,0,6.9,50.01,SOSHA1001000010,Invoice,Invoiced,04/03/2025,,,,,,,,,,,,,,1,Picked,DTR Van-D,,,,,,,,
IN000147,7880336,CT0010043052,SHA1001,1,238167,0238167,Jik Bleach Regular 70Ml *144,OU,S,CA,2,0,3218.39,22.35,44.7,0,0,0,0,0,44.7,0,7.15,51.85,SOSHA1001000010,Invoice,Invoiced,04/03/2025,,,,,,,,,,,,,,2,Picked,DTR Van-D,,,,,,,,
IN000904,7880336,CT0010054391,SHA1000,54,3298961,3298961,Dettol soap Skincare 85g,EA,S,EA,1,0,94,94,94,0,0,0,0,0,94,0,0,94,SOSHA1000000019,Invoice,Invoiced,13/03/2025,,,,,,,,,,,,,,1,Picked,Other Supermarts-D,,,,,,,,
IN000133,7880336,CT0010042925,SHA1001,1,238167,0238167,Jik Bleach Regular 70Ml *144,OU,S,CA,6,0,3218.39,22.35,134.1,193.2,8.05,0,0,8.05,126.05,0,0,126.05,SOSHA1001000004,Invoice,Invoiced,04/03/2025,,,,,,,,,,,,,,6,Unpick,DTR Van-D,,,,,,,,
IN000234,7880336,CT0010045067,SHA1002,3,238167,0238167,Jik Bleach Regular 70Ml *144,OU,S,CA,6,0,3218.39,22.35,134.1,193.2,8.05,0,0,8.05,126.05,0,20.17,146.22,SOSHA1002000058,Invoice,Invoiced,05/03/2025,,,,,,,,,,,,,,6,Picked,DTR Van-D,,,,,,,,
IN000312,7880336,CT0010041882,SHA1003,4,238167,0238167,Jik Bleach Regular 70Ml *144,OU,S,CA,6,0,3218.39,22.35,134.1,193.2,8.05,0,0,8.05,126.05,0,20.17,146.22,SOSHA1003000064,Invoice,Invoiced,06/03/2025,,,,,,,,,,,,,,6,Picked,DTR Van-D,,,,,,,,
IN000304,7880336,CT0010047445,SHA1002,5,3286535,3286535,HARPIC POWERPLUS 100ML,OU,S,CA,3,0,1552,43.11,129.33,0,0,0,0,0,129.33,0,20.69,150.02,SOSHA1002000076,Invoice,Invoiced,06/03/2025,,,,,,,,,,,,,,3,Picked,DTR Van-D,,,,,,,,
IN000854,7880336,CT0010045882,SHA1007,2,3286535,3286535,HARPIC POWERPLUS 100ML,OU,S,CA,3,0,1552,43.11,129.33,0,0,0,0,0,129.33,0,20.69,150.02,SOSHA1007000139,Invoice,Invoiced,12/03/2025,,,,,,,,,,,,,,3,Picked,DTR Van-D,,,,,,,,
IN000908,7880336,CT0010047872,SHA1001,4,3286535,3286535,HARPIC POWERPLUS 100ML,OU,S,CA,3,0,1552,43.11,129.33,0,0,0,0,0,129.33,0,20.69,150.02,SOSHA1001000155,Invoice,Invoiced,13/03/2025,,,,,,,,,,,,,,3,Picked,DTR Van-D,,,,,,,,
IN000919,7880336,CT0010054418,SHA1003,4,3286535,3286535,HARPIC POWERPLUS 100ML,OU,S,CA,3,0,1552,43.11,129.33,0,0,0,0,0,129.33,0,20.69,150.02,SOSHA1003000154,Invoice,Invoiced,13/03/2025,,,,,,,,,,,,,,3,Picked,DTR Van-D,,,,,,,,
IN001157,7880336,CT0010041507,SHA1007,2,3286535,3286535,HARPIC POWERPLUS 100ML,OU,S,CA,3,0,1552,43.11,129.33,0,0,0,0,0,129.33,0,20.69,150.02,SOSHA1007000171,Invoice,Invoiced,17/03/2025,,,,,,,,,,,,,,3,Picked,DTR Van-D,,,,,,,,
IN001446,7880336,CT0010054739,SHA1003,3,3286535,3286535,HARPIC POWERPLUS 100ML,OU,S,CA,3,0,1552,43.11,129.33,0,0,0,0,0,129.33,0,20.69,150.02,SOSHA1003000247,Invoice,Invoiced,21/03/2025,,,,,,,,,,,,,,3,Picked,DTR Van-D,,,,,,,,
IN001479,7880336,CT0010054704,SHA1005,4,3286535,3286535,HARPIC POWERPLUS 100ML,OU,S,CA,3,0,1552,43.11,129.33,0,0,0,0,0,129.33,0,20.69,150.02,SOSHA1005000207,Invoice,Invoiced,21/03/2025,,,,,,,,,,,,,,3,Picked,DTR Van-A,,,,,,,,
IN000127,7880336,CT0010041798,SHA1003,1,366183,0366183,Dettol Soap Cool 72*60G,OU,S,CA,3,0,3986,55.36,166.08,239.04,9.96,0,0,9.96,156.12,0,0,156.12,SOSHA1003000011,Invoice,Invoiced,04/03/2025,,,,,,,,,,,,,,3,Unpick,DTR Van-D,,,,,,,,
IN000995,7880336,CT0010043993,SHA1003,1,366163,0366163,Dettol Soap Original 72*60G,OU,S,CA,3,0,3986,55.36,166.08,0,0,0,0,0,166.08,0,26.57,192.65,SOSHA1003000176,Invoice,Invoiced,14/03/2025,,,,,,,,,,,,,,3,Picked,DTR Van-D,,,,,,,,
IN000995,7880336,CT0010043993,SHA1003,2,366194,0366194,Dettol Soap Herbal 72*60G,OU,S,CA,3,0,3986,55.36,166.08,0,0,0,0,0,166.08,0,26.57,192.65,SOSHA1003000176,Invoice,Invoiced,14/03/2025,,,,,,,,,,,,,,3,Picked,DTR Van-D,,,,,,,,
IN000934,7880336,CT0010054393,SHA1004,4,3286535,3286535,HARPIC POWERPLUS 100ML,OU,S,CA,4,0,1552,43.11,172.44,0,0,0,0,0,172.44,0,27.59,200.03,SOSHA1004000140,Invoice,Invoiced,13/03/2025,,,,,,,,,,,,,,4,Picked,DTR Van-D,,,,,,,,
IN000354,7880336,CT0010054082,SHA1006,1,349130,0349130,Mortein Doom P.Gard Aik Lemon 12*100Ml,OU,S,CA,1,0,2163.01,180.25,180.25,0,0,0,0,0,180.25,0,28.84,209.09,SOSHA1006000084,Invoice,Invoiced,06/03/2025,,,,,,,,,,,,,,1,Picked,DTR Van-A,,,,,,,,
IN000719,7880336,CT0010042970,SHA1001,1,349130,0349130,Mortein Doom P.Gard Aik Lemon 12*100Ml,OU,S,CA,1,0,2163.01,180.25,180.25,0,0,0,0,0,180.25,0,28.84,209.09,SOSHA1001000124,Invoice,Invoiced,11/03/2025,,,,,,,,,,,,,,1,Picked,DTR Van-D,,,,,,,,
IN000919,7880336,CT0010054418,SHA1003,1,349130,0349130,Mortein Doom P.Gard Aik Lemon 12*100Ml,OU,S,CA,1,0,2163.01,180.25,180.25,0,0,0,0,0,180.25,0,28.84,209.09,SOSHA1003000154,Invoice,Invoiced,13/03/2025,,,,,,,,,,,,,,1,Picked,DTR Van-D,,,,,,,,
IN001126,7880336,CT0010054576,SHA1005,1,349130,0349130,Mortein Doom P.Gard Aik Lemon 12*100Ml,OU,S,CA,1,0,2163.01,180.25,180.25,0,0,0,0,0,180.25,0,28.84,209.09,SOSHA1005000155,Invoice,Invoiced,17/03/2025,,,,,,,,,,,,,,1,Picked,DTR Van-D,,,,,,,,
IN000312,7880336,CT0010041882,SHA1003,6,3012868,3012868,Jik Colours 70Ml *144,OU,S,CA,6,0,4597.7,31.93,191.58,0,0,0,0,0,191.58,0,30.65,222.23,SOSHA1003000064,Invoice,Invoiced,06/03/2025,,,,,,,,,,,,,,6,Picked,DTR Van-D,,,,,,,,
IN000346,7880336,CT0010054077,SHA1005,1,238167,0238167,Jik Bleach Regular 70Ml *144,OU,S,CA,9,0,3218.39,22.35,201.15,0,0,0,0,0,201.15,0,32.18,233.33,SOSHA1005000031,Invoice,Invoiced,06/03/2025,,,,,,,,,,,,,,9,Picked,DTR Van-D,,,,,,,,
IN001016,7880336,CT0010054495,SHA1004,1,3286535,3286535,HARPIC POWERPLUS 100ML,OU,S,CA,6,0,1552,43.11,258.66,93.12,15.52,0,0,15.52,243.14,0,0,243.14,SOSHA1004000165,Invoice,Invoiced,14/03/2025,,,,,,,,,,,,,,6,Picked,DTR Van-D,,,,,,,,
IN001235,7880336,CT0010054609,SHA1004,2,3286535,3286535,HARPIC POWERPLUS 100ML,OU,S,CA,6,0,1552,43.11,258.66,93.12,15.52,0,0,15.52,243.14,0,0,243.14,SOSHA1004000218,Invoice,Invoiced,18/03/2025,,,,,,,,,,,,,,6,Picked,DTR Van-D,,,,,,,,
IN000141,7880336,CT0010043738,SHA1003,1,238167,0238167,Jik Bleach Regular 70Ml *144,OU,S,CA,12,0,3218.39,22.35,268.2,289.68,24.14,0,0,24.14,244.06,0,0,244.06,SOSHA1003000044,Invoice,Invoiced,04/03/2025,,,,,,,,,,,,,,12,Unpick,DTR Van-D,,,,,,,,
IN000196,7880336,CT0010041888,SHA1003,1,238167,0238167,Jik Bleach Regular 70Ml *144,OU,S,CA,12,0,3218.39,22.35,268.2,289.68,24.14,0,0,24.14,244.06,0,0,244.06,SOSHA1003000048,Invoice,Invoiced,05/03/2025,,,,,,,,,,,,,,12,Unpick,DTR Van-D,,,,,,,,
IN000197,7880336,CT0010043767,SHA1003,1,238167,0238167,Jik Bleach Regular 70Ml *144,OU,S,CA,12,0,3218.39,22.35,268.2,289.68,24.14,0,0,24.14,244.06,0,0,244.06,SOSHA1003000050,Invoice,Invoiced,05/03/2025,,,,,,,,,,,,,,12,Unpick,DTR Van-D,,,,,,,,
IN000879,7880336,CT0010054374,SHA1003,1,238167,0238167,Jik Bleach Regular 70Ml *144,OU,S,CA,12,0,3218.39,22.35,268.2,289.68,24.14,0,0,24.14,244.06,0,0,244.06,SOSHA1003000146,Invoice,Invoiced,12/03/2025,,,,,,,,,,,,,,12,Picked,DTR Van-D,,,,,,,,
IN000933,7880336,CT0010054392,SHA1004,1,238167,0238167,Jik Bleach Regular 70Ml *144,OU,S,CA,12,0,3218.39,22.35,268.2,289.68,24.14,0,0,24.14,244.06,0,0,244.06,SOSHA1004000139,Invoice,Invoiced,13/03/2025,,,,,,,,,,,,,,12,Picked,DTR Van-D,,,,,,,,
IN001044,7880336,CT0010054471,SHA1005,4,238167,0238167,Jik Bleach Regular 70Ml *144,OU,S,CA,12,0,3218.39,22.35,268.2,289.68,24.14,0,0,24.14,244.06,0,0,244.06,SOSHA1005000136,Invoice,Invoiced,14/03/2025,,,,,,,,,,,,,,12,Picked,DTR Van-D,,,,,,,,
IN001106,7880336,CT0010054536,SHA1004,1,238167,0238167,Jik Bleach Regular 70Ml *144,OU,S,CA,12,0,3218.39,22.35,268.2,289.68,24.14,0,0,24.14,244.06,0,0,244.06,SOSHA1004000184,Invoice,Invoiced,17/03/2025,,,,,,,,,,,,,,12,Picked,DTR Van-D,,,,,,,,
IN001107,7880336,CT0010054535,SHA1004,2,238167,0238167,Jik Bleach Regular 70Ml *144,OU,S,CA,12,0,3218.39,22.35,268.2,289.68,24.14,0,0,24.14,244.06,0,0,244.06,SOSHA1004000185,Invoice,Invoiced,17/03/2025,,,,,,,,,,,,,,12,Picked,DTR Van-D,,,,,,,,
IN001225,7880336,CT0010054587,SHA1004,1,238167,0238167,Jik Bleach Regular 70Ml *144,OU,S,CA,12,0,3218.39,22.35,268.2,289.68,24.14,0,0,24.14,244.06,0,0,244.06,SOSHA1004000210,Invoice,Invoiced,18/03/2025,,,,,,,,,,,,,,12,Picked,DTR Van-D,,,,,,,,
IN001227,7880336,CT0010054589,SHA1004,1,238167,0238167,Jik Bleach Regular 70Ml *144,OU,S,CA,12,0,3218.39,22.35,268.2,289.68,24.14,0,0,24.14,244.06,0,0,244.06,SOSHA1004000212,Invoice,Invoiced,18/03/2025,,,,,,,,,,,,,,12,Picked,DTR Van-D,,,,,,,,
IN001234,7880336,CT0010054590,SHA1004,1,238167,0238167,Jik Bleach Regular 70Ml *144,OU,S,CA,12,0,3218.39,22.35,268.2,289.68,24.14,0,0,24.14,244.06,0,0,244.06,SOSHA1004000209,Invoice,Invoiced,18/03/2025,,,,,,,,,,,,,,12,Picked,DTR Van-D,,,,,,,,
IN001235,7880336,CT0010054609,SHA1004,1,238167,0238167,Jik Bleach Regular 70Ml *144,OU,S,CA,12,0,3218.39,22.35,268.2,289.68,24.14,0,0,24.14,244.06,0,0,244.06,SOSHA1004000218,Invoice,Invoiced,18/03/2025,,,,,,,,,,,,,,12,Picked,DTR Van-D,,,,,,,,
IN001316,7880336,CT0010054673,SHA1002,1,238167,0238167,Jik Bleach Regular 70Ml *144,OU,S,CA,12,0,3218.39,22.35,268.2,289.68,24.14,0,0,24.14,244.06,0,0,244.06,SOSHA1002000224,Invoice,Invoiced,20/03/2025,,,,,,,,,,,,,,12,Picked,DTR Van-D,,,,,,,,
IN001361,7880336,CT0010054691,SHA1004,1,238167,0238167,Jik Bleach Regular 70Ml *144,OU,S,CA,12,0,3218.39,22.35,268.2,289.68,24.14,0,0,24.14,244.06,0,0,244.06,SOSHA1004000242,Invoice,Invoiced,20/03/2025,,,,,,,,,,,,,,12,Picked,DTR Van-D,,,,,,,,
IN001444,7880336,CT0010054385,SHA1003,2,366159,0366159,Dettol Soap Original 72*90Gm,OU,S,CA,2,0,9028,125.39,250.78,0,0,0,0,0,250.78,0,0,250.78,SOSHA1003000244,Invoice,Invoiced,21/03/2025,,,,,,,,,,,,,,2,Picked,DTR Van-D,,,,,,,,
IN000473,7880336,CT0010054090,SHA1007,2,238167,0238167,Jik Bleach Regular 70Ml *144,OU,S,CA,12,0,3218.39,22.35,268.2,0,0,0,0,0,268.2,0,0,268.2,SOSHA1007000056,Invoice,Invoiced,06/03/2025,,,,,,,,,,,,,,12,Picked,DTR Van-A,,,,,,,,
IN000234,7880336,CT0010045067,SHA1002,4,3286535,3286535,HARPIC POWERPLUS 100ML,OU,S,CA,6,0,1552,43.11,258.66,93.12,15.52,0,0,15.52,243.14,0,38.9,282.04,SOSHA1002000058,Invoice,Invoiced,05/03/2025,,,,,,,,,,,,,,6,Picked,DTR Van-D,,,,,,,,
IN000236,7880336,CT0010044624,SHA1004,2,3286535,3286535,HARPIC POWERPLUS 100ML,OU,S,CA,6,0,1552,43.11,258.66,93.12,15.52,0,0,15.52,243.14,0,38.9,282.04,SOSHA1004000026,Invoice,Invoiced,05/03/2025,,,,,,,,,,,,,,6,Picked,DTR Van-D,,,,,,,,
IN000241,7880336,CT0010044637,SHA1004,4,3286535,3286535,HARPIC POWERPLUS 100ML,OU,S,CA,6,0,1552,43.11,258.66,93.12,15.52,0,0,15.52,243.14,0,38.9,282.04,SOSHA1004000031,Invoice,Invoiced,05/03/2025,,,,,,,,,,,,,,6,Picked,DTR Van-D,,,,,,,,
IN000242,7880336,CT0010044661,SHA1004,2,3286535,3286535,HARPIC POWERPLUS 100ML,OU,S,CA,6,0,1552,43.11,258.66,93.12,15.52,0,0,15.52,243.14,0,38.9,282.04,SOSHA1004000032,Invoice,Invoiced,05/03/2025,,,,,,,,,,,,,,6,Picked,DTR Van-D,,,,,,,,
IN000311,7880336,CT0010041536,SHA1003,2,3286535,3286535,HARPIC POWERPLUS 100ML,OU,S,CA,6,0,1552,43.11,258.66,93.12,15.52,0,0,15.52,243.14,0,38.9,282.04,SOSHA1003000063,Invoice,Invoiced,06/03/2025,,,,,,,,,,,,,,6,Picked,DTR Van-D,,,,,,,,
IN000336,7880336,CT0010044926,SHA1004,5,3286535,3286535,HARPIC POWERPLUS 100ML,OU,S,CA,6,0,1552,43.11,258.66,93.12,15.52,0,0,15.52,243.14,0,38.9,282.04,SOSHA1004000043,Invoice,Invoiced,06/03/2025,,,,,,,,,,,,,,6,Picked,DTR Van-D,,,,,,,,
IN000337,7880336,CT0010044938,SHA1004,2,3286535,3286535,HARPIC POWERPLUS 100ML,OU,S,CA,6,0,1552,43.11,258.66,93.12,15.52,0,0,15.52,243.14,0,38.9,282.04,SOSHA1004000044,Invoice,Invoiced,06/03/2025,,,,,,,,,,,,,,6,Picked,DTR Van-D,,,,,,,,
IN000342,7880336,CT0010044956,SHA1004,2,3286535,3286535,HARPIC POWERPLUS 100ML,OU,S,CA,6,0,1552,43.11,258.66,93.12,15.52,0,0,15.52,243.14,0,38.9,282.04,SOSHA1004000050,Invoice,Invoiced,06/03/2025,,,,,,,,,,,,,,6,Picked,DTR Van-D,,,,,,,,
IN000420,7880336,CT0010041859,SHA1003,3,3286535,3286535,HARPIC POWERPLUS 100ML,OU,S,CA,6,0,1552,43.11,258.66,93.12,15.52,0,0,15.52,243.14,0,38.9,282.04,SOSHA1003000086,Invoice,Invoiced,06/03/2025,,,,,,,,,,,,,,6,Picked,DTR Van-D,,,,,,,,
IN000429,7880336,CT0010046251,SHA1004,3,3286535,3286535,HARPIC POWERPLUS 100ML,OU,S,CA,6,0,1552,43.11,258.66,93.12,15.52,0,0,15.52,243.14,0,38.9,282.04,SOSHA1004000065,Invoice,Invoiced,06/03/2025,,,,,,,,,,,,,,6,Picked,DTR Van-D,,,,,,,,
IN000504,7880336,CT0010046609,SHA1001,4,3286535,3286535,HARPIC POWERPLUS 100ML,OU,S,CA,6,0,1552,43.11,258.66,93.12,15.52,0,0,15.52,243.14,0,38.9,282.04,SOSHA1001000076,Invoice,Invoiced,08/03/2025,,,,,,,,,,,,,,6,Picked,DTR Van-D,,,,,,,,
IN000532,7880336,CT0010043886,SHA1003,6,3286535,3286535,HARPIC POWERPLUS 100ML,OU,S,CA,6,0,1552,43.11,258.66,93.12,15.52,0,0,15.52,243.14,0,38.9,282.04,SOSHA1003000098,Invoice,Invoiced,08/03/2025,,,,,,,,,,,,,,6,Picked,DTR Van-D,,,,,,,,
IN000737,7880336,CT0010043738,SHA1003,4,3286535,3286535,HARPIC POWERPLUS 100ML,OU,S,CA,6,0,1552,43.11,258.66,93.12,15.52,0,0,15.52,243.14,0,38.9,282.04,SOSHA1003000125,Invoice,Invoiced,11/03/2025,,,,,,,,,,,,,,6,Picked,DTR Van-D,,,,,,,,
IN000787,7880336,CT0010044848,SHA1007,2,3286535,3286535,HARPIC POWERPLUS 100ML,OU,S,CA,6,0,1552,43.11,258.66,93.12,15.52,0,0,15.52,243.14,0,38.9,282.04,SOSHA1007000134,Invoice,Invoiced,11/03/2025,,,,,,,,,,,,,,6,Picked,DTR Van-D,,,,,,,,
IN000856,7880336,CT0010054356,SHA1007,1,3286535,3286535,HARPIC POWERPLUS 100ML,OU,S,CA,6,0,1552,43.11,258.66,93.12,15.52,0,0,15.52,243.14,0,38.9,282.04,SOSHA1007000142,Invoice,Invoiced,12/03/2025,,,,,,,,,,,,,,6,Picked,DTR Van-D,,,,,,,,
IN000920,7880336,CT0010054420,SHA1003,4,3286535,3286535,HARPIC POWERPLUS 100ML,OU,S,CA,6,0,1552,43.11,258.66,93.12,15.52,0,0,15.52,243.14,0,38.9,282.04,SOSHA1003000155,Invoice,Invoiced,13/03/2025,,,,,,,,,,,,,,6,Picked,DTR Van-D,,,,,,,,
IN000923,7880336,CT0010054421,SHA1003,1,3286535,3286535,HARPIC POWERPLUS 100ML,OU,S,CA,6,0,1552,43.11,258.66,93.12,15.52,0,0,15.52,243.14,0,38.9,282.04,SOSHA1003000158,Invoice,Invoiced,13/03/2025,,,,,,,,,,,,,,6,Picked,DTR Van-D,,,,,,,,
IN000927,7880336,CT0010054431,SHA1003,2,3286535,3286535,HARPIC POWERPLUS 100ML,OU,S,CA,6,0,1552,43.11,258.66,93.12,15.52,0,0,15.52,243.14,0,38.9,282.04,SOSHA1003000162,Invoice,Invoiced,13/03/2025,,,,,,,,,,,,,,6,Picked,DTR Van-D,,,,,,,,
IN000935,7880336,CT0010054394,SHA1004,2,3286535,3286535,HARPIC POWERPLUS 100ML,OU,S,CA,6,0,1552,43.11,258.66,93.12,15.52,0,0,15.52,243.14,0,38.9,282.04,SOSHA1004000141,Invoice,Invoiced,13/03/2025,,,,,,,,,,,,,,6,Picked,DTR Van-D,,,,,,,,
IN000940,7880336,CT0010043811,SHA1004,1,3286535,3286535,HARPIC POWERPLUS 100ML,OU,S,CA,6,0,1552,43.11,258.66,93.12,15.52,0,0,15.52,243.14,0,38.9,282.04,SOSHA1004000149,Invoice,Invoiced,13/03/2025,,,,,,,,,,,,,,6,Picked,DTR Van-D,,,,,,,,
IN000993,7880336,CT0010043957,SHA1003,2,3286535,3286535,HARPIC POWERPLUS 100ML,OU,S,CA,6,0,1552,43.11,258.66,93.12,15.52,0,0,15.52,243.14,0,38.9,282.04,SOSHA1003000174,Invoice,Invoiced,14/03/2025,,,,,,,,,,,,,,6,Picked,DTR Van-D,,,,,,,,
IN001021,7880336,CT0010044620,SHA1004,4,3286535,3286535,HARPIC POWERPLUS 100ML,OU,S,CA,6,0,1552,43.11,258.66,93.12,15.52,0,0,15.52,243.14,0,38.9,282.04,SOSHA1004000170,Invoice,Invoiced,14/03/2025,,,,,,,,,,,,,,6,Picked,DTR Van-D,,,,,,,,
IN001023,7880336,CT0010044587,SHA1004,2,3286535,3286535,HARPIC POWERPLUS 100ML,OU,S,CA,6,0,1552,43.11,258.66,93.12,15.52,0,0,15.52,243.14,0,38.9,282.04,SOSHA1004000172,Invoice,Invoiced,14/03/2025,,,,,,,,,,,,,,6,Picked,DTR Van-D,,,,,,,,
IN001063,7880336,CT0010042718,SHA1001,2,3286535,3286535,HARPIC POWERPLUS 100ML,OU,S,CA,6,0,1552,43.11,258.66,93.12,15.52,0,0,15.52,243.14,0,38.9,282.04,SOSHA1001000176,Invoice,Invoiced,17/03/2025,,,,,,,,,,,,,,6,Picked,DTR Van-D,,,,,,,,
IN001113,7880336,CT0010045383,SHA1004,3,3286535,3286535,HARPIC POWERPLUS 100ML,OU,S,CA,6,0,1552,43.11,258.66,93.12,15.52,0,0,15.52,243.14,0,38.9,282.04,SOSHA1004000191,Invoice,Invoiced,17/03/2025,,,,,,,,,,,,,,6,Picked,DTR Van-D,,,,,,,,
IN001142,7880336,CT0010054548,SHA1006,1,3286535,3286535,HARPIC POWERPLUS 100ML,OU,S,CA,6,0,1552,43.11,258.66,93.12,15.52,0,0,15.52,243.14,0,38.9,282.04,SOSHA1006000209,Invoice,Invoiced,17/03/2025,,,,,,,,,,,,,,6,Picked,DTR Van-D,,,,,,,,
IN001152,7880336,CT0010054571,SHA1006,2,3286535,3286535,HARPIC POWERPLUS 100ML,OU,S,CA,6,0,1552,43.11,258.66,93.12,15.52,0,0,15.52,243.14,0,38.9,282.04,SOSHA1006000223,Invoice,Invoiced,17/03/2025,,,,,,,,,,,,,,6,Picked,DTR Van-D,,,,,,,,
IN001212,7880336,CT0010044714,SHA1004,1,3286535,3286535,HARPIC POWERPLUS 100ML,OU,S,CA,6,0,1552,43.11,258.66,93.12,15.52,0,0,15.52,243.14,0,38.9,282.04,SOSHA1004000199,Invoice,Invoiced,18/03/2025,,,,,,,,,,,,,,6,Picked,DTR Van-D,,,,,,,,
IN001217,7880336,CT0010054630,SHA1003,7,3286535,3286535,HARPIC POWERPLUS 100ML,OU,S,CA,6,0,1552,43.11,258.66,93.12,15.52,0,0,15.52,243.14,0,38.9,282.04,SOSHA1003000208,Invoice,Invoiced,18/03/2025,,,,,,,,,,,,,,6,Picked,DTR Van-D,,,,,,,,
IN001229,7880336,CT0010054608,SHA1004,3,3286535,3286535,HARPIC POWERPLUS 100ML,OU,S,CA,6,0,1552,43.11,258.66,93.12,15.52,0,0,15.52,243.14,0,38.9,282.04,SOSHA1004000214,Invoice,Invoiced,18/03/2025,,,,,,,,,,,,,,6,Picked,DTR Van-D,,,,,,,,
IN001238,7880336,CT0010043431,SHA1005,2,3286535,3286535,HARPIC POWERPLUS 100ML,OU,S,CA,6,0,1552,43.11,258.66,93.12,15.52,0,0,15.52,243.14,0,38.9,282.04,SOSHA1005000163,Invoice,Invoiced,18/03/2025,,,,,,,,,,,,,,6,Picked,DTR Van-D,,,,,,,,
IN001247,7880336,CT0010043426,SHA1005,1,3286535,3286535,HARPIC POWERPLUS 100ML,OU,S,CA,6,0,1552,43.11,258.66,93.12,15.52,0,0,15.52,243.14,0,38.9,282.04,SOSHA1005000172,Invoice,Invoiced,18/03/2025,,,,,,,,,,,,,,6,Picked,DTR Van-D,,,,,,,,
IN001352,7880336,CT0010044949,SHA1004,1,3286535,3286535,HARPIC POWERPLUS 100ML,OU,S,CA,6,0,1552,43.11,258.66,93.12,15.52,0,0,15.52,243.14,0,38.9,282.04,SOSHA1004000230,Invoice,Invoiced,20/03/2025,,,,,,,,,,,,,,6,Picked,DTR Van-D,,,,,,,,
IN001356,7880336,CT0010044870,SHA1004,3,3286535,3286535,HARPIC POWERPLUS 100ML,OU,S,CA,6,0,1552,43.11,258.66,93.12,15.52,0,0,15.52,243.14,0,38.9,282.04,SOSHA1004000232,Invoice,Invoiced,20/03/2025,,,,,,,,,,,,,,6,Picked,DTR Van-D,,,,,,,,
IN001364,7880336,CT0010054682,SHA1004,5,3286535,3286535,HARPIC POWERPLUS 100ML,OU,S,CA,6,0,1552,43.11,258.66,93.12,15.52,0,0,15.52,243.14,0,38.9,282.04,SOSHA1004000240,Invoice,Invoiced,20/03/2025,,,,,,,,,,,,,,6,Picked,DTR Van-D,,,,,,,,
IN001375,7880336,CT0010054683,SHA1005,2,3286535,3286535,HARPIC POWERPLUS 100ML,OU,S,CA,6,0,1552,43.11,258.66,93.12,15.52,0,0,15.52,243.14,0,38.9,282.04,SOSHA1005000194,Invoice,Invoiced,20/03/2025,,,,,,,,,,,,,,6,Picked,DTR Van-D,,,,,,,,
IN001438,7880336,CT0010042488,SHA1003,4,3286535,3286535,HARPIC POWERPLUS 100ML,OU,S,CA,6,0,1552,43.11,258.66,93.12,15.52,0,0,15.52,243.14,0,38.9,282.04,SOSHA1003000234,Invoice,Invoiced,21/03/2025,,,,,,,,,,,,,,6,Picked,DTR Van-D,,,,,,,,
IN001449,7880336,CT0010054153,SHA1004,2,3286535,3286535,HARPIC POWERPLUS 100ML,OU,S,CA,6,0,1552,43.11,258.66,93.12,15.52,0,0,15.52,243.14,0,38.9,282.04,SOSHA1004000244,Invoice,Invoiced,21/03/2025,,,,,,,,,,,,,,6,Picked,DTR Van-A,,,,,,,,
IN001450,7880336,CT0010046293,SHA1004,1,3286535,3286535,HARPIC POWERPLUS 100ML,OU,S,CA,6,0,1552,43.11,258.66,93.12,15.52,0,0,15.52,243.14,0,38.9,282.04,SOSHA1004000246,Invoice,Invoiced,21/03/2025,,,,,,,,,,,,,,6,Picked,DTR Van-D,,,,,,,,
IN001451,7880336,CT0010046280,SHA1004,1,3286535,3286535,HARPIC POWERPLUS 100ML,OU,S,CA,6,0,1552,43.11,258.66,93.12,15.52,0,0,15.52,243.14,0,38.9,282.04,SOSHA1004000247,Invoice,Invoiced,21/03/2025,,,,,,,,,,,,,,6,Picked,DTR Van-D,,,,,,,,
IN001462,7880336,CT0010046320,SHA1004,3,3286535,3286535,HARPIC POWERPLUS 100ML,OU,S,CA,6,0,1552,43.11,258.66,93.12,15.52,0,0,15.52,243.14,0,38.9,282.04,SOSHA1004000259,Invoice,Invoiced,21/03/2025,,,,,,,,,,,,,,6,Picked,DTR Van-D,,,,,,,,
IN001463,7880336,CT0010046319,SHA1004,2,3286535,3286535,HARPIC POWERPLUS 100ML,OU,S,CA,6,0,1552,43.11,258.66,93.12,15.52,0,0,15.52,243.14,0,38.9,282.04,SOSHA1004000260,Invoice,Invoiced,21/03/2025,,,,,,,,,,,,,,6,Picked,DTR Van-D,,,,,,,,
IN001471,7880336,CT0010046724,SHA1005,1,3286535,3286535,HARPIC POWERPLUS 100ML,OU,S,CA,6,0,1552,43.11,258.66,93.12,15.52,0,0,15.52,243.14,0,38.9,282.04,SOSHA1005000200,Invoice,Invoiced,21/03/2025,,,,,,,,,,,,,,6,Picked,DTR Van-D,,,,,,,,
IN001474,7880336,CT0010054702,SHA1005,2,3286535,3286535,HARPIC POWERPLUS 100ML,OU,S,CA,6,0,1552,43.11,258.66,93.12,15.52,0,0,15.52,243.14,0,38.9,282.04,SOSHA1005000206,Invoice,Invoiced,21/03/2025,,,,,,,,,,,,,,6,Picked,DTR Van-D,,,,,,,,
IN001481,7880336,CT0010054706,SHA1005,3,3286535,3286535,HARPIC POWERPLUS 100ML,OU,S,CA,6,0,1552,43.11,258.66,93.12,15.52,0,0,15.52,243.14,0,38.9,282.04,SOSHA1005000209,Invoice,Invoiced,21/03/2025,,,,,,,,,,,,,,6,Picked,DTR Van-D,,,,,,,,
IN000215,7880336,CT0010043379,SHA1001,2,238167,0238167,Jik Bleach Regular 70Ml *144,OU,S,CA,12,0,3218.39,22.35,268.2,289.68,24.14,0,0,24.14,244.06,0,39.05,283.11,SOSHA1001000028,Invoice,Invoiced,05/03/2025,,,,,,,,,,,,,,12,Picked,DTR Van-D,,,,,,,,
IN000218,7880336,CT0010043301,SHA1001,2,238167,0238167,Jik Bleach Regular 70Ml *144,OU,S,CA,12,0,3218.39,22.35,268.2,289.68,24.14,0,0,24.14,244.06,0,39.05,283.11,SOSHA1001000033,Invoice,Invoiced,05/03/2025,,,,,,,,,,,,,,12,Picked,DTR Van-D,,,,,,,,
IN000220,7880336,CT0010045044,SHA1002,1,238167,0238167,Jik Bleach Regular 70Ml *144,OU,S,CA,12,0,3218.39,22.35,268.2,289.68,24.14,0,0,24.14,244.06,0,39.05,283.11,SOSHA1002000044,Invoice,Invoiced,05/03/2025,,,,,,,,,,,,,,12,Picked,DTR Van-D,,,,,,,,
IN000222,7880336,CT0010045079,SHA1002,1,238167,0238167,Jik Bleach Regular 70Ml *144,OU,S,CA,12,0,3218.39,22.35,268.2,289.68,24.14,0,0,24.14,244.06,0,39.05,283.11,SOSHA1002000046,Invoice,Invoiced,05/03/2025,,,,,,,,,,,,,,12,Picked,DTR Van-D,,,,,,,,
IN000225,7880336,CT0010045073,SHA1002,1,238167,0238167,Jik Bleach Regular 70Ml *144,OU,S,CA,12,0,3218.39,22.35,268.2,289.68,24.14,0,0,24.14,244.06,0,39.05,283.11,SOSHA1002000049,Invoice,Invoiced,05/03/2025,,,,,,,,,,,,,,12,Picked,DTR Van-D,,,,,,,,
IN000226,7880336,CT0010045023,SHA1002,1,238167,0238167,Jik Bleach Regular 70Ml *144,OU,S,CA,12,0,3218.39,22.35,268.2,289.68,24.14,0,0,24.14,244.06,0,39.05,283.11,SOSHA1002000050,Invoice,Invoiced,05/03/2025,,,,,,,,,,,,,,12,Picked,DTR Van-D,,,,,,,,
IN000228,7880336,CT0010045030,SHA1002,1,238167,0238167,Jik Bleach Regular 70Ml *144,OU,S,CA,12,0,3218.39,22.35,268.2,289.68,24.14,0,0,24.14,244.06,0,39.05,283.11,SOSHA1002000052,Invoice,Invoiced,05/03/2025,,,,,,,,,,,,,,12,Picked,DTR Van-D,,,,,,,,
IN000238,7880336,CT0010044640,SHA1004,1,238167,0238167,Jik Bleach Regular 70Ml *144,OU,S,CA,12,0,3218.39,22.35,268.2,289.68,24.14,0,0,24.14,244.06,0,39.05,283.11,SOSHA1004000028,Invoice,Invoiced,05/03/2025,,,,,,,,,,,,,,12,Picked,DTR Van-D,,,,,,,,
IN000240,7880336,CT0010044653,SHA1004,2,238167,0238167,Jik Bleach Regular 70Ml *144,OU,S,CA,12,0,3218.39,22.35,268.2,289.68,24.14,0,0,24.14,244.06,0,39.05,283.11,SOSHA1004000030,Invoice,Invoiced,05/03/2025,,,,,,,,,,,,,,12,Picked,DTR Van-D,,,,,,,,
IN000253,7880336,CT0010043428,SHA1005,1,238167,0238167,Jik Bleach Regular 70Ml *144,OU,S,CA,12,0,3218.39,22.35,268.2,289.68,24.14,0,0,24.14,244.06,0,39.05,283.11,SOSHA1005000027,Invoice,Invoiced,05/03/2025,,,,,,,,,,,,,,12,Picked,DTR Van-D,,,,,,,,
IN000257,7880336,CT0010043441,SHA1005,2,238167,0238167,Jik Bleach Regular 70Ml *144,OU,S,CA,12,0,3218.39,22.35,268.2,289.68,24.14,0,0,24.14,244.06,0,39.05,283.11,SOSHA1005000023,Invoice,Invoiced,05/03/2025,,,,,,,,,,,,,,12,Picked,DTR Van-D,,,,,,,,
IN000258,7880336,CT0010046200,SHA1006,1,238167,0238167,Jik Bleach Regular 70Ml *144,OU,S,CA,12,0,3218.39,22.35,268.2,289.68,24.14,0,0,24.14,244.06,0,39.05,283.11,SOSHA1006000067,Invoice,Invoiced,05/03/2025,,,,,,,,,,,,,,12,Picked,DTR Van-D,,,,,,,,
IN000266,7880336,CT0010046206,SHA1006,2,238167,0238167,Jik Bleach Regular 70Ml *144,OU,S,CA,12,0,3218.39,22.35,268.2,289.68,24.14,0,0,24.14,244.06,0,39.05,283.11,SOSHA1006000070,Invoice,Invoiced,05/03/2025,,,,,,,,,,,,,,12,Picked,DTR Van-D,,,,,,,,
IN000288,7880336,CT0010047418,SHA1002,1,238167,0238167,Jik Bleach Regular 70Ml *144,OU,S,CA,12,0,3218.39,22.35,268.2,289.68,24.14,0,0,24.14,244.06,0,39.05,283.11,SOSHA1002000060,Invoice,Invoiced,06/03/2025,,,,,,,,,,,,,,12,Picked,DTR Van-D,,,,,,,,
IN000292,7880336,CT0010047432,SHA1002,3,238167,0238167,Jik Bleach Regular 70Ml *144,OU,S,CA,12,0,3218.39,22.35,268.2,289.68,24.14,0,0,24.14,244.06,0,39.05,283.11,SOSHA1002000061,Invoice,Invoiced,06/03/2025,,,,,,,,,,,,,,12,Picked,DTR Van-D,,,,,,,,
IN000298,7880336,CT0010047440,SHA1002,2,238167,0238167,Jik Bleach Regular 70Ml *144,OU,S,CA,12,0,3218.39,22.35,268.2,289.68,24.14,0,0,24.14,244.06,0,39.05,283.11,SOSHA1002000070,Invoice,Invoiced,06/03/2025,,,,,,,,,,,,,,12,Picked,DTR Van-D,,,,,,,,
IN000301,7880336,CT0010047444,SHA1002,1,238167,0238167,Jik Bleach Regular 70Ml *144,OU,S,CA,12,0,3218.39,22.35,268.2,289.68,24.14,0,0,24.14,244.06,0,39.05,283.11,SOSHA1002000073,Invoice,Invoiced,06/03/2025,,,,,,,,,,,,,,12,Picked,DTR Van-D,,,,,,,,
IN000304,7880336,CT0010047445,SHA1002,2,238167,0238167,Jik Bleach Regular 70Ml *144,OU,S,CA,12,0,3218.39,22.35,268.2,289.68,24.14,0,0,24.14,244.06,0,39.05,283.11,SOSHA1002000076,Invoice,Invoiced,06/03/2025,,,,,,,,,,,,,,12,Picked,DTR Van-D,,,,,,,,
IN000305,7880336,CT0010047415,SHA1002,1,238167,0238167,Jik Bleach Regular 70Ml *144,OU,S,CA,12,0,3218.39,22.35,268.2,289.68,24.14,0,0,24.14,244.06,0,39.05,283.11,SOSHA1002000077,Invoice,Invoiced,06/03/2025,,,,,,,,,,,,,,12,Picked,DTR Van-D,,,,,,,,
IN000309,7880336,CT0010047458,SHA1002,1,238167,0238167,Jik Bleach Regular 70Ml *144,OU,S,CA,12,0,3218.39,22.35,268.2,289.68,24.14,0,0,24.14,244.06,0,39.05,283.11,SOSHA1002000081,Invoice,Invoiced,06/03/2025,,,,,,,,,,,,,,12,Picked,DTR Van-D,,,,,,,,
IN000316,7880336,CT0010041539,SHA1003,1,238167,0238167,Jik Bleach Regular 70Ml *144,OU,S,CA,12,0,3218.39,22.35,268.2,289.68,24.14,0,0,24.14,244.06,0,39.05,283.11,SOSHA1003000069,Invoice,Invoiced,06/03/2025,,,,,,,,,,,,,,12,Picked,DTR Van-D,,,,,,,,
IN000317,7880336,CT0010041617,SHA1003,1,238167,0238167,Jik Bleach Regular 70Ml *144,OU,S,CA,12,0,3218.39,22.35,268.2,289.68,24.14,0,0,24.14,244.06,0,39.05,283.11,SOSHA1003000070,Invoice,Invoiced,06/03/2025,,,,,,,,,,,,,,12,Picked,DTR Van-D,,,,,,,,
IN000318,7880336,CT0010041521,SHA1003,1,238167,0238167,Jik Bleach Regular 70Ml *144,OU,S,CA,12,0,3218.39,22.35,268.2,289.68,24.14,0,0,24.14,244.06,0,39.05,283.11,SOSHA1003000072,Invoice,Invoiced,06/03/2025,,,,,,,,,,,,,,12,Picked,DTR Van-D,,,,,,,,
IN000319,7880336,CT0010041616,SHA1003,1,238167,0238167,Jik Bleach Regular 70Ml *144,OU,S,CA,12,0,3218.39,22.35,268.2,289.68,24.14,0,0,24.14,244.06,0,39.05,283.11,SOSHA1003000073,Invoice,Invoiced,06/03/2025,,,,,,,,,,,,,,12,Picked,DTR Van-D,,,,,,,,
IN000321,7880336,CT0010041526,SHA1003,1,238167,0238167,Jik Bleach Regular 70Ml *144,OU,S,CA,12,0,3218.39,22.35,268.2,289.68,24.14,0,0,24.14,244.06,0,39.05,283.11,SOSHA1003000075,Invoice,Invoiced,06/03/2025,,,,,,,,,,,,,,12,Picked,DTR Van-D,,,,,,,,
IN000337,7880336,CT0010044938,SHA1004,1,238167,0238167,Jik Bleach Regular 70Ml *144,OU,S,CA,12,0,3218.39,22.35,268.2,289.68,24.14,0,0,24.14,244.06,0,39.05,283.11,SOSHA1004000044,Invoice,Invoiced,06/03/2025,,,,,,,,,,,,,,12,Picked,DTR Van-D,,,,,,,,
IN000342,7880336,CT0010044956,SHA1004,1,238167,0238167,Jik Bleach Regular 70Ml *144,OU,S,CA,12,0,3218.39,22.35,268.2,289.68,24.14,0,0,24.14,244.06,0,39.05,283.11,SOSHA1004000050,Invoice,Invoiced,06/03/2025,,,,,,,,,,,,,,12,Picked,DTR Van-D,,,,,,,,
IN000343,7880336,CT0010044946,SHA1004,1,238167,0238167,Jik Bleach Regular 70Ml *144,OU,S,CA,12,0,3218.39,22.35,268.2,289.68,24.14,0,0,24.14,244.06,0,39.05,283.11,SOSHA1004000051,Invoice,Invoiced,06/03/2025,,,,,,,,,,,,,,12,Picked,DTR Van-D,,,,,,,,
IN000369,7880336,CT0010043511,SHA1006,1,238167,0238167,Jik Bleach Regular 70Ml *144,OU,S,CA,12,0,3218.39,22.35,268.2,289.68,24.14,0,0,24.14,244.06,0,39.05,283.11,SOSHA1006000099,Invoice,Invoiced,06/03/2025,,,,,,,,,,,,,,12,Picked,DTR Van-D,,,,,,,,
IN000372,7880336,CT0010046960,SHA1007,2,238167,0238167,Jik Bleach Regular 70Ml *144,OU,S,CA,12,0,3218.39,22.35,268.2,289.68,24.14,0,0,24.14,244.06,0,39.05,283.11,SOSHA1007000045,Invoice,Invoiced,06/03/2025,,,,,,,,,,,,,,12,Picked,DTR Van-D,,,,,,,,
IN000378,7880336,CT0010046627,SHA1007,1,238167,0238167,Jik Bleach Regular 70Ml *144,OU,S,CA,12,0,3218.39,22.35,268.2,289.68,24.14,0,0,24.14,244.06,0,39.05,283.11,SOSHA1007000051,Invoice,Invoiced,06/03/2025,,,,,,,,,,,,,,12,Picked,DTR Van-D,,,,,,,,
IN000386,7880336,CT0010046770,SHA1001,1,238167,0238167,Jik Bleach Regular 70Ml *144,OU,S,CA,12,0,3218.39,22.35,268.2,289.68,24.14,0,0,24.14,244.06,0,39.05,283.11,SOSHA1001000058,Invoice,Invoiced,06/03/2025,,,,,,,,,,,,,,12,Picked,DTR Van-D,,,,,,,,
IN000393,7880336,CT0010046673,SHA1001,1,238167,0238167,Jik Bleach Regular 70Ml *144,OU,S,CA,12,0,3218.39,22.35,268.2,289.68,24.14,0,0,24.14,244.06,0,39.05,283.11,SOSHA1001000066,Invoice,Invoiced,06/03/2025,,,,,,,,,,,,,,12,Picked,DTR Van-D,,,,,,,,
IN000396,7880336,CT0010046674,SHA1001,1,238167,0238167,Jik Bleach Regular 70Ml *144,OU,S,CA,12,0,3218.39,22.35,268.2,289.68,24.14,0,0,24.14,244.06,0,39.05,283.11,SOSHA1001000072,Invoice,Invoiced,06/03/2025,,,,,,,,,,,,,,12,Picked,DTR Van-D,,,,,,,,
IN000397,7880336,CT0010046667,SHA1001,1,238167,0238167,Jik Bleach Regular 70Ml *144,OU,S,CA,12,0,3218.39,22.35,268.2,289.68,24.14,0,0,24.14,244.06,0,39.05,283.11,SOSHA1001000073,Invoice,Invoiced,06/03/2025,,,,,,,,,,,,,,12,Picked,DTR Van-D,,,,,,,,
IN000398,7880336,CT0010046669,SHA1001,1,238167,0238167,Jik Bleach Regular 70Ml *144,OU,S,CA,12,0,3218.39,22.35,268.2,289.68,24.14,0,0,24.14,244.06,0,39.05,283.11,SOSHA1001000074,Invoice,Invoiced,06/03/2025,,,,,,,,,,,,,,12,Picked,DTR Van-D,,,,,,,,
IN000399,7880336,CT0010046777,SHA1001,1,238167,0238167,Jik Bleach Regular 70Ml *144,OU,S,CA,12,0,3218.39,22.35,268.2,289.68,24.14,0,0,24.14,244.06,0,39.05,283.11,SOSHA1001000075,Invoice,Invoiced,06/03/2025,,,,,,,,,,,,,,12,Picked,DTR Van-D,,,,,,,,
IN000409,7880336,CT0010047048,SHA1002,2,238167,0238167,Jik Bleach Regular 70Ml *144,OU,S,CA,12,0,3218.39,22.35,268.2,289.68,24.14,0,0,24.14,244.06,0,39.05,283.11,SOSHA1002000095,Invoice,Invoiced,06/03/2025,,,,,,,,,,,,,,12,Picked,DTR Van-D,,,,,,,,
IN000411,7880336,CT0010047005,SHA1002,2,238167,0238167,Jik Bleach Regular 70Ml *144,OU,S,CA,12,0,3218.39,22.35,268.2,289.68,24.14,0,0,24.14,244.06,0,39.05,283.11,SOSHA1002000097,Invoice,Invoiced,06/03/2025,,,,,,,,,,,,,,12,Picked,DTR Van-D,,,,,,,,
IN000419,7880336,CT0010042448,SHA1003,1,238167,0238167,Jik Bleach Regular 70Ml *144,OU,S,CA,12,0,3218.39,22.35,268.2,289.68,24.14,0,0,24.14,244.06,0,39.05,283.11,SOSHA1003000085,Invoice,Invoiced,06/03/2025,,,,,,,,,,,,,,12,Picked,DTR Van-D,,,,,,,,
IN000420,7880336,CT0010041859,SHA1003,1,238167,0238167,Jik Bleach Regular 70Ml *144,OU,S,CA,12,0,3218.39,22.35,268.2,289.68,24.14,0,0,24.14,244.06,0,39.05,283.11,SOSHA1003000086,Invoice,Invoiced,06/03/2025,,,,,,,,,,,,,,12,Picked,DTR Van-D,,,,,,,,
IN000422,7880336,CT0010046243,SHA1004,1,238167,0238167,Jik Bleach Regular 70Ml *144,OU,S,CA,12,0,3218.39,22.35,268.2,289.68,24.14,0,0,24.14,244.06,0,39.05,283.11,SOSHA1004000055,Invoice,Invoiced,06/03/2025,,,,,,,,,,,,,,12,Picked,DTR Van-D,,,,,,,,
IN000423,7880336,CT0010045831,SHA1004,1,238167,0238167,Jik Bleach Regular 70Ml *144,OU,S,CA,12,0,3218.39,22.35,268.2,289.68,24.14,0,0,24.14,244.06,0,39.05,283.11,SOSHA1004000056,Invoice,Invoiced,06/03/2025,,,,,,,,,,,,,,12,Picked,DTR Van-D,,,,,,,,
IN000425,7880336,CT0010046322,SHA1004,1,238167,0238167,Jik Bleach Regular 70Ml *144,OU,S,CA,12,0,3218.39,22.35,268.2,289.68,24.14,0,0,24.14,244.06,0,39.05,283.11,SOSHA1004000060,Invoice,Invoiced,06/03/2025,,,,,,,,,,,,,,12,Picked,DTR Van-D,,,,,,,,
IN000447,7880336,CT0010047480,SHA1005,1,238167,0238167,Jik Bleach Regular 70Ml *144,OU,S,CA,12,0,3218.39,22.35,268.2,289.68,24.14,0,0,24.14,244.06,0,39.05,283.11,SOSHA1005000043,Invoice,Invoiced,06/03/2025,,,,,,,,,,,,,,12,Picked,DTR Van-D,,,,,,,,
IN000481,7880336,CT0010047230,SHA1007,1,238167,0238167,Jik Bleach Regular 70Ml *144,OU,S,CA,12,0,3218.39,22.35,268.2,289.68,24.14,0,0,24.14,244.06,0,39.05,283.11,SOSHA1007000064,Invoice,Invoiced,06/03/2025,,,,,,,,,,,,,,12,Picked,DTR Van-D,,,,,,,,
IN000484,7880336,CT0010047145,SHA1007,1,238167,0238167,Jik Bleach Regular 70Ml *144,OU,S,CA,12,0,3218.39,22.35,268.2,289.68,24.14,0,0,24.14,244.06,0,39.05,283.11,SOSHA1007000067,Invoice,Invoiced,06/03/2025,,,,,,,,,,,,,,12,Picked,DTR Van-D,,,,,,,,
IN000496,7880336,CT0010046883,SHA1007,1,238167,0238167,Jik Bleach Regular 70Ml *144,OU,S,CA,12,0,3218.39,22.35,268.2,289.68,24.14,0,0,24.14,244.06,0,39.05,283.11,SOSHA1007000079,Invoice,Invoiced,06/03/2025,,,,,,,,,,,,,,12,Picked,DTR Van-D,,,,,,,,
IN000513,7880336,CT0010045003,SHA1002,1,238167,0238167,Jik Bleach Regular 70Ml *144,OU,S,CA,12,0,3218.39,22.35,268.2,289.68,24.14,0,0,24.14,244.06,0,39.05,283.11,SOSHA1002000099,Invoice,Invoiced,08/03/2025,,,,,,,,,,,,,,12,Picked,DTR Van-D,,,,,,,,
IN000514,7880336,CT0010045000,SHA1002,1,238167,0238167,Jik Bleach Regular 70Ml *144,OU,S,CA,12,0,3218.39,22.35,268.2,289.68,24.14,0,0,24.14,244.06,0,39.05,283.11,SOSHA1002000100,Invoice,Invoiced,08/03/2025,,,,,,,,,,,,,,12,Picked,DTR Van-D,,,,,,,,
IN000523,7880336,CT0010044975,SHA1002,2,238167,0238167,Jik Bleach Regular 70Ml *144,OU,S,CA,12,0,3218.39,22.35,268.2,289.68,24.14,0,0,24.14,244.06,0,39.05,283.11,SOSHA1002000109,Invoice,Invoiced,08/03/2025,,,,,,,,,,,,,,12,Picked,DTR Van-D,,,,,,,,
IN000528,7880336,CT0010041895,SHA1003,2,238167,0238167,Jik Bleach Regular 70Ml *144,OU,S,CA,12,0,3218.39,22.35,268.2,289.68,24.14,0,0,24.14,244.06,0,39.05,283.11,SOSHA1003000094,Invoice,Invoiced,08/03/2025,,,,,,,,,,,,,,12,Picked,DTR Van-D,,,,,,,,
IN000529,7880336,CT0010041891,SHA1003,1,238167,0238167,Jik Bleach Regular 70Ml *144,OU,S,CA,12,0,3218.39,22.35,268.2,289.68,24.14,0,0,24.14,244.06,0,39.05,283.11,SOSHA1003000095,Invoice,Invoiced,08/03/2025,,,,,,,,,,,,,,12,Picked,DTR Van-D,,,,,,,,
IN000531,7880336,CT0010041894,SHA1003,1,238167,0238167,Jik Bleach Regular 70Ml *144,OU,S,CA,12,0,3218.39,22.35,268.2,289.68,24.14,0,0,24.14,244.06,0,39.05,283.11,SOSHA1003000097,Invoice,Invoiced,08/03/2025,,,,,,,,,,,,,,12,Picked,DTR Van-D,,,,,,,,
IN000534,7880336,CT0010043850,SHA1003,3,238167,0238167,Jik Bleach Regular 70Ml *144,OU,S,CA,12,0,3218.39,22.35,268.2,289.68,24.14,0,0,24.14,244.06,0,39.05,283.11,SOSHA1003000100,Invoice,Invoiced,08/03/2025,,,,,,,,,,,,,,12,Picked,DTR Van-D,,,,,,,,
IN000535,7880336,CT0010043893,SHA1003,1,238167,0238167,Jik Bleach Regular 70Ml *144,OU,S,CA,12,0,3218.39,22.35,268.2,289.68,24.14,0,0,24.14,244.06,0,39.05,283.11,SOSHA1003000101,Invoice,Invoiced,08/03/2025,,,,,,,,,,,,,,12,Picked,DTR Van-D,,,,,,,,
IN000538,7880336,CT0010041893,SHA1003,1,238167,0238167,Jik Bleach Regular 70Ml *144,OU,S,CA,12,0,3218.39,22.35,268.2,289.68,24.14,0,0,24.14,244.06,0,39.05,283.11,SOSHA1003000104,Invoice,Invoiced,08/03/2025,,,,,,,,,,,,,,12,Picked,DTR Van-D,,,,,,,,
IN000540,7880336,CT0010044349,SHA1004,2,238167,0238167,Jik Bleach Regular 70Ml *144,OU,S,CA,12,0,3218.39,22.35,268.2,289.68,24.14,0,0,24.14,244.06,0,39.05,283.11,SOSHA1004000075,Invoice,Invoiced,08/03/2025,,,,,,,,,,,,,,12,Picked,DTR Van-D,,,,,,,,
IN000541,7880336,CT0010044336,SHA1004,2,238167,0238167,Jik Bleach Regular 70Ml *144,OU,S,CA,12,0,3218.39,22.35,268.2,289.68,24.14,0,0,24.14,244.06,0,39.05,283.11,SOSHA1004000077,Invoice,Invoiced,08/03/2025,,,,,,,,,,,,,,12,Picked,DTR Van-D,,,,,,,,
IN000550,7880336,CT0010045969,SHA1004,1,238167,0238167,Jik Bleach Regular 70Ml *144,OU,S,CA,12,0,3218.39,22.35,268.2,289.68,24.14,0,0,24.14,244.06,0,39.05,283.11,SOSHA1004000084,Invoice,Invoiced,08/03/2025,,,,,,,,,,,,,,12,Picked,DTR Van-D,,,,,,,,
IN000551,7880336,CT0010045240,SHA1005,1,238167,0238167,Jik Bleach Regular 70Ml *144,OU,S,CA,12,0,3218.39,22.35,268.2,289.68,24.14,0,0,24.14,244.06,0,39.05,283.11,SOSHA1005000058,Invoice,Invoiced,08/03/2025,,,,,,,,,,,,,,12,Picked,DTR Van-D,,,,,,,,
IN000552,7880336,CT0010045326,SHA1005,1,238167,0238167,Jik Bleach Regular 70Ml *144,OU,S,CA,12,0,3218.39,22.35,268.2,289.68,24.14,0,0,24.14,244.06,0,39.05,283.11,SOSHA1005000059,Invoice,Invoiced,08/03/2025,,,,,,,,,,,,,,12,Picked,DTR Van-D,,,,,,,,
IN000553,7880336,CT0010045312,SHA1005,1,238167,0238167,Jik Bleach Regular 70Ml *144,OU,S,CA,12,0,3218.39,22.35,268.2,289.68,24.14,0,0,24.14,244.06,0,39.05,283.11,SOSHA1005000060,Invoice,Invoiced,08/03/2025,,,,,,,,,,,,,,12,Picked,DTR Van-D,,,,,,,,
IN000554,7880336,CT0010045303,SHA1005,1,238167,0238167,Jik Bleach Regular 70Ml *144,OU,S,CA,12,0,3218.39,22.35,268.2,289.68,24.14,0,0,24.14,244.06,0,39.05,283.11,SOSHA1005000061,Invoice,Invoiced,08/03/2025,,,,,,,,,,,,,,12,Picked,DTR Van-D,,,,,,,,
IN000557,7880336,CT0010045265,SHA1005,1,238167,0238167,Jik Bleach Regular 70Ml *144,OU,S,CA,12,0,3218.39,22.35,268.2,289.68,24.14,0,0,24.14,244.06,0,39.05,283.11,SOSHA1005000064,Invoice,Invoiced,08/03/2025,,,,,,,,,,,,,,12,Picked,DTR Van-D,,,,,,,,
IN000597,7880336,CT0010044984,SHA1002,1,238167,0238167,Jik Bleach Regular 70Ml *144,OU,S,CA,12,0,3218.39,22.35,268.2,289.68,24.14,0,0,24.14,244.06,0,39.05,283.11,SOSHA1002000113,Invoice,Invoiced,08/03/2025,,,,,,,,,,,,,,12,Picked,DTR Van-D,,,,,,,,
IN000603,7880336,CT0010044099,SHA1001,1,238167,0238167,Jik Bleach Regular 70Ml *144,OU,S,CA,12,0,3218.39,22.35,268.2,289.68,24.14,0,0,24.14,244.06,0,39.05,283.11,SOSHA1001000096,Invoice,Invoiced,10/03/2025,,,,,,,,,,,,,,12,Picked,DTR Van-D,,,,,,,,
IN000613,7880336,CT0010046001,SHA1002,1,238167,0238167,Jik Bleach Regular 70Ml *144,OU,S,CA,12,0,3218.39,22.35,268.2,289.68,24.14,0,0,24.14,244.06,0,39.05,283.11,SOSHA1002000115,Invoice,Invoiced,10/03/2025,,,,,,,,,,,,,,12,Picked,DTR Van-D,,,,,,,,
IN000616,7880336,CT0010046029,SHA1002,1,238167,0238167,Jik Bleach Regular 70Ml *144,OU,S,CA,12,0,3218.39,22.35,268.2,289.68,24.14,0,0,24.14,244.06,0,39.05,283.11,SOSHA1002000118,Invoice,Invoiced,10/03/2025,,,,,,,,,,,,,,12,Picked,DTR Van-D,,,,,,,,
IN000623,7880336,CT0010046036,SHA1002,1,238167,0238167,Jik Bleach Regular 70Ml *144,OU,S,CA,12,0,3218.39,22.35,268.2,289.68,24.14,0,0,24.14,244.06,0,39.05,283.11,SOSHA1002000127,Invoice,Invoiced,10/03/2025,,,,,,,,,,,,,,12,Picked,DTR Van-D,,,,,,,,
IN000632,7880336,CT0010041706,SHA1003,1,238167,0238167,Jik Bleach Regular 70Ml *144,OU,S,CA,12,0,3218.39,22.35,268.2,289.68,24.14,0,0,24.14,244.06,0,39.05,283.11,SOSHA1003000107,Invoice,Invoiced,10/03/2025,,,,,,,,,,,,,,12,Picked,DTR Van-D,,,,,,,,
IN000643,7880336,CT0010045560,SHA1004,1,238167,0238167,Jik Bleach Regular 70Ml *144,OU,S,CA,12,0,3218.39,22.35,268.2,289.68,24.14,0,0,24.14,244.06,0,39.05,283.11,SOSHA1004000088,Invoice,Invoiced,10/03/2025,,,,,,,,,,,,,,12,Picked,DTR Van-D,,,,,,,,
IN000646,7880336,CT0010045521,SHA1004,1,238167,0238167,Jik Bleach Regular 70Ml *144,OU,S,CA,12,0,3218.39,22.35,268.2,289.68,24.14,0,0,24.14,244.06,0,39.05,283.11,SOSHA1004000091,Invoice,Invoiced,10/03/2025,,,,,,,,,,,,,,12,Picked,DTR Van-D,,,,,,,,
IN000651,7880336,CT0010045634,SHA1004,2,238167,0238167,Jik Bleach Regular 70Ml *144,OU,S,CA,12,0,3218.39,22.35,268.2,289.68,24.14,0,0,24.14,244.06,0,39.05,283.11,SOSHA1004000096,Invoice,Invoiced,10/03/2025,,,,,,,,,,,,,,12,Picked,DTR Van-D,,,,,,,,
IN000654,7880336,CT0010045537,SHA1004,1,238167,0238167,Jik Bleach Regular 70Ml *144,OU,S,CA,12,0,3218.39,22.35,268.2,289.68,24.14,0,0,24.14,244.06,0,39.05,283.11,SOSHA1004000099,Invoice,Invoiced,10/03/2025,,,,,,,,,,,,,,12,Picked,DTR Van-D,,,,,,,,
IN000655,7880336,CT0010045633,SHA1004,1,238167,0238167,Jik Bleach Regular 70Ml *144,OU,S,CA,12,0,3218.39,22.35,268.2,289.68,24.14,0,0,24.14,244.06,0,39.05,283.11,SOSHA1004000100,Invoice,Invoiced,10/03/2025,,,,,,,,,,,,,,12,Picked,DTR Van-D,,,,,,,,
IN000676,7880336,CT0010042501,SHA1006,2,238167,0238167,Jik Bleach Regular 70Ml *144,OU,S,CA,12,0,3218.39,22.35,268.2,289.68,24.14,0,0,24.14,244.06,0,39.05,283.11,SOSHA1006000131,Invoice,Invoiced,10/03/2025,,,,,,,,,,,,,,12,Picked,DTR Van-D,,,,,,,,
IN000689,7880336,CT0010044353,SHA1007,1,238167,0238167,Jik Bleach Regular 70Ml *144,OU,S,CA,12,0,3218.39,22.35,268.2,289.68,24.14,0,0,24.14,244.06,0,39.05,283.11,SOSHA1007000110,Invoice,Invoiced,10/03/2025,,,,,,,,,,,,,,12,Picked,DTR Van-D,,,,,,,,
IN000691,7880336,CT0010041500,SHA1007,1,238167,0238167,Jik Bleach Regular 70Ml *144,OU,S,CA,12,0,3218.39,22.35,268.2,289.68,24.14,0,0,24.14,244.06,0,39.05,283.11,SOSHA1007000112,Invoice,Invoiced,10/03/2025,,,,,,,,,,,,,,12,Picked,DTR Van-D,,,,,,,,
IN000697,7880336,CT0010044395,SHA1007,1,238167,0238167,Jik Bleach Regular 70Ml *144,OU,S,CA,12,0,3218.39,22.35,268.2,289.68,24.14,0,0,24.14,244.06,0,39.05,283.11,SOSHA1007000101,Invoice,Invoiced,10/03/2025,,,,,,,,,,,,,,12,Picked,DTR Van-D,,,,,,,,
IN000719,7880336,CT0010042970,SHA1001,2,238167,0238167,Jik Bleach Regular 70Ml *144,OU,S,CA,12,0,3218.39,22.35,268.2,289.68,24.14,0,0,24.14,244.06,0,39.05,283.11,SOSHA1001000124,Invoice,Invoiced,11/03/2025,,,,,,,,,,,,,,12,Picked,DTR Van-D,,,,,,,,
IN000731,7880336,CT0010045166,SHA1002,2,238167,0238167,Jik Bleach Regular 70Ml *144,OU,S,CA,12,0,3218.39,22.35,268.2,289.68,24.14,0,0,24.14,244.06,0,39.05,283.11,SOSHA1002000136,Invoice,Invoiced,11/03/2025,,,,,,,,,,,,,,12,Picked,DTR Van-D,,,,,,,,
IN000733,7880336,CT0010043719,SHA1003,1,238167,0238167,Jik Bleach Regular 70Ml *144,OU,S,CA,12,0,3218.39,22.35,268.2,289.68,24.14,0,0,24.14,244.06,0,39.05,283.11,SOSHA1003000121,Invoice,Invoiced,11/03/2025,,,,,,,,,,,,,,12,Picked,DTR Van-D,,,,,,,,
IN000736,7880336,CT0010043751,SHA1003,1,238167,0238167,Jik Bleach Regular 70Ml *144,OU,S,CA,12,0,3218.39,22.35,268.2,289.68,24.14,0,0,24.14,244.06,0,39.05,283.11,SOSHA1003000124,Invoice,Invoiced,11/03/2025,,,,,,,,,,,,,,12,Picked,DTR Van-D,,,,,,,,
IN000740,7880336,CT0010042942,SHA1001,8,238167,0238167,Jik Bleach Regular 70Ml *144,OU,S,CA,12,0,3218.39,22.35,268.2,289.68,24.14,0,0,24.14,244.06,0,39.05,283.11,SOSHA1001000132,Invoice,Invoiced,11/03/2025,,,,,,,,,,,,,,12,Picked,DTR Van-D,,,,,,,,
IN000741,7880336,CT0010043734,SHA1003,1,238167,0238167,Jik Bleach Regular 70Ml *144,OU,S,CA,12,0,3218.39,22.35,268.2,289.68,24.14,0,0,24.14,244.06,0,39.05,283.11,SOSHA1003000126,Invoice,Invoiced,11/03/2025,,,,,,,,,,,,,,12,Picked,DTR Van-D,,,,,,,,
IN000743,7880336,CT0010043750,SHA1003,2,238167,0238167,Jik Bleach Regular 70Ml *144,OU,S,CA,12,0,3218.39,22.35,268.2,289.68,24.14,0,0,24.14,244.06,0,39.05,283.11,SOSHA1003000128,Invoice,Invoiced,11/03/2025,,,,,,,,,,,,,,12,Picked,DTR Van-D,,,,,,,,
IN000744,7880336,CT0010043722,SHA1003,1,238167,0238167,Jik Bleach Regular 70Ml *144,OU,S,CA,12,0,3218.39,22.35,268.2,289.68,24.14,0,0,24.14,244.06,0,39.05,283.11,SOSHA1003000129,Invoice,Invoiced,11/03/2025,,,,,,,,,,,,,,12,Picked,DTR Van-D,,,,,,,,
IN000759,7880336,CT0010045496,SHA1004,2,238167,0238167,Jik Bleach Regular 70Ml *144,OU,S,CA,12,0,3218.39,22.35,268.2,289.68,24.14,0,0,24.14,244.06,0,39.05,283.11,SOSHA1004000114,Invoice,Invoiced,11/03/2025,,,,,,,,,,,,,,12,Picked,DTR Van-D,,,,,,,,
IN000760,7880336,CT0010045471,SHA1005,1,238167,0238167,Jik Bleach Regular 70Ml *144,OU,S,CA,12,0,3218.39,22.35,268.2,289.68,24.14,0,0,24.14,244.06,0,39.05,283.11,SOSHA1005000089,Invoice,Invoiced,11/03/2025,,,,,,,,,,,,,,12,Picked,DTR Van-D,,,,,,,,
IN000761,7880336,CT0010045500,SHA1005,1,238167,0238167,Jik Bleach Regular 70Ml *144,OU,S,CA,12,0,3218.39,22.35,268.2,289.68,24.14,0,0,24.14,244.06,0,39.05,283.11,SOSHA1005000091,Invoice,Invoiced,11/03/2025,,,,,,,,,,,,,,12,Picked,DTR Van-D,,,,,,,,
IN000766,7880336,CT0010045508,SHA1005,1,238167,0238167,Jik Bleach Regular 70Ml *144,OU,S,CA,12,0,3218.39,22.35,268.2,289.68,24.14,0,0,24.14,244.06,0,39.05,283.11,SOSHA1005000096,Invoice,Invoiced,11/03/2025,,,,,,,,,,,,,,12,Picked,DTR Van-D,,,,,,,,
IN000767,7880336,CT0010051466,SHA1005,1,238167,0238167,Jik Bleach Regular 70Ml *144,OU,S,CA,12,0,3218.39,22.35,268.2,289.68,24.14,0,0,24.14,244.06,0,39.05,283.11,SOSHA1005000097,Invoice,Invoiced,11/03/2025,,,,,,,,,,,,,,12,Picked,DTR Van-D,,,,,,,,
IN000780,7880336,CT0010044776,SHA1007,1,238167,0238167,Jik Bleach Regular 70Ml *144,OU,S,CA,12,0,3218.39,22.35,268.2,289.68,24.14,0,0,24.14,244.06,0,39.05,283.11,SOSHA1007000125,Invoice,Invoiced,11/03/2025,,,,,,,,,,,,,,12,Picked,DTR Van-D,,,,,,,,
IN000781,7880336,CT0010044850,SHA1007,2,238167,0238167,Jik Bleach Regular 70Ml *144,OU,S,CA,12,0,3218.39,22.35,268.2,289.68,24.14,0,0,24.14,244.06,0,39.05,283.11,SOSHA1007000126,Invoice,Invoiced,11/03/2025,,,,,,,,,,,,,,12,Picked,DTR Van-D,,,,,,,,
IN000784,7880336,CT0010044859,SHA1007,1,238167,0238167,Jik Bleach Regular 70Ml *144,OU,S,CA,12,0,3218.39,22.35,268.2,289.68,24.14,0,0,24.14,244.06,0,39.05,283.11,SOSHA1007000131,Invoice,Invoiced,11/03/2025,,,,,,,,,,,,,,12,Picked,DTR Van-D,,,,,,,,
IN000790,7880336,CT0010043716,SHA1003,1,238167,0238167,Jik Bleach Regular 70Ml *144,OU,S,CA,12,0,3218.39,22.35,268.2,289.68,24.14,0,0,24.14,244.06,0,39.05,283.11,SOSHA1003000133,Invoice,Invoiced,11/03/2025,,,,,,,,,,,,,,12,Picked,DTR Van-D,,,,,,,,
IN000791,7880336,CT0010043723,SHA1003,1,238167,0238167,Jik Bleach Regular 70Ml *144,OU,S,CA,12,0,3218.39,22.35,268.2,289.68,24.14,0,0,24.14,244.06,0,39.05,283.11,SOSHA1003000134,Invoice,Invoiced,11/03/2025,,,,,,,,,,,,,,12,Picked,DTR Van-D,,,,,,,,
IN000792,7880336,CT0010043737,SHA1003,1,238167,0238167,Jik Bleach Regular 70Ml *144,OU,S,CA,12,0,3218.39,22.35,268.2,289.68,24.14,0,0,24.14,244.06,0,39.05,283.11,SOSHA1003000135,Invoice,Invoiced,11/03/2025,,,,,,,,,,,,,,12,Picked,DTR Van-D,,,,,,,,
IN000797,7880336,CT0010054253,SHA1006,2,238167,0238167,Jik Bleach Regular 70Ml *144,OU,S,CA,12,0,3218.39,22.35,268.2,289.68,24.14,0,0,24.14,244.06,0,39.05,283.11,SOSHA1006000144,Invoice,Invoiced,12/03/2025,,,,,,,,,,,,,,12,Picked,DTR Van-D,,,,,,,,
IN000798,7880336,CT0010054280,SHA1006,1,238167,0238167,Jik Bleach Regular 70Ml *144,OU,S,CA,12,0,3218.39,22.35,268.2,289.68,24.14,0,0,24.14,244.06,0,39.05,283.11,SOSHA1006000145,Invoice,Invoiced,12/03/2025,,,,,,,,,,,,,,12,Picked,DTR Van-D,,,,,,,,
IN000799,7880336,CT0010054281,SHA1006,1,238167,0238167,Jik Bleach Regular 70Ml *144,OU,S,CA,12,0,3218.39,22.35,268.2,289.68,24.14,0,0,24.14,244.06,0,39.05,283.11,SOSHA1006000146,Invoice,Invoiced,12/03/2025,,,,,,,,,,,,,,12,Picked,DTR Van-D,,,,,,,,
IN000805,7880336,CT0010054328,SHA1006,3,238167,0238167,Jik Bleach Regular 70Ml *144,OU,S,CA,12,0,3218.39,22.35,268.2,289.68,24.14,0,0,24.14,244.06,0,39.05,283.11,SOSHA1006000155,Invoice,Invoiced,12/03/2025,,,,,,,,,,,,,,12,Picked,DTR Van-D,,,,,,,,
IN000818,7880336,CT0010044315,SHA1001,2,238167,0238167,Jik Bleach Regular 70Ml *144,OU,S,CA,12,0,3218.39,22.35,268.2,289.68,24.14,0,0,24.14,244.06,0,39.05,283.11,SOSHA1001000143,Invoice,Invoiced,12/03/2025,,,,,,,,,,,,,,12,Picked,DTR Van-D,,,,,,,,
IN000822,7880336,CT0010050994,SHA1001,2,238167,0238167,Jik Bleach Regular 70Ml *144,OU,S,CA,12,0,3218.39,22.35,268.2,289.68,24.14,0,0,24.14,244.06,0,39.05,283.11,SOSHA1001000147,Invoice,Invoiced,12/03/2025,,,,,,,,,,,,,,12,Picked,DTR Van-D,,,,,,,,
IN000826,7880336,CT0010054351,SHA1002,1,238167,0238167,Jik Bleach Regular 70Ml *144,OU,S,CA,12,0,3218.39,22.35,268.2,289.68,24.14,0,0,24.14,244.06,0,39.05,283.11,SOSHA1002000142,Invoice,Invoiced,12/03/2025,,,,,,,,,,,,,,12,Picked,DTR Van-D,,,,,,,,
IN000831,7880336,CT0010054359,SHA1004,2,238167,0238167,Jik Bleach Regular 70Ml *144,OU,S,CA,12,0,3218.39,22.35,268.2,289.68,24.14,0,0,24.14,244.06,0,39.05,283.11,SOSHA1004000127,Invoice,Invoiced,12/03/2025,,,,,,,,,,,,,,12,Picked,DTR Van-A,,,,,,,,
IN000835,7880336,CT0010042667,SHA1004,1,238167,0238167,Jik Bleach Regular 70Ml *144,OU,S,CA,12,0,3218.39,22.35,268.2,289.68,24.14,0,0,24.14,244.06,0,39.05,283.11,SOSHA1004000134,Invoice,Invoiced,12/03/2025,,,,,,,,,,,,,,12,Picked,DTR Van-D,,,,,,,,
IN000836,7880336,CT0010043007,SHA1004,1,238167,0238167,Jik Bleach Regular 70Ml *144,OU,S,CA,12,0,3218.39,22.35,268.2,289.68,24.14,0,0,24.14,244.06,0,39.05,283.11,SOSHA1004000135,Invoice,Invoiced,12/03/2025,,,,,,,,,,,,,,12,Picked,DTR Van-D,,,,,,,,
IN000841,7880336,CT0010043607,SHA1005,1,238167,0238167,Jik Bleach Regular 70Ml *144,OU,S,CA,12,0,3218.39,22.35,268.2,289.68,24.14,0,0,24.14,244.06,0,39.05,283.11,SOSHA1005000102,Invoice,Invoiced,12/03/2025,,,,,,,,,,,,,,12,Picked,DTR Van-D,,,,,,,,
IN000842,7880336,CT0010054341,SHA1005,2,238167,0238167,Jik Bleach Regular 70Ml *144,OU,S,CA,12,0,3218.39,22.35,268.2,289.68,24.14,0,0,24.14,244.06,0,39.05,283.11,SOSHA1005000103,Invoice,Invoiced,12/03/2025,,,,,,,,,,,,,,12,Picked,DTR Van-D,,,,,,,,
IN000844,7880336,CT0010044755,SHA1005,1,238167,0238167,Jik Bleach Regular 70Ml *144,OU,S,CA,12,0,3218.39,22.35,268.2,289.68,24.14,0,0,24.14,244.06,0,39.05,283.11,SOSHA1005000105,Invoice,Invoiced,12/03/2025,,,,,,,,,,,,,,12,Picked,DTR Van-D,,,,,,,,
IN000847,7880336,CT0010043005,SHA1004,2,238167,0238167,Jik Bleach Regular 70Ml *144,OU,S,CA,12,0,3218.39,22.35,268.2,289.68,24.14,0,0,24.14,244.06,0,39.05,283.11,SOSHA1004000130,Invoice,Invoiced,12/03/2025,,,,,,,,,,,,,,12,Picked,DTR Van-D,,,,,,,,
IN000852,7880336,CT0010045892,SHA1007,1,238167,0238167,Jik Bleach Regular 70Ml *144,OU,S,CA,12,0,3218.39,22.35,268.2,289.68,24.14,0,0,24.14,244.06,0,39.05,283.11,SOSHA1007000137,Invoice,Invoiced,12/03/2025,,,,,,,,,,,,,,12,Picked,DTR Van-D,,,,,,,,
IN000858,7880336,CT0010054357,SHA1007,1,238167,0238167,Jik Bleach Regular 70Ml *144,OU,S,CA,12,0,3218.39,22.35,268.2,289.68,24.14,0,0,24.14,244.06,0,39.05,283.11,SOSHA1007000144,Invoice,Invoiced,12/03/2025,,,,,,,,,,,,,,12,Picked,DTR Van-D,,,,,,,,
IN000859,7880336,CT0010054355,SHA1007,1,238167,0238167,Jik Bleach Regular 70Ml *144,OU,S,CA,12,0,3218.39,22.35,268.2,289.68,24.14,0,0,24.14,244.06,0,39.05,283.11,SOSHA1007000145,Invoice,Invoiced,12/03/2025,,,,,,,,,,,,,,12,Picked,DTR Van-D,,,,,,,,
IN000860,7880336,CT0010054358,SHA1007,1,238167,0238167,Jik Bleach Regular 70Ml *144,OU,S,CA,12,0,3218.39,22.35,268.2,289.68,24.14,0,0,24.14,244.06,0,39.05,283.11,SOSHA1007000146,Invoice,Invoiced,12/03/2025,,,,,,,,,,,,,,12,Picked,DTR Van-D,,,,,,,,
IN000861,7880336,CT0010054354,SHA1007,1,238167,0238167,Jik Bleach Regular 70Ml *144,OU,S,CA,12,0,3218.39,22.35,268.2,289.68,24.14,0,0,24.14,244.06,0,39.05,283.11,SOSHA1007000147,Invoice,Invoiced,12/03/2025,,,,,,,,,,,,,,12,Picked,DTR Van-D,,,,,,,,
IN000865,7880336,CT0010045814,SHA1002,1,238167,0238167,Jik Bleach Regular 70Ml *144,OU,S,CA,12,0,3218.39,22.35,268.2,289.68,24.14,0,0,24.14,244.06,0,39.05,283.11,SOSHA1002000148,Invoice,Invoiced,12/03/2025,,,,,,,,,,,,,,12,Picked,DTR Van-D,,,,,,,,
IN000870,7880336,CT0010042804,SHA1002,1,238167,0238167,Jik Bleach Regular 70Ml *144,OU,S,CA,12,0,3218.39,22.35,268.2,289.68,24.14,0,0,24.14,244.06,0,39.05,283.11,SOSHA1002000153,Invoice,Invoiced,12/03/2025,,,,,,,,,,,,,,12,Picked,DTR Van-D,,,,,,,,
IN000871,7880336,CT0010054104,SHA1003,1,238167,0238167,Jik Bleach Regular 70Ml *144,OU,S,CA,12,0,3218.39,22.35,268.2,289.68,24.14,0,0,24.14,244.06,0,39.05,283.11,SOSHA1003000138,Invoice,Invoiced,12/03/2025,,,,,,,,,,,,,,12,Picked,DTR Van-D,,,,,,,,
IN000873,7880336,CT0010042639,SHA1003,1,238167,0238167,Jik Bleach Regular 70Ml *144,OU,S,CA,12,0,3218.39,22.35,268.2,289.68,24.14,0,0,24.14,244.06,0,39.05,283.11,SOSHA1003000140,Invoice,Invoiced,12/03/2025,,,,,,,,,,,,,,12,Picked,DTR Van-D,,,,,,,,
IN000875,7880336,CT0010042613,SHA1003,1,238167,0238167,Jik Bleach Regular 70Ml *144,OU,S,CA,12,0,3218.39,22.35,268.2,289.68,24.14,0,0,24.14,244.06,0,39.05,283.11,SOSHA1003000142,Invoice,Invoiced,12/03/2025,,,,,,,,,,,,,,12,Picked,DTR Van-D,,,,,,,,
IN000876,7880336,CT0010042611,SHA1003,1,238167,0238167,Jik Bleach Regular 70Ml *144,OU,S,CA,12,0,3218.39,22.35,268.2,289.68,24.14,0,0,24.14,244.06,0,39.05,283.11,SOSHA1003000143,Invoice,Invoiced,12/03/2025,,,,,,,,,,,,,,12,Picked,DTR Van-D,,,,,,,,
IN000877,7880336,CT0010042631,SHA1003,1,238167,0238167,Jik Bleach Regular 70Ml *144,OU,S,CA,12,0,3218.39,22.35,268.2,289.68,24.14,0,0,24.14,244.06,0,39.05,283.11,SOSHA1003000144,Invoice,Invoiced,12/03/2025,,,,,,,,,,,,,,12,Picked,DTR Van-D,,,,,,,,
IN000878,7880336,CT0010054376,SHA1003,1,238167,0238167,Jik Bleach Regular 70Ml *144,OU,S,CA,12,0,3218.39,22.35,268.2,289.68,24.14,0,0,24.14,244.06,0,39.05,283.11,SOSHA1003000145,Invoice,Invoiced,12/03/2025,,,,,,,,,,,,,,12,Picked,DTR Van-D,,,,,,,,
IN000883,7880336,CT0010054369,SHA1005,1,238167,0238167,Jik Bleach Regular 70Ml *144,OU,S,CA,12,0,3218.39,22.35,268.2,289.68,24.14,0,0,24.14,244.06,0,39.05,283.11,SOSHA1005000109,Invoice,Invoiced,12/03/2025,,,,,,,,,,,,,,12,Picked,DTR Van-D,,,,,,,,
IN000885,7880336,CT0010044743,SHA1005,1,238167,0238167,Jik Bleach Regular 70Ml *144,OU,S,CA,12,0,3218.39,22.35,268.2,289.68,24.14,0,0,24.14,244.06,0,39.05,283.11,SOSHA1005000111,Invoice,Invoiced,12/03/2025,,,,,,,,,,,,,,12,Picked,DTR Van-D,,,,,,,,
IN000887,7880336,CT0010044773,SHA1005,1,238167,0238167,Jik Bleach Regular 70Ml *144,OU,S,CA,12,0,3218.39,22.35,268.2,289.68,24.14,0,0,24.14,244.06,0,39.05,283.11,SOSHA1005000113,Invoice,Invoiced,12/03/2025,,,,,,,,,,,,,,12,Picked,DTR Van-D,,,,,,,,
IN000888,7880336,CT0010054378,SHA1005,1,238167,0238167,Jik Bleach Regular 70Ml *144,OU,S,CA,12,0,3218.39,22.35,268.2,289.68,24.14,0,0,24.14,244.06,0,39.05,283.11,SOSHA1005000114,Invoice,Invoiced,12/03/2025,,,,,,,,,,,,,,12,Picked,DTR Van-D,,,,,,,,
IN000891,7880336,CT0010054347,SHA1006,1,238167,0238167,Jik Bleach Regular 70Ml *144,OU,S,CA,12,0,3218.39,22.35,268.2,289.68,24.14,0,0,24.14,244.06,0,39.05,283.11,SOSHA1006000158,Invoice,Invoiced,12/03/2025,,,,,,,,,,,,,,12,Picked,DTR Van-D,,,,,,,,
IN000892,7880336,CT0010054345,SHA1006,1,238167,0238167,Jik Bleach Regular 70Ml *144,OU,S,CA,12,0,3218.39,22.35,268.2,289.68,24.14,0,0,24.14,244.06,0,39.05,283.11,SOSHA1006000159,Invoice,Invoiced,12/03/2025,,,,,,,,,,,,,,12,Picked,DTR Van-D,,,,,,,,
IN000893,7880336,CT0010054344,SHA1006,1,238167,0238167,Jik Bleach Regular 70Ml *144,OU,S,CA,12,0,3218.39,22.35,268.2,289.68,24.14,0,0,24.14,244.06,0,39.05,283.11,SOSHA1006000160,Invoice,Invoiced,12/03/2025,,,,,,,,,,,,,,12,Picked,DTR Van-D,,,,,,,,
IN000894,7880336,CT0010054343,SHA1006,1,238167,0238167,Jik Bleach Regular 70Ml *144,OU,S,CA,12,0,3218.39,22.35,268.2,289.68,24.14,0,0,24.14,244.06,0,39.05,283.11,SOSHA1006000161,Invoice,Invoiced,12/03/2025,,,,,,,,,,,,,,12,Picked,DTR Van-D,,,,,,,,
IN000907,7880336,CT0010047875,SHA1001,1,238167,0238167,Jik Bleach Regular 70Ml *144,OU,S,CA,12,0,3218.39,22.35,268.2,289.68,24.14,0,0,24.14,244.06,0,39.05,283.11,SOSHA1001000151,Invoice,Invoiced,13/03/2025,,,,,,,,,,,,,,12,Picked,DTR Van-D,,,,,,,,
IN000911,7880336,CT0010054406,SHA1002,1,238167,0238167,Jik Bleach Regular 70Ml *144,OU,S,CA,12,0,3218.39,22.35,268.2,289.68,24.14,0,0,24.14,244.06,0,39.05,283.11,SOSHA1002000158,Invoice,Invoiced,13/03/2025,,,,,,,,,,,,,,12,Picked,DTR Van-D,,,,,,,,
IN000914,7880336,CT0010041524,SHA1003,1,238167,0238167,Jik Bleach Regular 70Ml *144,OU,S,CA,12,0,3218.39,22.35,268.2,289.68,24.14,0,0,24.14,244.06,0,39.05,283.11,SOSHA1003000149,Invoice,Invoiced,13/03/2025,,,,,,,,,,,,,,12,Picked,DTR Van-D,,,,,,,,
IN000916,7880336,CT0010043920,SHA1003,1,238167,0238167,Jik Bleach Regular 70Ml *144,OU,S,CA,12,0,3218.39,22.35,268.2,289.68,24.14,0,0,24.14,244.06,0,39.05,283.11,SOSHA1003000151,Invoice,Invoiced,13/03/2025,,,,,,,,,,,,,,12,Picked,DTR Van-D,,,,,,,,
IN000919,7880336,CT0010054418,SHA1003,2,238167,0238167,Jik Bleach Regular 70Ml *144,OU,S,CA,12,0,3218.39,22.35,268.2,289.68,24.14,0,0,24.14,244.06,0,39.05,283.11,SOSHA1003000154,Invoice,Invoiced,13/03/2025,,,,,,,,,,,,,,12,Picked,DTR Van-D,,,,,,,,
IN000921,7880336,CT0010043946,SHA1003,1,238167,0238167,Jik Bleach Regular 70Ml *144,OU,S,CA,12,0,3218.39,22.35,268.2,289.68,24.14,0,0,24.14,244.06,0,39.05,283.11,SOSHA1003000156,Invoice,Invoiced,13/03/2025,,,,,,,,,,,,,,12,Picked,DTR Van-D,,,,,,,,
IN000922,7880336,CT0010054422,SHA1003,1,238167,0238167,Jik Bleach Regular 70Ml *144,OU,S,CA,12,0,3218.39,22.35,268.2,289.68,24.14,0,0,24.14,244.06,0,39.05,283.11,SOSHA1003000157,Invoice,Invoiced,13/03/2025,,,,,,,,,,,,,,12,Picked,DTR Van-D,,,,,,,,
IN000924,7880336,CT0010054423,SHA1003,1,238167,0238167,Jik Bleach Regular 70Ml *144,OU,S,CA,12,0,3218.39,22.35,268.2,289.68,24.14,0,0,24.14,244.06,0,39.05,283.11,SOSHA1003000159,Invoice,Invoiced,13/03/2025,,,,,,,,,,,,,,12,Picked,DTR Van-D,,,,,,,,
IN000925,7880336,CT0010043922,SHA1003,1,238167,0238167,Jik Bleach Regular 70Ml *144,OU,S,CA,12,0,3218.39,22.35,268.2,289.68,24.14,0,0,24.14,244.06,0,39.05,283.11,SOSHA1003000160,Invoice,Invoiced,13/03/2025,,,,,,,,,,,,,,12,Picked,DTR Van-D,,,,,,,,
IN000926,7880336,CT0010043926,SHA1003,1,238167,0238167,Jik Bleach Regular 70Ml *144,OU,S,CA,12,0,3218.39,22.35,268.2,289.68,24.14,0,0,24.14,244.06,0,39.05,283.11,SOSHA1003000161,Invoice,Invoiced,13/03/2025,,,,,,,,,,,,,,12,Picked,DTR Van-D,,,,,,,,
IN000928,7880336,CT0010054424,SHA1003,1,238167,0238167,Jik Bleach Regular 70Ml *144,OU,S,CA,12,0,3218.39,22.35,268.2,289.68,24.14,0,0,24.14,244.06,0,39.05,283.11,SOSHA1003000168,Invoice,Invoiced,13/03/2025,,,,,,,,,,,,,,12,Picked,DTR Van-D,,,,,,,,
IN000932,7880336,CT0010043832,SHA1004,2,238167,0238167,Jik Bleach Regular 70Ml *144,OU,S,CA,12,0,3218.39,22.35,268.2,289.68,24.14,0,0,24.14,244.06,0,39.05,283.11,SOSHA1004000138,Invoice,Invoiced,13/03/2025,,,,,,,,,,,,,,12,Picked,DTR Van-D,,,,,,,,
IN000939,7880336,CT0010054415,SHA1004,1,238167,0238167,Jik Bleach Regular 70Ml *144,OU,S,CA,12,0,3218.39,22.35,268.2,289.68,24.14,0,0,24.14,244.06,0,39.05,283.11,SOSHA1004000145,Invoice,Invoiced,13/03/2025,,,,,,,,,,,,,,12,Picked,DTR Van-D,,,,,,,,
IN000941,7880336,CT0010054396,SHA1005,1,238167,0238167,Jik Bleach Regular 70Ml *144,OU,S,CA,12,0,3218.39,22.35,268.2,289.68,24.14,0,0,24.14,244.06,0,39.05,283.11,SOSHA1005000116,Invoice,Invoiced,13/03/2025,,,,,,,,,,,,,,12,Picked,DTR Van-D,,,,,,,,
IN000942,7880336,CT0010054397,SHA1005,1,238167,0238167,Jik Bleach Regular 70Ml *144,OU,S,CA,12,0,3218.39,22.35,268.2,289.68,24.14,0,0,24.14,244.06,0,39.05,283.11,SOSHA1005000117,Invoice,Invoiced,13/03/2025,,,,,,,,,,,,,,12,Picked,DTR Van-D,,,,,,,,
IN000943,7880336,CT0010054398,SHA1005,2,238167,0238167,Jik Bleach Regular 70Ml *144,OU,S,CA,12,0,3218.39,22.35,268.2,289.68,24.14,0,0,24.14,244.06,0,39.05,283.11,SOSHA1005000118,Invoice,Invoiced,13/03/2025,,,,,,,,,,,,,,12,Picked,DTR Van-D,,,,,,,,
IN000945,7880336,CT0010054416,SHA1005,1,238167,0238167,Jik Bleach Regular 70Ml *144,OU,S,CA,12,0,3218.39,22.35,268.2,289.68,24.14,0,0,24.14,244.06,0,39.05,283.11,SOSHA1005000120,Invoice,Invoiced,13/03/2025,,,,,,,,,,,,,,12,Picked,DTR Van-D,,,,,,,,
IN000947,7880336,CT0010054403,SHA1006,1,238167,0238167,Jik Bleach Regular 70Ml *144,OU,S,CA,12,0,3218.39,22.35,268.2,289.68,24.14,0,0,24.14,244.06,0,39.05,283.11,SOSHA1006000172,Invoice,Invoiced,13/03/2025,,,,,,,,,,,,,,12,Picked,DTR Van-D,,,,,,,,
IN000949,7880336,CT0010054401,SHA1006,1,238167,0238167,Jik Bleach Regular 70Ml *144,OU,S,CA,12,0,3218.39,22.35,268.2,289.68,24.14,0,0,24.14,244.06,0,39.05,283.11,SOSHA1006000174,Invoice,Invoiced,13/03/2025,,,,,,,,,,,,,,12,Picked,DTR Van-D,,,,,,,,
IN000951,7880336,CT0010042380,SHA1006,1,238167,0238167,Jik Bleach Regular 70Ml *144,OU,S,CA,12,0,3218.39,22.35,268.2,289.68,24.14,0,0,24.14,244.06,0,39.05,283.11,SOSHA1006000176,Invoice,Invoiced,13/03/2025,,,,,,,,,,,,,,12,Picked,DTR Van-D,,,,,,,,
IN000952,7880336,CT0010042347,SHA1006,1,238167,0238167,Jik Bleach Regular 70Ml *144,OU,S,CA,12,0,3218.39,22.35,268.2,289.68,24.14,0,0,24.14,244.06,0,39.05,283.11,SOSHA1006000177,Invoice,Invoiced,13/03/2025,,,,,,,,,,,,,,12,Picked,DTR Van-D,,,,,,,,
IN000955,7880336,CT0010054430,SHA1006,2,238167,0238167,Jik Bleach Regular 70Ml *144,OU,S,CA,12,0,3218.39,22.35,268.2,289.68,24.14,0,0,24.14,244.06,0,39.05,283.11,SOSHA1006000180,Invoice,Invoiced,13/03/2025,,,,,,,,,,,,,,12,Picked,DTR Van-D,,,,,,,,
IN000959,7880336,CT0010054426,SHA1006,1,238167,0238167,Jik Bleach Regular 70Ml *144,OU,S,CA,12,0,3218.39,22.35,268.2,289.68,24.14,0,0,24.14,244.06,0,39.05,283.11,SOSHA1006000184,Invoice,Invoiced,13/03/2025,,,,,,,,,,,,,,12,Picked,DTR Van-D,,,,,,,,
IN000964,7880336,CT0010054410,SHA1007,1,238167,0238167,Jik Bleach Regular 70Ml *144,OU,S,CA,12,0,3218.39,22.35,268.2,289.68,24.14,0,0,24.14,244.06,0,39.05,283.11,SOSHA1007000149,Invoice,Invoiced,13/03/2025,,,,,,,,,,,,,,12,Picked,DTR Van-D,,,,,,,,
IN000965,7880336,CT0010054411,SHA1007,1,238167,0238167,Jik Bleach Regular 70Ml *144,OU,S,CA,12,0,3218.39,22.35,268.2,289.68,24.14,0,0,24.14,244.06,0,39.05,283.11,SOSHA1007000150,Invoice,Invoiced,13/03/2025,,,,,,,,,,,,,,12,Picked,DTR Van-D,,,,,,,,
IN000966,7880336,CT0010054412,SHA1007,1,238167,0238167,Jik Bleach Regular 70Ml *144,OU,S,CA,12,0,3218.39,22.35,268.2,289.68,24.14,0,0,24.14,244.06,0,39.05,283.11,SOSHA1007000151,Invoice,Invoiced,13/03/2025,,,,,,,,,,,,,,12,Picked,DTR Van-D,,,,,,,,
IN000970,7880336,CT0010042762,SHA1002,1,238167,0238167,Jik Bleach Regular 70Ml *144,OU,S,CA,12,0,3218.39,22.35,268.2,289.68,24.14,0,0,24.14,244.06,0,39.05,283.11,SOSHA1002000162,Invoice,Invoiced,13/03/2025,,,,,,,,,,,,,,12,Picked,DTR Van-D,,,,,,,,
IN000971,7880336,CT0010042758,SHA1002,1,238167,0238167,Jik Bleach Regular 70Ml *144,OU,S,CA,12,0,3218.39,22.35,268.2,289.68,24.14,0,0,24.14,244.06,0,39.05,283.11,SOSHA1002000163,Invoice,Invoiced,13/03/2025,,,,,,,,,,,,,,12,Picked,DTR Van-D,,,,,,,,
IN000972,7880336,CT0010042727,SHA1002,1,238167,0238167,Jik Bleach Regular 70Ml *144,OU,S,CA,12,0,3218.39,22.35,268.2,289.68,24.14,0,0,24.14,244.06,0,39.05,283.11,SOSHA1002000164,Invoice,Invoiced,13/03/2025,,,,,,,,,,,,,,12,Picked,DTR Van-D,,,,,,,,
IN000996,7880336,CT0010043997,SHA1003,2,238167,0238167,Jik Bleach Regular 70Ml *144,OU,S,CA,12,0,3218.39,22.35,268.2,289.68,24.14,0,0,24.14,244.06,0,39.05,283.11,SOSHA1003000177,Invoice,Invoiced,14/03/2025,,,,,,,,,,,,,,12,Picked,DTR Van-D,,,,,,,,
IN000997,7880336,CT0010043975,SHA1003,1,238167,0238167,Jik Bleach Regular 70Ml *144,OU,S,CA,12,0,3218.39,22.35,268.2,289.68,24.14,0,0,24.14,244.06,0,39.05,283.11,SOSHA1003000178,Invoice,Invoiced,14/03/2025,,,,,,,,,,,,,,12,Picked,DTR Van-D,,,,,,,,
IN000998,7880336,CT0010043958,SHA1003,1,238167,0238167,Jik Bleach Regular 70Ml *144,OU,S,CA,12,0,3218.39,22.35,268.2,289.68,24.14,0,0,24.14,244.06,0,39.05,283.11,SOSHA1003000179,Invoice,Invoiced,14/03/2025,,,,,,,,,,,,,,12,Picked,DTR Van-D,,,,,,,,
IN000999,7880336,CT0010043998,SHA1003,1,238167,0238167,Jik Bleach Regular 70Ml *144,OU,S,CA,12,0,3218.39,22.35,268.2,289.68,24.14,0,0,24.14,244.06,0,39.05,283.11,SOSHA1003000180,Invoice,Invoiced,14/03/2025,,,,,,,,,,,,,,12,Picked,DTR Van-D,,,,,,,,
IN001000,7880336,CT0010043979,SHA1003,1,238167,0238167,Jik Bleach Regular 70Ml *144,OU,S,CA,12,0,3218.39,22.35,268.2,289.68,24.14,0,0,24.14,244.06,0,39.05,283.11,SOSHA1003000181,Invoice,Invoiced,14/03/2025,,,,,,,,,,,,,,12,Picked,DTR Van-D,,,,,,,,
IN001001,7880336,CT0010043986,SHA1003,1,238167,0238167,Jik Bleach Regular 70Ml *144,OU,S,CA,12,0,3218.39,22.35,268.2,289.68,24.14,0,0,24.14,244.06,0,39.05,283.11,SOSHA1003000182,Invoice,Invoiced,14/03/2025,,,,,,,,,,,,,,12,Picked,DTR Van-D,,,,,,,,
IN001002,7880336,CT0010043988,SHA1003,1,238167,0238167,Jik Bleach Regular 70Ml *144,OU,S,CA,12,0,3218.39,22.35,268.2,289.68,24.14,0,0,24.14,244.06,0,39.05,283.11,SOSHA1003000183,Invoice,Invoiced,14/03/2025,,,,,,,,,,,,,,12,Picked,DTR Van-D,,,,,,,,
IN001003,7880336,CT0010049963,SHA1003,1,238167,0238167,Jik Bleach Regular 70Ml *144,OU,S,CA,12,0,3218.39,22.35,268.2,289.68,24.14,0,0,24.14,244.06,0,39.05,283.11,SOSHA1003000184,Invoice,Invoiced,14/03/2025,,,,,,,,,,,,,,12,Picked,DTR Van-D,,,,,,,,
IN001005,7880336,CT0010041926,SHA1004,1,238167,0238167,Jik Bleach Regular 70Ml *144,OU,S,CA,12,0,3218.39,22.35,268.2,289.68,24.14,0,0,24.14,244.06,0,39.05,283.11,SOSHA1004000154,Invoice,Invoiced,14/03/2025,,,,,,,,,,,,,,12,Picked,DTR Van-D,,,,,,,,
IN001008,7880336,CT0010044598,SHA1004,2,238167,0238167,Jik Bleach Regular 70Ml *144,OU,S,CA,12,0,3218.39,22.35,268.2,289.68,24.14,0,0,24.14,244.06,0,39.05,283.11,SOSHA1004000157,Invoice,Invoiced,14/03/2025,,,,,,,,,,,,,,12,Picked,DTR Van-D,,,,,,,,
IN001010,7880336,CT0010044577,SHA1004,1,238167,0238167,Jik Bleach Regular 70Ml *144,OU,S,CA,12,0,3218.39,22.35,268.2,289.68,24.14,0,0,24.14,244.06,0,39.05,283.11,SOSHA1004000159,Invoice,Invoiced,14/03/2025,,,,,,,,,,,,,,12,Picked,DTR Van-D,,,,,,,,
IN001013,7880336,CT0010054494,SHA1004,1,238167,0238167,Jik Bleach Regular 70Ml *144,OU,S,CA,12,0,3218.39,22.35,268.2,289.68,24.14,0,0,24.14,244.06,0,39.05,283.11,SOSHA1004000162,Invoice,Invoiced,14/03/2025,,,,,,,,,,,,,,12,Picked,DTR Van-D,,,,,,,,
IN001022,7880336,CT0010044610,SHA1004,1,238167,0238167,Jik Bleach Regular 70Ml *144,OU,S,CA,12,0,3218.39,22.35,268.2,289.68,24.14,0,0,24.14,244.06,0,39.05,283.11,SOSHA1004000171,Invoice,Invoiced,14/03/2025,,,,,,,,,,,,,,12,Picked,DTR Van-D,,,,,,,,
IN001027,7880336,CT0010054476,SHA1005,1,238167,0238167,Jik Bleach Regular 70Ml *144,OU,S,CA,12,0,3218.39,22.35,268.2,289.68,24.14,0,0,24.14,244.06,0,39.05,283.11,SOSHA1005000123,Invoice,Invoiced,14/03/2025,,,,,,,,,,,,,,12,Picked,DTR Van-D,,,,,,,,
IN001028,7880336,CT0010054464,SHA1005,2,238167,0238167,Jik Bleach Regular 70Ml *144,OU,S,CA,12,0,3218.39,22.35,268.2,289.68,24.14,0,0,24.14,244.06,0,39.05,283.11,SOSHA1005000125,Invoice,Invoiced,14/03/2025,,,,,,,,,,,,,,12,Picked,DTR Van-D,,,,,,,,
IN001029,7880336,CT0010054475,SHA1005,1,238167,0238167,Jik Bleach Regular 70Ml *144,OU,S,CA,12,0,3218.39,22.35,268.2,289.68,24.14,0,0,24.14,244.06,0,39.05,283.11,SOSHA1005000124,Invoice,Invoiced,14/03/2025,,,,,,,,,,,,,,12,Picked,DTR Van-D,,,,,,,,
IN001032,7880336,CT0010044132,SHA1005,1,238167,0238167,Jik Bleach Regular 70Ml *144,OU,S,CA,12,0,3218.39,22.35,268.2,289.68,24.14,0,0,24.14,244.06,0,39.05,283.11,SOSHA1005000130,Invoice,Invoiced,14/03/2025,,,,,,,,,,,,,,12,Picked,DTR Van-D,,,,,,,,
IN001035,7880336,CT0010054486,SHA1005,1,238167,0238167,Jik Bleach Regular 70Ml *144,OU,S,CA,12,0,3218.39,22.35,268.2,289.68,24.14,0,0,24.14,244.06,0,39.05,283.11,SOSHA1005000134,Invoice,Invoiced,14/03/2025,,,,,,,,,,,,,,12,Picked,DTR Van-D,,,,,,,,
IN001036,7880336,CT0010044119,SHA1005,1,238167,0238167,Jik Bleach Regular 70Ml *144,OU,S,CA,12,0,3218.39,22.35,268.2,289.68,24.14,0,0,24.14,244.06,0,39.05,283.11,SOSHA1005000137,Invoice,Invoiced,14/03/2025,,,,,,,,,,,,,,12,Picked,DTR Van-D,,,,,,,,
IN001037,7880336,CT0010054483,SHA1005,1,238167,0238167,Jik Bleach Regular 70Ml *144,OU,S,CA,12,0,3218.39,22.35,268.2,289.68,24.14,0,0,24.14,244.06,0,39.05,283.11,SOSHA1005000138,Invoice,Invoiced,14/03/2025,,,,,,,,,,,,,,12,Picked,DTR Van-D,,,,,,,,
IN001038,7880336,CT0010054463,SHA1005,1,238167,0238167,Jik Bleach Regular 70Ml *144,OU,S,CA,12,0,3218.39,22.35,268.2,289.68,24.14,0,0,24.14,244.06,0,39.05,283.11,SOSHA1005000139,Invoice,Invoiced,14/03/2025,,,,,,,,,,,,,,12,Picked,DTR Van-D,,,,,,,,
IN001039,7880336,CT0010054477,SHA1005,1,238167,0238167,Jik Bleach Regular 70Ml *144,OU,S,CA,12,0,3218.39,22.35,268.2,289.68,24.14,0,0,24.14,244.06,0,39.05,283.11,SOSHA1005000140,Invoice,Invoiced,14/03/2025,,,,,,,,,,,,,,12,Picked,DTR Van-D,,,,,,,,
IN001041,7880336,CT0010054469,SHA1005,3,238167,0238167,Jik Bleach Regular 70Ml *144,OU,S,CA,12,0,3218.39,22.35,268.2,289.68,24.14,0,0,24.14,244.06,0,39.05,283.11,SOSHA1005000129,Invoice,Invoiced,14/03/2025,,,,,,,,,,,,,,12,Picked,DTR Van-D,,,,,,,,
IN001042,7880336,CT0010054489,SHA1005,3,238167,0238167,Jik Bleach Regular 70Ml *144,OU,S,CA,12,0,3218.39,22.35,268.2,289.68,24.14,0,0,24.14,244.06,0,39.05,283.11,SOSHA1005000133,Invoice,Invoiced,14/03/2025,,,,,,,,,,,,,,12,Picked,DTR Van-D,,,,,,,,
IN001046,7880336,CT0010054465,SHA1006,1,238167,0238167,Jik Bleach Regular 70Ml *144,OU,S,CA,12,0,3218.39,22.35,268.2,289.68,24.14,0,0,24.14,244.06,0,39.05,283.11,SOSHA1006000192,Invoice,Invoiced,14/03/2025,,,,,,,,,,,,,,12,Picked,DTR Van-D,,,,,,,,
IN001048,7880336,CT0010054467,SHA1006,2,238167,0238167,Jik Bleach Regular 70Ml *144,OU,S,CA,12,0,3218.39,22.35,268.2,289.68,24.14,0,0,24.14,244.06,0,39.05,283.11,SOSHA1006000194,Invoice,Invoiced,14/03/2025,,,,,,,,,,,,,,12,Picked,DTR Van-D,,,,,,,,
IN001049,7880336,CT0010054468,SHA1006,2,238167,0238167,Jik Bleach Regular 70Ml *144,OU,S,CA,12,0,3218.39,22.35,268.2,289.68,24.14,0,0,24.14,244.06,0,39.05,283.11,SOSHA1006000195,Invoice,Invoiced,14/03/2025,,,,,,,,,,,,,,12,Picked,DTR Van-D,,,,,,,,
IN001051,7880336,CT0010054491,SHA1006,2,238167,0238167,Jik Bleach Regular 70Ml *144,OU,S,CA,12,0,3218.39,22.35,268.2,289.68,24.14,0,0,24.14,244.06,0,39.05,283.11,SOSHA1006000197,Invoice,Invoiced,14/03/2025,,,,,,,,,,,,,,12,Picked,DTR Van-D,,,,,,,,
IN001052,7880336,CT0010054501,SHA1006,1,238167,0238167,Jik Bleach Regular 70Ml *144,OU,S,CA,12,0,3218.39,22.35,268.2,289.68,24.14,0,0,24.14,244.06,0,39.05,283.11,SOSHA1006000198,Invoice,Invoiced,14/03/2025,,,,,,,,,,,,,,12,Picked,DTR Van-D,,,,,,,,
IN001053,7880336,CT0010054502,SHA1006,1,238167,0238167,Jik Bleach Regular 70Ml *144,OU,S,CA,12,0,3218.39,22.35,268.2,289.68,24.14,0,0,24.14,244.06,0,39.05,283.11,SOSHA1006000199,Invoice,Invoiced,14/03/2025,,,,,,,,,,,,,,12,Picked,DTR Van-D,,,,,,,,
IN001054,7880336,CT0010054457,SHA1006,19,238167,0238167,Jik Bleach Regular 70Ml *144,OU,S,CA,12,0,3218.39,22.35,268.2,289.68,24.14,0,0,24.14,244.06,0,39.05,283.11,SOSHA1006000189,Invoice,Invoiced,14/03/2025,,,,,,,,,,,,,,12,Picked,DTR Van-D,,,,,,,,
IN001059,7880336,CT0010043921,SHA1003,3,238167,0238167,Jik Bleach Regular 70Ml *144,OU,S,CA,12,0,3218.39,22.35,268.2,289.68,24.14,0,0,24.14,244.06,0,39.05,283.11,SOSHA1003000186,Invoice,Invoiced,15/03/2025,,,,,,,,,,,,,,12,Unpick,DTR Van-D,,,,,,,,
IN001080,7880336,CT0010043495,SHA1002,2,238167,0238167,Jik Bleach Regular 70Ml *144,OU,S,CA,12,0,3218.39,22.35,268.2,289.68,24.14,0,0,24.14,244.06,0,39.05,283.11,SOSHA1002000171,Invoice,Invoiced,17/03/2025,,,,,,,,,,,,,,12,Picked,DTR Van-D,,,,,,,,
IN001081,7880336,CT0010041993,SHA1002,2,238167,0238167,Jik Bleach Regular 70Ml *144,OU,S,CA,12,0,3218.39,22.35,268.2,289.68,24.14,0,0,24.14,244.06,0,39.05,283.11,SOSHA1002000173,Invoice,Invoiced,17/03/2025,,,,,,,,,,,,,,12,Picked,DTR Van-D,,,,,,,,
IN001083,7880336,CT0010045143,SHA1002,1,238167,0238167,Jik Bleach Regular 70Ml *144,OU,S,CA,12,0,3218.39,22.35,268.2,289.68,24.14,0,0,24.14,244.06,0,39.05,283.11,SOSHA1002000175,Invoice,Invoiced,17/03/2025,,,,,,,,,,,,,,12,Picked,DTR Van-D,,,,,,,,
IN001085,7880336,CT0010043508,SHA1002,1,238167,0238167,Jik Bleach Regular 70Ml *144,OU,S,CA,12,0,3218.39,22.35,268.2,289.68,24.14,0,0,24.14,244.06,0,39.05,283.11,SOSHA1002000177,Invoice,Invoiced,17/03/2025,,,,,,,,,,,,,,12,Picked,DTR Van-D,,,,,,,,
IN001086,7880336,CT0010043506,SHA1002,1,238167,0238167,Jik Bleach Regular 70Ml *144,OU,S,CA,12,0,3218.39,22.35,268.2,289.68,24.14,0,0,24.14,244.06,0,39.05,283.11,SOSHA1002000178,Invoice,Invoiced,17/03/2025,,,,,,,,,,,,,,12,Picked,DTR Van-D,,,,,,,,
IN001088,7880336,CT0010045137,SHA1002,1,238167,0238167,Jik Bleach Regular 70Ml *144,OU,S,CA,12,0,3218.39,22.35,268.2,289.68,24.14,0,0,24.14,244.06,0,39.05,283.11,SOSHA1002000181,Invoice,Invoiced,17/03/2025,,,,,,,,,,,,,,12,Picked,DTR Van-D,,,,,,,,
IN001108,7880336,CT0010054534,SHA1004,1,238167,0238167,Jik Bleach Regular 70Ml *144,OU,S,CA,12,0,3218.39,22.35,268.2,289.68,24.14,0,0,24.14,244.06,0,39.05,283.11,SOSHA1004000186,Invoice,Invoiced,17/03/2025,,,,,,,,,,,,,,12,Picked,DTR Van-D,,,,,,,,
IN001115,7880336,CT0010054526,SHA1005,1,238167,0238167,Jik Bleach Regular 70Ml *144,OU,S,CA,12,0,3218.39,22.35,268.2,289.68,24.14,0,0,24.14,244.06,0,39.05,283.11,SOSHA1005000141,Invoice,Invoiced,17/03/2025,,,,,,,,,,,,,,12,Picked,DTR Van-D,,,,,,,,
IN001116,7880336,CT0010054527,SHA1005,1,238167,0238167,Jik Bleach Regular 70Ml *144,OU,S,CA,12,0,3218.39,22.35,268.2,289.68,24.14,0,0,24.14,244.06,0,39.05,283.11,SOSHA1005000142,Invoice,Invoiced,17/03/2025,,,,,,,,,,,,,,12,Picked,DTR Van-D,,,,,,,,
IN001117,7880336,CT0010054528,SHA1005,1,238167,0238167,Jik Bleach Regular 70Ml *144,OU,S,CA,12,0,3218.39,22.35,268.2,289.68,24.14,0,0,24.14,244.06,0,39.05,283.11,SOSHA1005000143,Invoice,Invoiced,17/03/2025,,,,,,,,,,,,,,12,Picked,DTR Van-D,,,,,,,,
IN001118,7880336,CT0010043126,SHA1005,1,238167,0238167,Jik Bleach Regular 70Ml *144,OU,S,CA,12,0,3218.39,22.35,268.2,289.68,24.14,0,0,24.14,244.06,0,39.05,283.11,SOSHA1005000145,Invoice,Invoiced,17/03/2025,,,,,,,,,,,,,,12,Picked,DTR Van-D,,,,,,,,
IN001119,7880336,CT0010043161,SHA1005,2,238167,0238167,Jik Bleach Regular 70Ml *144,OU,S,CA,12,0,3218.39,22.35,268.2,289.68,24.14,0,0,24.14,244.06,0,39.05,283.11,SOSHA1005000146,Invoice,Invoiced,17/03/2025,,,,,,,,,,,,,,12,Picked,DTR Van-D,,,,,,,,
IN001121,7880336,CT0010054545,SHA1005,1,238167,0238167,Jik Bleach Regular 70Ml *144,OU,S,CA,12,0,3218.39,22.35,268.2,289.68,24.14,0,0,24.14,244.06,0,39.05,283.11,SOSHA1005000149,Invoice,Invoiced,17/03/2025,,,,,,,,,,,,,,12,Picked,DTR Van-D,,,,,,,,
IN001125,7880336,CT0010054569,SHA1005,5,238167,0238167,Jik Bleach Regular 70Ml *144,OU,S,CA,12,0,3218.39,22.35,268.2,289.68,24.14,0,0,24.14,244.06,0,39.05,283.11,SOSHA1005000154,Invoice,Invoiced,17/03/2025,,,,,,,,,,,,,,12,Picked,DTR Van-D,,,,,,,,
IN001128,7880336,CT0010054575,SHA1005,1,238167,0238167,Jik Bleach Regular 70Ml *144,OU,S,CA,12,0,3218.39,22.35,268.2,289.68,24.14,0,0,24.14,244.06,0,39.05,283.11,SOSHA1005000158,Invoice,Invoiced,17/03/2025,,,,,,,,,,,,,,12,Picked,DTR Van-D,,,,,,,,
IN001129,7880336,CT0010043187,SHA1005,1,238167,0238167,Jik Bleach Regular 70Ml *144,OU,S,CA,12,0,3218.39,22.35,268.2,289.68,24.14,0,0,24.14,244.06,0,39.05,283.11,SOSHA1005000159,Invoice,Invoiced,17/03/2025,,,,,,,,,,,,,,12,Picked,DTR Van-D,,,,,,,,
IN001132,7880336,CT0010041697,SHA1006,1,238167,0238167,Jik Bleach Regular 70Ml *144,OU,S,CA,12,0,3218.39,22.35,268.2,289.68,24.14,0,0,24.14,244.06,0,39.05,283.11,SOSHA1006000203,Invoice,Invoiced,17/03/2025,,,,,,,,,,,,,,12,Picked,DTR Van-D,,,,,,,,
IN001133,7880336,CT0010047550,SHA1006,1,238167,0238167,Jik Bleach Regular 70Ml *144,OU,S,CA,12,0,3218.39,22.35,268.2,289.68,24.14,0,0,24.14,244.06,0,39.05,283.11,SOSHA1006000204,Invoice,Invoiced,17/03/2025,,,,,,,,,,,,,,12,Picked,DTR Van-D,,,,,,,,
IN001134,7880336,CT0010043155,SHA1005,1,238167,0238167,Jik Bleach Regular 70Ml *144,OU,S,CA,12,0,3218.39,22.35,268.2,289.68,24.14,0,0,24.14,244.06,0,39.05,283.11,SOSHA1005000144,Invoice,Invoiced,17/03/2025,,,,,,,,,,,,,,12,Picked,DTR Van-D,,,,,,,,
IN001137,7880336,CT0010054577,SHA1005,2,238167,0238167,Jik Bleach Regular 70Ml *144,OU,S,CA,12,0,3218.39,22.35,268.2,289.68,24.14,0,0,24.14,244.06,0,39.05,283.11,SOSHA1005000156,Invoice,Invoiced,17/03/2025,,,,,,,,,,,,,,12,Picked,DTR Van-D,,,,,,,,
IN001138,7880336,CT0010047551,SHA1006,1,238167,0238167,Jik Bleach Regular 70Ml *144,OU,S,CA,12,0,3218.39,22.35,268.2,289.68,24.14,0,0,24.14,244.06,0,39.05,283.11,SOSHA1006000205,Invoice,Invoiced,17/03/2025,,,,,,,,,,,,,,12,Picked,DTR Van-D,,,,,,,,
IN001141,7880336,CT0010054568,SHA1006,1,238167,0238167,Jik Bleach Regular 70Ml *144,OU,S,CA,12,0,3218.39,22.35,268.2,289.68,24.14,0,0,24.14,244.06,0,39.05,283.11,SOSHA1006000208,Invoice,Invoiced,17/03/2025,,,,,,,,,,,,,,12,Picked,DTR Van-D,,,,,,,,
IN001143,7880336,CT0010054552,SHA1006,1,238167,0238167,Jik Bleach Regular 70Ml *144,OU,S,CA,12,0,3218.39,22.35,268.2,289.68,24.14,0,0,24.14,244.06,0,39.05,283.11,SOSHA1006000212,Invoice,Invoiced,17/03/2025,,,,,,,,,,,,,,12,Picked,DTR Van-D,,,,,,,,
IN001144,7880336,CT0010054553,SHA1006,1,238167,0238167,Jik Bleach Regular 70Ml *144,OU,S,CA,12,0,3218.39,22.35,268.2,289.68,24.14,0,0,24.14,244.06,0,39.05,283.11,SOSHA1006000213,Invoice,Invoiced,17/03/2025,,,,,,,,,,,,,,12,Picked,DTR Van-D,,,,,,,,
IN001145,7880336,CT0010054554,SHA1006,2,238167,0238167,Jik Bleach Regular 70Ml *144,OU,S,CA,12,0,3218.39,22.35,268.2,289.68,24.14,0,0,24.14,244.06,0,39.05,283.11,SOSHA1006000214,Invoice,Invoiced,17/03/2025,,,,,,,,,,,,,,12,Picked,DTR Van-D,,,,,,,,
IN001149,7880336,CT0010047549,SHA1006,1,238167,0238167,Jik Bleach Regular 70Ml *144,OU,S,CA,12,0,3218.39,22.35,268.2,289.68,24.14,0,0,24.14,244.06,0,39.05,283.11,SOSHA1006000219,Invoice,Invoiced,17/03/2025,,,,,,,,,,,,,,12,Picked,DTR Van-D,,,,,,,,
IN001150,7880336,CT0010047596,SHA1006,2,238167,0238167,Jik Bleach Regular 70Ml *144,OU,S,CA,12,0,3218.39,22.35,268.2,289.68,24.14,0,0,24.14,244.06,0,39.05,283.11,SOSHA1006000220,Invoice,Invoiced,17/03/2025,,,,,,,,,,,,,,12,Picked,DTR Van-D,,,,,,,,
IN001152,7880336,CT0010054571,SHA1006,1,238167,0238167,Jik Bleach Regular 70Ml *144,OU,S,CA,12,0,3218.39,22.35,268.2,289.68,24.14,0,0,24.14,244.06,0,39.05,283.11,SOSHA1006000223,Invoice,Invoiced,17/03/2025,,,,,,,,,,,,,,12,Picked,DTR Van-D,,,,,,,,
IN001156,7880336,CT0010053990,SHA1007,1,238167,0238167,Jik Bleach Regular 70Ml *144,OU,S,CA,12,0,3218.39,22.35,268.2,289.68,24.14,0,0,24.14,244.06,0,39.05,283.11,SOSHA1007000170,Invoice,Invoiced,17/03/2025,,,,,,,,,,,,,,12,Picked,DTR Van-D,,,,,,,,
IN001159,7880336,CT0010054573,SHA1007,2,238167,0238167,Jik Bleach Regular 70Ml *144,OU,S,CA,12,0,3218.39,22.35,268.2,289.68,24.14,0,0,24.14,244.06,0,39.05,283.11,SOSHA1007000174,Invoice,Invoiced,17/03/2025,,,,,,,,,,,,,,12,Picked,DTR Van-D,,,,,,,,
IN001160,7880336,CT0010043574,SHA1007,1,238167,0238167,Jik Bleach Regular 70Ml *144,OU,S,CA,12,0,3218.39,22.35,268.2,289.68,24.14,0,0,24.14,244.06,0,39.05,283.11,SOSHA1007000175,Invoice,Invoiced,17/03/2025,,,,,,,,,,,,,,12,Picked,DTR Van-D,,,,,,,,
IN001170,7880336,CT0010054045,SHA1001,1,238167,0238167,Jik Bleach Regular 70Ml *144,OU,S,CA,12,0,3218.39,22.35,268.2,289.68,24.14,0,0,24.14,244.06,0,39.05,283.11,SOSHA1001000195,Invoice,Invoiced,18/03/2025,,,,,,,,,,,,,,12,Picked,DTR Van-D,,,,,,,,
IN001177,7880336,CT0010054619,SHA1001,1,238167,0238167,Jik Bleach Regular 70Ml *144,OU,S,CA,12,0,3218.39,22.35,268.2,289.68,24.14,0,0,24.14,244.06,0,39.05,283.11,SOSHA1001000207,Invoice,Invoiced,18/03/2025,,,,,,,,,,,,,,12,Picked,DTR Van-D,,,,,,,,
IN001178,7880336,CT0010054616,SHA1001,1,238167,0238167,Jik Bleach Regular 70Ml *144,OU,S,CA,12,0,3218.39,22.35,268.2,289.68,24.14,0,0,24.14,244.06,0,39.05,283.11,SOSHA1001000208,Invoice,Invoiced,18/03/2025,,,,,,,,,,,,,,12,Picked,DTR Van-D,,,,,,,,
IN001181,7880336,CT0010045023,SHA1002,1,238167,0238167,Jik Bleach Regular 70Ml *144,OU,S,CA,12,0,3218.39,22.35,268.2,289.68,24.14,0,0,24.14,244.06,0,39.05,283.11,SOSHA1002000186,Invoice,Invoiced,18/03/2025,,,,,,,,,,,,,,12,Picked,DTR Van-D,,,,,,,,
IN001183,7880336,CT0010043252,SHA1001,1,238167,0238167,Jik Bleach Regular 70Ml *144,OU,S,CA,12,0,3218.39,22.35,268.2,289.68,24.14,0,0,24.14,244.06,0,39.05,283.11,SOSHA1001000200,Invoice,Invoiced,18/03/2025,,,,,,,,,,,,,,12,Picked,DTR Van-D,,,,,,,,
IN001191,7880336,CT0010054622,SHA1002,1,238167,0238167,Jik Bleach Regular 70Ml *144,OU,S,CA,12,0,3218.39,22.35,268.2,289.68,24.14,0,0,24.14,244.06,0,39.05,283.11,SOSHA1002000195,Invoice,Invoiced,18/03/2025,,,,,,,,,,,,,,12,Picked,DTR Van-D,,,,,,,,
IN001192,7880336,CT0010054604,SHA1002,1,238167,0238167,Jik Bleach Regular 70Ml *144,OU,S,CA,12,0,3218.39,22.35,268.2,289.68,24.14,0,0,24.14,244.06,0,39.05,283.11,SOSHA1002000196,Invoice,Invoiced,18/03/2025,,,,,,,,,,,,,,12,Picked,DTR Van-D,,,,,,,,
IN001193,7880336,CT0010054606,SHA1002,1,238167,0238167,Jik Bleach Regular 70Ml *144,OU,S,CA,12,0,3218.39,22.35,268.2,289.68,24.14,0,0,24.14,244.06,0,39.05,283.11,SOSHA1002000197,Invoice,Invoiced,18/03/2025,,,,,,,,,,,,,,12,Picked,DTR Van-D,,,,,,,,
IN001194,7880336,CT0010054625,SHA1002,1,238167,0238167,Jik Bleach Regular 70Ml *144,OU,S,CA,12,0,3218.39,22.35,268.2,289.68,24.14,0,0,24.14,244.06,0,39.05,283.11,SOSHA1002000199,Invoice,Invoiced,18/03/2025,,,,,,,,,,,,,,12,Picked,DTR Van-D,,,,,,,,
IN001196,7880336,CT0010045089,SHA1002,2,238167,0238167,Jik Bleach Regular 70Ml *144,OU,S,CA,12,0,3218.39,22.35,268.2,289.68,24.14,0,0,24.14,244.06,0,39.05,283.11,SOSHA1002000201,Invoice,Invoiced,18/03/2025,,,,,,,,,,,,,,12,Picked,DTR Van-D,,,,,,,,
IN001198,7880336,CT0010045052,SHA1002,1,238167,0238167,Jik Bleach Regular 70Ml *144,OU,S,CA,12,0,3218.39,22.35,268.2,289.68,24.14,0,0,24.14,244.06,0,39.05,283.11,SOSHA1002000203,Invoice,Invoiced,18/03/2025,,,,,,,,,,,,,,12,Picked,DTR Van-D,,,,,,,,
IN001199,7880336,CT0010041651,SHA1003,1,238167,0238167,Jik Bleach Regular 70Ml *144,OU,S,CA,12,0,3218.39,22.35,268.2,289.68,24.14,0,0,24.14,244.06,0,39.05,283.11,SOSHA1003000200,Invoice,Invoiced,18/03/2025,,,,,,,,,,,,,,12,Picked,DTR Van-D,,,,,,,,
IN001200,7880336,CT0010041602,SHA1003,1,238167,0238167,Jik Bleach Regular 70Ml *144,OU,S,CA,12,0,3218.39,22.35,268.2,289.68,24.14,0,0,24.14,244.06,0,39.05,283.11,SOSHA1003000201,Invoice,Invoiced,18/03/2025,,,,,,,,,,,,,,12,Picked,DTR Van-D,,,,,,,,
IN001204,7880336,CT0010041792,SHA1003,1,238167,0238167,Jik Bleach Regular 70Ml *144,OU,S,CA,12,0,3218.39,22.35,268.2,289.68,24.14,0,0,24.14,244.06,0,39.05,283.11,SOSHA1003000204,Invoice,Invoiced,18/03/2025,,,,,,,,,,,,,,12,Picked,DTR Van-D,,,,,,,,
IN001206,7880336,CT0010041875,SHA1003,1,238167,0238167,Jik Bleach Regular 70Ml *144,OU,S,CA,12,0,3218.39,22.35,268.2,289.68,24.14,0,0,24.14,244.06,0,39.05,283.11,SOSHA1003000212,Invoice,Invoiced,18/03/2025,,,,,,,,,,,,,,12,Picked,DTR Van-D,,,,,,,,
IN001215,7880336,CT0010041655,SHA1003,1,238167,0238167,Jik Bleach Regular 70Ml *144,OU,S,CA,12,0,3218.39,22.35,268.2,289.68,24.14,0,0,24.14,244.06,0,39.05,283.11,SOSHA1003000203,Invoice,Invoiced,18/03/2025,,,,,,,,,,,,,,12,Picked,DTR Van-D,,,,,,,,
IN001217,7880336,CT0010054630,SHA1003,2,238167,0238167,Jik Bleach Regular 70Ml *144,OU,S,CA,12,0,3218.39,22.35,268.2,289.68,24.14,0,0,24.14,244.06,0,39.05,283.11,SOSHA1003000208,Invoice,Invoiced,18/03/2025,,,,,,,,,,,,,,12,Picked,DTR Van-D,,,,,,,,
IN001218,7880336,CT0010041649,SHA1003,1,238167,0238167,Jik Bleach Regular 70Ml *144,OU,S,CA,12,0,3218.39,22.35,268.2,289.68,24.14,0,0,24.14,244.06,0,39.05,283.11,SOSHA1003000210,Invoice,Invoiced,18/03/2025,,,,,,,,,,,,,,12,Picked,DTR Van-D,,,,,,,,
IN001226,7880336,CT0010054588,SHA1004,1,238167,0238167,Jik Bleach Regular 70Ml *144,OU,S,CA,12,0,3218.39,22.35,268.2,289.68,24.14,0,0,24.14,244.06,0,39.05,283.11,SOSHA1004000211,Invoice,Invoiced,18/03/2025,,,,,,,,,,,,,,12,Picked,DTR Van-D,,,,,,,,
IN001228,7880336,CT0010054596,SHA1004,1,238167,0238167,Jik Bleach Regular 70Ml *144,OU,S,CA,12,0,3218.39,22.35,268.2,289.68,24.14,0,0,24.14,244.06,0,39.05,283.11,SOSHA1004000213,Invoice,Invoiced,18/03/2025,,,,,,,,,,,,,,12,Picked,DTR Van-A,,,,,,,,
IN001229,7880336,CT0010054608,SHA1004,2,238167,0238167,Jik Bleach Regular 70Ml *144,OU,S,CA,12,0,3218.39,22.35,268.2,289.68,24.14,0,0,24.14,244.06,0,39.05,283.11,SOSHA1004000214,Invoice,Invoiced,18/03/2025,,,,,,,,,,,,,,12,Picked,DTR Van-D,,,,,,,,
IN001231,7880336,CT0010054610,SHA1004,1,238167,0238167,Jik Bleach Regular 70Ml *144,OU,S,CA,12,0,3218.39,22.35,268.2,289.68,24.14,0,0,24.14,244.06,0,39.05,283.11,SOSHA1004000216,Invoice,Invoiced,18/03/2025,,,,,,,,,,,,,,12,Picked,DTR Van-D,,,,,,,,
IN001233,7880336,CT0010044625,SHA1004,1,238167,0238167,Jik Bleach Regular 70Ml *144,OU,S,CA,12,0,3218.39,22.35,268.2,289.68,24.14,0,0,24.14,244.06,0,39.05,283.11,SOSHA1004000203,Invoice,Invoiced,18/03/2025,,,,,,,,,,,,,,12,Picked,DTR Van-D,,,,,,,,
IN001244,7880336,CT0010054597,SHA1005,1,238167,0238167,Jik Bleach Regular 70Ml *144,OU,S,CA,12,0,3218.39,22.35,268.2,289.68,24.14,0,0,24.14,244.06,0,39.05,283.11,SOSHA1005000169,Invoice,Invoiced,18/03/2025,,,,,,,,,,,,,,12,Picked,DTR Van-D,,,,,,,,
IN001245,7880336,CT0010054600,SHA1005,1,238167,0238167,Jik Bleach Regular 70Ml *144,OU,S,CA,12,0,3218.39,22.35,268.2,289.68,24.14,0,0,24.14,244.06,0,39.05,283.11,SOSHA1005000170,Invoice,Invoiced,18/03/2025,,,,,,,,,,,,,,12,Picked,DTR Van-D,,,,,,,,
IN001246,7880336,CT0010054602,SHA1005,1,238167,0238167,Jik Bleach Regular 70Ml *144,OU,S,CA,12,0,3218.39,22.35,268.2,289.68,24.14,0,0,24.14,244.06,0,39.05,283.11,SOSHA1005000171,Invoice,Invoiced,18/03/2025,,,,,,,,,,,,,,12,Picked,DTR Van-A,,,,,,,,
IN001250,7880336,CT0010054611,SHA1005,1,238167,0238167,Jik Bleach Regular 70Ml *144,OU,S,CA,12,0,3218.39,22.35,268.2,289.68,24.14,0,0,24.14,244.06,0,39.05,283.11,SOSHA1005000175,Invoice,Invoiced,18/03/2025,,,,,,,,,,,,,,12,Picked,DTR Van-D,,,,,,,,
IN001256,7880336,CT0010054646,SHA1005,1,238167,0238167,Jik Bleach Regular 70Ml *144,OU,S,CA,12,0,3218.39,22.35,268.2,289.68,24.14,0,0,24.14,244.06,0,39.05,283.11,SOSHA1005000182,Invoice,Invoiced,18/03/2025,,,,,,,,,,,,,,12,Picked,DTR Van-D,,,,,,,,
IN001258,7880336,CT0010046192,SHA1006,1,238167,0238167,Jik Bleach Regular 70Ml *144,OU,S,CA,12,0,3218.39,22.35,268.2,289.68,24.14,0,0,24.14,244.06,0,39.05,283.11,SOSHA1006000226,Invoice,Invoiced,18/03/2025,,,,,,,,,,,,,,12,Picked,DTR Van-D,,,,,,,,
IN001262,7880336,CT0010046222,SHA1006,1,238167,0238167,Jik Bleach Regular 70Ml *144,OU,S,CA,12,0,3218.39,22.35,268.2,289.68,24.14,0,0,24.14,244.06,0,39.05,283.11,SOSHA1006000230,Invoice,Invoiced,18/03/2025,,,,,,,,,,,,,,12,Picked,DTR Van-D,,,,,,,,
IN001263,7880336,CT0010046197,SHA1006,1,238167,0238167,Jik Bleach Regular 70Ml *144,OU,S,CA,12,0,3218.39,22.35,268.2,289.68,24.14,0,0,24.14,244.06,0,39.05,283.11,SOSHA1006000231,Invoice,Invoiced,18/03/2025,,,,,,,,,,,,,,12,Picked,DTR Van-D,,,,,,,,
IN001266,7880336,CT0010046205,SHA1006,1,238167,0238167,Jik Bleach Regular 70Ml *144,OU,S,CA,12,0,3218.39,22.35,268.2,289.68,24.14,0,0,24.14,244.06,0,39.05,283.11,SOSHA1006000234,Invoice,Invoiced,18/03/2025,,,,,,,,,,,,,,12,Picked,DTR Van-D,,,,,,,,
IN001268,7880336,CT0010046209,SHA1006,1,238167,0238167,Jik Bleach Regular 70Ml *144,OU,S,CA,12,0,3218.39,22.35,268.2,289.68,24.14,0,0,24.14,244.06,0,39.05,283.11,SOSHA1006000235,Invoice,Invoiced,18/03/2025,,,,,,,,,,,,,,12,Picked,DTR Van-D,,,,,,,,
IN001270,7880336,CT0010046213,SHA1006,3,238167,0238167,Jik Bleach Regular 70Ml *144,OU,S,CA,12,0,3218.39,22.35,268.2,289.68,24.14,0,0,24.14,244.06,0,39.05,283.11,SOSHA1006000237,Invoice,Invoiced,18/03/2025,,,,,,,,,,,,,,12,Picked,DTR Van-D,,,,,,,,
IN001272,7880336,CT0010054621,SHA1006,1,238167,0238167,Jik Bleach Regular 70Ml *144,OU,S,CA,12,0,3218.39,22.35,268.2,289.68,24.14,0,0,24.14,244.06,0,39.05,283.11,SOSHA1006000239,Invoice,Invoiced,18/03/2025,,,,,,,,,,,,,,12,Picked,DTR Van-D,,,,,,,,
IN001275,7880336,CT0010045418,SHA1007,2,238167,0238167,Jik Bleach Regular 70Ml *144,OU,S,CA,12,0,3218.39,22.35,268.2,289.68,24.14,0,0,24.14,244.06,0,39.05,283.11,SOSHA1007000179,Invoice,Invoiced,18/03/2025,,,,,,,,,,,,,,12,Picked,DTR Van-D,,,,,,,,
IN001276,7880336,CT0010045460,SHA1007,1,238167,0238167,Jik Bleach Regular 70Ml *144,OU,S,CA,12,0,3218.39,22.35,268.2,289.68,24.14,0,0,24.14,244.06,0,39.05,283.11,SOSHA1007000180,Invoice,Invoiced,18/03/2025,,,,,,,,,,,,,,12,Picked,DTR Van-D,,,,,,,,
IN001279,7880336,CT0010045432,SHA1007,1,238167,0238167,Jik Bleach Regular 70Ml *144,OU,S,CA,12,0,3218.39,22.35,268.2,289.68,24.14,0,0,24.14,244.06,0,39.05,283.11,SOSHA1007000184,Invoice,Invoiced,18/03/2025,,,,,,,,,,,,,,12,Picked,DTR Van-D,,,,,,,,
IN001280,7880336,CT0010054632,SHA1007,1,238167,0238167,Jik Bleach Regular 70Ml *144,OU,S,CA,12,0,3218.39,22.35,268.2,289.68,24.14,0,0,24.14,244.06,0,39.05,283.11,SOSHA1007000186,Invoice,Invoiced,18/03/2025,,,,,,,,,,,,,,12,Picked,DTR Van-D,,,,,,,,
IN001281,7880336,CT0010054633,SHA1007,1,238167,0238167,Jik Bleach Regular 70Ml *144,OU,S,CA,12,0,3218.39,22.35,268.2,289.68,24.14,0,0,24.14,244.06,0,39.05,283.11,SOSHA1007000187,Invoice,Invoiced,18/03/2025,,,,,,,,,,,,,,12,Picked,DTR Van-D,,,,,,,,
IN001282,7880336,CT0010045452,SHA1007,1,238167,0238167,Jik Bleach Regular 70Ml *144,OU,S,CA,12,0,3218.39,22.35,268.2,289.68,24.14,0,0,24.14,244.06,0,39.05,283.11,SOSHA1007000183,Invoice,Invoiced,18/03/2025,,,,,,,,,,,,,,12,Picked,DTR Van-D,,,,,,,,
IN001296,7880336,CT0010054097,SHA1001,1,238167,0238167,Jik Bleach Regular 70Ml *144,OU,S,CA,12,0,3218.39,22.35,268.2,289.68,24.14,0,0,24.14,244.06,0,39.05,283.11,SOSHA1001000218,Invoice,Invoiced,20/03/2025,,,,,,,,,,,,,,12,Picked,DTR Van-D,,,,,,,,
IN001300,7880336,CT0010046730,SHA1001,4,238167,0238167,Jik Bleach Regular 70Ml *144,OU,S,CA,12,0,3218.39,22.35,268.2,289.68,24.14,0,0,24.14,244.06,0,39.05,283.11,SOSHA1001000221,Invoice,Invoiced,20/03/2025,,,,,,,,,,,,,,12,Picked,DTR Van-D,,,,,,,,
IN001301,7880336,CT0010046600,SHA1001,3,238167,0238167,Jik Bleach Regular 70Ml *144,OU,S,CA,12,0,3218.39,22.35,268.2,289.68,24.14,0,0,24.14,244.06,0,39.05,283.11,SOSHA1001000222,Invoice,Invoiced,20/03/2025,,,,,,,,,,,,,,12,Picked,DTR Van-D,,,,,,,,
IN001304,7880336,CT0010047395,SHA1002,1,238167,0238167,Jik Bleach Regular 70Ml *144,OU,S,CA,12,0,3218.39,22.35,268.2,289.68,24.14,0,0,24.14,244.06,0,39.05,283.11,SOSHA1002000211,Invoice,Invoiced,20/03/2025,,,,,,,,,,,,,,12,Picked,DTR Van-D,,,,,,,,
IN001307,7880336,CT0010054652,SHA1002,1,238167,0238167,Jik Bleach Regular 70Ml *144,OU,S,CA,12,0,3218.39,22.35,268.2,289.68,24.14,0,0,24.14,244.06,0,39.05,283.11,SOSHA1002000213,Invoice,Invoiced,20/03/2025,,,,,,,,,,,,,,12,Picked,DTR Van-D,,,,,,,,
IN001308,7880336,CT0010054670,SHA1002,1,238167,0238167,Jik Bleach Regular 70Ml *144,OU,S,CA,12,0,3218.39,22.35,268.2,289.68,24.14,0,0,24.14,244.06,0,39.05,283.11,SOSHA1002000215,Invoice,Invoiced,20/03/2025,,,,,,,,,,,,,,12,Picked,DTR Van-D,,,,,,,,
IN001311,7880336,CT0010047456,SHA1002,2,238167,0238167,Jik Bleach Regular 70Ml *144,OU,S,CA,12,0,3218.39,22.35,268.2,289.68,24.14,0,0,24.14,244.06,0,39.05,283.11,SOSHA1002000218,Invoice,Invoiced,20/03/2025,,,,,,,,,,,,,,12,Picked,DTR Van-D,,,,,,,,
IN001314,7880336,CT0010047431,SHA1002,1,238167,0238167,Jik Bleach Regular 70Ml *144,OU,S,CA,12,0,3218.39,22.35,268.2,289.68,24.14,0,0,24.14,244.06,0,39.05,283.11,SOSHA1002000221,Invoice,Invoiced,20/03/2025,,,,,,,,,,,,,,12,Picked,DTR Van-D,,,,,,,,
IN001315,7880336,CT0010047432,SHA1002,5,238167,0238167,Jik Bleach Regular 70Ml *144,OU,S,CA,12,0,3218.39,22.35,268.2,289.68,24.14,0,0,24.14,244.06,0,39.05,283.11,SOSHA1002000223,Invoice,Invoiced,20/03/2025,,,,,,,,,,,,,,12,Picked,DTR Van-D,,,,,,,,
IN001318,7880336,CT0010054653,SHA1002,1,238167,0238167,Jik Bleach Regular 70Ml *144,OU,S,CA,12,0,3218.39,22.35,268.2,289.68,24.14,0,0,24.14,244.06,0,39.05,283.11,SOSHA1002000226,Invoice,Invoiced,20/03/2025,,,,,,,,,,,,,,12,Picked,DTR Van-D,,,,,,,,
IN001319,7880336,CT0010047413,SHA1002,1,238167,0238167,Jik Bleach Regular 70Ml *144,OU,S,CA,12,0,3218.39,22.35,268.2,289.68,24.14,0,0,24.14,244.06,0,39.05,283.11,SOSHA1002000228,Invoice,Invoiced,20/03/2025,,,,,,,,,,,,,,12,Picked,DTR Van-D,,,,,,,,
IN001322,7880336,CT0010054678,SHA1002,1,238167,0238167,Jik Bleach Regular 70Ml *144,OU,S,CA,12,0,3218.39,22.35,268.2,289.68,24.14,0,0,24.14,244.06,0,39.05,283.11,SOSHA1002000227,Invoice,Invoiced,20/03/2025,,,,,,,,,,,,,,12,Picked,DTR Van-D,,,,,,,,
IN001323,7880336,CT0010041616,SHA1003,1,238167,0238167,Jik Bleach Regular 70Ml *144,OU,S,CA,12,0,3218.39,22.35,268.2,289.68,24.14,0,0,24.14,244.06,0,39.05,283.11,SOSHA1003000213,Invoice,Invoiced,20/03/2025,,,,,,,,,,,,,,12,Picked,DTR Van-D,,,,,,,,
IN001325,7880336,CT0010041550,SHA1003,1,238167,0238167,Jik Bleach Regular 70Ml *144,OU,S,CA,12,0,3218.39,22.35,268.2,289.68,24.14,0,0,24.14,244.06,0,39.05,283.11,SOSHA1003000215,Invoice,Invoiced,20/03/2025,,,,,,,,,,,,,,12,Picked,DTR Van-D,,,,,,,,
IN001326,7880336,CT0010041631,SHA1003,1,238167,0238167,Jik Bleach Regular 70Ml *144,OU,S,CA,12,0,3218.39,22.35,268.2,289.68,24.14,0,0,24.14,244.06,0,39.05,283.11,SOSHA1003000218,Invoice,Invoiced,20/03/2025,,,,,,,,,,,,,,12,Picked,DTR Van-D,,,,,,,,
IN001327,7880336,CT0010054101,SHA1003,1,238167,0238167,Jik Bleach Regular 70Ml *144,OU,S,CA,12,0,3218.39,22.35,268.2,289.68,24.14,0,0,24.14,244.06,0,39.05,283.11,SOSHA1003000219,Invoice,Invoiced,20/03/2025,,,,,,,,,,,,,,12,Picked,DTR Van-D,,,,,,,,
IN001328,7880336,CT0010041629,SHA1003,1,238167,0238167,Jik Bleach Regular 70Ml *144,OU,S,CA,12,0,3218.39,22.35,268.2,289.68,24.14,0,0,24.14,244.06,0,39.05,283.11,SOSHA1003000221,Invoice,Invoiced,20/03/2025,,,,,,,,,,,,,,12,Picked,DTR Van-D,,,,,,,,
IN001329,7880336,CT0010041579,SHA1003,1,238167,0238167,Jik Bleach Regular 70Ml *144,OU,S,CA,12,0,3218.39,22.35,268.2,289.68,24.14,0,0,24.14,244.06,0,39.05,283.11,SOSHA1003000222,Invoice,Invoiced,20/03/2025,,,,,,,,,,,,,,12,Picked,DTR Van-D,,,,,,,,
IN001330,7880336,CT0010041535,SHA1003,1,238167,0238167,Jik Bleach Regular 70Ml *144,OU,S,CA,12,0,3218.39,22.35,268.2,289.68,24.14,0,0,24.14,244.06,0,39.05,283.11,SOSHA1003000223,Invoice,Invoiced,20/03/2025,,,,,,,,,,,,,,12,Picked,DTR Van-D,,,,,,,,
IN001331,7880336,CT0010048195,SHA1003,2,238167,0238167,Jik Bleach Regular 70Ml *144,OU,S,CA,12,0,3218.39,22.35,268.2,289.68,24.14,0,0,24.14,244.06,0,39.05,283.11,SOSHA1003000225,Invoice,Invoiced,20/03/2025,,,,,,,,,,,,,,12,Picked,DTR Van-D,,,,,,,,
IN001332,7880336,CT0010054675,SHA1003,1,238167,0238167,Jik Bleach Regular 70Ml *144,OU,S,CA,12,0,3218.39,22.35,268.2,289.68,24.14,0,0,24.14,244.06,0,39.05,283.11,SOSHA1003000229,Invoice,Invoiced,20/03/2025,,,,,,,,,,,,,,12,Picked,DTR Van-D,,,,,,,,
IN001333,7880336,CT0010054676,SHA1003,1,238167,0238167,Jik Bleach Regular 70Ml *144,OU,S,CA,12,0,3218.39,22.35,268.2,289.68,24.14,0,0,24.14,244.06,0,39.05,283.11,SOSHA1003000230,Invoice,Invoiced,20/03/2025,,,,,,,,,,,,,,12,Picked,DTR Van-D,,,,,,,,
IN001334,7880336,CT0010041660,SHA1003,1,238167,0238167,Jik Bleach Regular 70Ml *144,OU,S,CA,12,0,3218.39,22.35,268.2,289.68,24.14,0,0,24.14,244.06,0,39.05,283.11,SOSHA1003000231,Invoice,Invoiced,20/03/2025,,,,,,,,,,,,,,12,Picked,DTR Van-D,,,,,,,,
IN001335,7880336,CT0010041563,SHA1003,1,238167,0238167,Jik Bleach Regular 70Ml *144,OU,S,CA,12,0,3218.39,22.35,268.2,289.68,24.14,0,0,24.14,244.06,0,39.05,283.11,SOSHA1003000216,Invoice,Invoiced,20/03/2025,,,,,,,,,,,,,,12,Picked,DTR Van-D,,,,,,,,
IN001340,7880336,CT0010041618,SHA1003,1,238167,0238167,Jik Bleach Regular 70Ml *144,OU,S,CA,12,0,3218.39,22.35,268.2,289.68,24.14,0,0,24.14,244.06,0,39.05,283.11,SOSHA1003000232,Invoice,Invoiced,20/03/2025,,,,,,,,,,,,,,12,Picked,DTR Van-D,,,,,,,,
IN001341,7880336,CT0010041617,SHA1003,1,238167,0238167,Jik Bleach Regular 70Ml *144,OU,S,CA,12,0,3218.39,22.35,268.2,289.68,24.14,0,0,24.14,244.06,0,39.05,283.11,SOSHA1003000233,Invoice,Invoiced,20/03/2025,,,,,,,,,,,,,,12,Picked,DTR Van-D,,,,,,,,
IN001349,7880336,CT0010044943,SHA1004,1,238167,0238167,Jik Bleach Regular 70Ml *144,OU,S,CA,12,0,3218.39,22.35,268.2,289.68,24.14,0,0,24.14,244.06,0,39.05,283.11,SOSHA1004000226,Invoice,Invoiced,20/03/2025,,,,,,,,,,,,,,12,Picked,DTR Van-D,,,,,,,,
IN001351,7880336,CT0010044957,SHA1004,1,238167,0238167,Jik Bleach Regular 70Ml *144,OU,S,CA,12,0,3218.39,22.35,268.2,289.68,24.14,0,0,24.14,244.06,0,39.05,283.11,SOSHA1004000229,Invoice,Invoiced,20/03/2025,,,,,,,,,,,,,,12,Picked,DTR Van-D,,,,,,,,
IN001354,7880336,CT0010044946,SHA1004,2,238167,0238167,Jik Bleach Regular 70Ml *144,OU,S,CA,12,0,3218.39,22.35,268.2,289.68,24.14,0,0,24.14,244.06,0,39.05,283.11,SOSHA1004000234,Invoice,Invoiced,20/03/2025,,,,,,,,,,,,,,12,Picked,DTR Van-D,,,,,,,,
IN001355,7880336,CT0010044926,SHA1004,1,238167,0238167,Jik Bleach Regular 70Ml *144,OU,S,CA,12,0,3218.39,22.35,268.2,289.68,24.14,0,0,24.14,244.06,0,39.05,283.11,SOSHA1004000227,Invoice,Invoiced,20/03/2025,,,,,,,,,,,,,,12,Picked,DTR Van-D,,,,,,,,
IN001359,7880336,CT0010054655,SHA1004,1,238167,0238167,Jik Bleach Regular 70Ml *144,OU,S,CA,12,0,3218.39,22.35,268.2,289.68,24.14,0,0,24.14,244.06,0,39.05,283.11,SOSHA1004000238,Invoice,Invoiced,20/03/2025,,,,,,,,,,,,,,12,Picked,DTR Van-D,,,,,,,,
IN001360,7880336,CT0010044909,SHA1004,2,238167,0238167,Jik Bleach Regular 70Ml *144,OU,S,CA,12,0,3218.39,22.35,268.2,289.68,24.14,0,0,24.14,244.06,0,39.05,283.11,SOSHA1004000239,Invoice,Invoiced,20/03/2025,,,,,,,,,,,,,,12,Picked,DTR Van-D,,,,,,,,
IN001363,7880336,CT0010054102,SHA1004,1,238167,0238167,Jik Bleach Regular 70Ml *144,OU,S,CA,12,0,3218.39,22.35,268.2,289.68,24.14,0,0,24.14,244.06,0,39.05,283.11,SOSHA1004000236,Invoice,Invoiced,20/03/2025,,,,,,,,,,,,,,12,Picked,DTR Van-A,,,,,,,,
IN001368,7880336,CT0010046824,SHA1005,1,238167,0238167,Jik Bleach Regular 70Ml *144,OU,S,CA,12,0,3218.39,22.35,268.2,289.68,24.14,0,0,24.14,244.06,0,39.05,283.11,SOSHA1005000190,Invoice,Invoiced,20/03/2025,,,,,,,,,,,,,,12,Picked,DTR Van-D,,,,,,,,
IN001369,7880336,CT0010041505,SHA1005,1,238167,0238167,Jik Bleach Regular 70Ml *144,OU,S,CA,12,0,3218.39,22.35,268.2,289.68,24.14,0,0,24.14,244.06,0,39.05,283.11,SOSHA1005000191,Invoice,Invoiced,20/03/2025,,,,,,,,,,,,,,12,Picked,DTR Van-D,,,,,,,,
IN001370,7880336,CT0010054076,SHA1005,1,238167,0238167,Jik Bleach Regular 70Ml *144,OU,S,CA,12,0,3218.39,22.35,268.2,289.68,24.14,0,0,24.14,244.06,0,39.05,283.11,SOSHA1005000192,Invoice,Invoiced,20/03/2025,,,,,,,,,,,,,,12,Picked,DTR Van-D,,,,,,,,
IN001371,7880336,CT0010046738,SHA1005,1,238167,0238167,Jik Bleach Regular 70Ml *144,OU,S,CA,12,0,3218.39,22.35,268.2,289.68,24.14,0,0,24.14,244.06,0,39.05,283.11,SOSHA1005000193,Invoice,Invoiced,20/03/2025,,,,,,,,,,,,,,12,Picked,DTR Van-D,,,,,,,,
IN001374,7880336,CT0010054659,SHA1005,1,238167,0238167,Jik Bleach Regular 70Ml *144,OU,S,CA,12,0,3218.39,22.35,268.2,289.68,24.14,0,0,24.14,244.06,0,39.05,283.11,SOSHA1005000186,Invoice,Invoiced,20/03/2025,,,,,,,,,,,,,,12,Picked,DTR Van-D,,,,,,,,
IN001376,7880336,CT0010054684,SHA1005,1,238167,0238167,Jik Bleach Regular 70Ml *144,OU,S,CA,12,0,3218.39,22.35,268.2,289.68,24.14,0,0,24.14,244.06,0,39.05,283.11,SOSHA1005000195,Invoice,Invoiced,20/03/2025,,,,,,,,,,,,,,12,Picked,DTR Van-D,,,,,,,,
IN001380,7880336,CT0010054094,SHA1006,1,238167,0238167,Jik Bleach Regular 70Ml *144,OU,S,CA,12,0,3218.39,22.35,268.2,289.68,24.14,0,0,24.14,244.06,0,39.05,283.11,SOSHA1006000249,Invoice,Invoiced,20/03/2025,,,,,,,,,,,,,,12,Picked,DTR Van-A,,,,,,,,
IN001381,7880336,CT0010043551,SHA1006,1,238167,0238167,Jik Bleach Regular 70Ml *144,OU,S,CA,12,0,3218.39,22.35,268.2,289.68,24.14,0,0,24.14,244.06,0,39.05,283.11,SOSHA1006000250,Invoice,Invoiced,20/03/2025,,,,,,,,,,,,,,12,Picked,DTR Van-D,,,,,,,,
IN001384,7880336,CT0010054660,SHA1006,2,238167,0238167,Jik Bleach Regular 70Ml *144,OU,S,CA,12,0,3218.39,22.35,268.2,289.68,24.14,0,0,24.14,244.06,0,39.05,283.11,SOSHA1006000247,Invoice,Invoiced,20/03/2025,,,,,,,,,,,,,,12,Picked,DTR Van-D,,,,,,,,
IN001388,7880336,CT0010054666,SHA1007,1,238167,0238167,Jik Bleach Regular 70Ml *144,OU,S,CA,12,0,3218.39,22.35,268.2,289.68,24.14,0,0,24.14,244.06,0,39.05,283.11,SOSHA1007000195,Invoice,Invoiced,20/03/2025,,,,,,,,,,,,,,12,Picked,DTR Van-D,,,,,,,,
IN001389,7880336,CT0010054667,SHA1007,1,238167,0238167,Jik Bleach Regular 70Ml *144,OU,S,CA,12,0,3218.39,22.35,268.2,289.68,24.14,0,0,24.14,244.06,0,39.05,283.11,SOSHA1007000196,Invoice,Invoiced,20/03/2025,,,,,,,,,,,,,,12,Picked,DTR Van-D,,,,,,,,
IN001391,7880336,CT0010046991,SHA1007,1,238167,0238167,Jik Bleach Regular 70Ml *144,OU,S,CA,12,0,3218.39,22.35,268.2,289.68,24.14,0,0,24.14,244.06,0,39.05,283.11,SOSHA1007000200,Invoice,Invoiced,20/03/2025,,,,,,,,,,,,,,12,Picked,DTR Van-D,,,,,,,,
IN001392,7880336,CT0010046922,SHA1007,1,238167,0238167,Jik Bleach Regular 70Ml *144,OU,S,CA,12,0,3218.39,22.35,268.2,289.68,24.14,0,0,24.14,244.06,0,39.05,283.11,SOSHA1007000201,Invoice,Invoiced,20/03/2025,,,,,,,,,,,,,,12,Picked,DTR Van-D,,,,,,,,
IN001393,7880336,CT0010046867,SHA1007,1,238167,0238167,Jik Bleach Regular 70Ml *144,OU,S,CA,12,0,3218.39,22.35,268.2,289.68,24.14,0,0,24.14,244.06,0,39.05,283.11,SOSHA1007000202,Invoice,Invoiced,20/03/2025,,,,,,,,,,,,,,12,Picked,DTR Van-D,,,,,,,,
IN001396,7880336,CT0010046638,SHA1007,1,238167,0238167,Jik Bleach Regular 70Ml *144,OU,S,CA,12,0,3218.39,22.35,268.2,289.68,24.14,0,0,24.14,244.06,0,39.05,283.11,SOSHA1007000210,Invoice,Invoiced,20/03/2025,,,,,,,,,,,,,,12,Picked,DTR Van-D,,,,,,,,
IN001397,7880336,CT0010054690,SHA1007,1,238167,0238167,Jik Bleach Regular 70Ml *144,OU,S,CA,12,0,3218.39,22.35,268.2,289.68,24.14,0,0,24.14,244.06,0,39.05,283.11,SOSHA1007000214,Invoice,Invoiced,20/03/2025,,,,,,,,,,,,,,12,Picked,DTR Van-D,,,,,,,,
IN001398,7880336,CT0010054687,SHA1007,1,238167,0238167,Jik Bleach Regular 70Ml *144,OU,S,CA,12,0,3218.39,22.35,268.2,289.68,24.14,0,0,24.14,244.06,0,39.05,283.11,SOSHA1007000215,Invoice,Invoiced,20/03/2025,,,,,,,,,,,,,,12,Picked,DTR Van-D,,,,,,,,
IN001400,7880336,CT0010054686,SHA1007,3,238167,0238167,Jik Bleach Regular 70Ml *144,OU,S,CA,12,0,3218.39,22.35,268.2,289.68,24.14,0,0,24.14,244.06,0,39.05,283.11,SOSHA1007000208,Invoice,Invoiced,20/03/2025,,,,,,,,,,,,,,12,Picked,DTR Van-D,,,,,,,,
IN001401,7880336,CT0010054685,SHA1007,1,238167,0238167,Jik Bleach Regular 70Ml *144,OU,S,CA,12,0,3218.39,22.35,268.2,289.68,24.14,0,0,24.14,244.06,0,39.05,283.11,SOSHA1007000209,Invoice,Invoiced,20/03/2025,,,,,,,,,,,,,,12,Picked,DTR Van-D,,,,,,,,
IN001409,7880336,CT0010046551,SHA1001,1,238167,0238167,Jik Bleach Regular 70Ml *144,OU,S,CA,12,0,3218.39,22.35,268.2,289.68,24.14,0,0,24.14,244.06,0,39.05,283.11,SOSHA1001000227,Invoice,Invoiced,21/03/2025,,,,,,,,,,,,,,12,Picked,DTR Van-D,,,,,,,,
IN001410,7880336,CT0010046548,SHA1001,1,238167,0238167,Jik Bleach Regular 70Ml *144,OU,S,CA,12,0,3218.39,22.35,268.2,289.68,24.14,0,0,24.14,244.06,0,39.05,283.11,SOSHA1001000228,Invoice,Invoiced,21/03/2025,,,,,,,,,,,,,,12,Picked,DTR Van-D,,,,,,,,
IN001418,7880336,CT0010046770,SHA1001,1,238167,0238167,Jik Bleach Regular 70Ml *144,OU,S,CA,12,0,3218.39,22.35,268.2,289.68,24.14,0,0,24.14,244.06,0,39.05,283.11,SOSHA1001000240,Invoice,Invoiced,21/03/2025,,,,,,,,,,,,,,12,Picked,DTR Van-D,,,,,,,,
IN001423,7880336,CT0010047003,SHA1002,1,238167,0238167,Jik Bleach Regular 70Ml *144,OU,S,CA,12,0,3218.39,22.35,268.2,289.68,24.14,0,0,24.14,244.06,0,39.05,283.11,SOSHA1002000231,Invoice,Invoiced,21/03/2025,,,,,,,,,,,,,,12,Picked,DTR Van-D,,,,,,,,
IN001424,7880336,CT0010047017,SHA1002,2,238167,0238167,Jik Bleach Regular 70Ml *144,OU,S,CA,12,0,3218.39,22.35,268.2,289.68,24.14,0,0,24.14,244.06,0,39.05,283.11,SOSHA1002000233,Invoice,Invoiced,21/03/2025,,,,,,,,,,,,,,12,Picked,DTR Van-D,,,,,,,,
IN001429,7880336,CT0010047100,SHA1002,1,238167,0238167,Jik Bleach Regular 70Ml *144,OU,S,CA,12,0,3218.39,22.35,268.2,289.68,24.14,0,0,24.14,244.06,0,39.05,283.11,SOSHA1002000241,Invoice,Invoiced,21/03/2025,,,,,,,,,,,,,,12,Picked,DTR Van-D,,,,,,,,
IN001431,7880336,CT0010041867,SHA1003,2,238167,0238167,Jik Bleach Regular 70Ml *144,OU,S,CA,12,0,3218.39,22.35,268.2,289.68,24.14,0,0,24.14,244.06,0,39.05,283.11,SOSHA1003000237,Invoice,Invoiced,21/03/2025,,,,,,,,,,,,,,12,Picked,DTR Van-D,,,,,,,,
IN001432,7880336,CT0010046995,SHA1002,1,238167,0238167,Jik Bleach Regular 70Ml *144,OU,S,CA,12,0,3218.39,22.35,268.2,289.68,24.14,0,0,24.14,244.06,0,39.05,283.11,SOSHA1002000232,Invoice,Invoiced,21/03/2025,,,,,,,,,,,,,,12,Picked,DTR Van-D,,,,,,,,
IN001438,7880336,CT0010042488,SHA1003,1,238167,0238167,Jik Bleach Regular 70Ml *144,OU,S,CA,12,0,3218.39,22.35,268.2,289.68,24.14,0,0,24.14,244.06,0,39.05,283.11,SOSHA1003000234,Invoice,Invoiced,21/03/2025,,,,,,,,,,,,,,12,Picked,DTR Van-D,,,,,,,,
IN001440,7880336,CT0010042446,SHA1003,2,238167,0238167,Jik Bleach Regular 70Ml *144,OU,S,CA,12,0,3218.39,22.35,268.2,289.68,24.14,0,0,24.14,244.06,0,39.05,283.11,SOSHA1003000238,Invoice,Invoiced,21/03/2025,,,,,,,,,,,,,,12,Picked,DTR Van-D,,,,,,,,
IN001441,7880336,CT0010042401,SHA1003,1,238167,0238167,Jik Bleach Regular 70Ml *144,OU,S,CA,12,0,3218.39,22.35,268.2,289.68,24.14,0,0,24.14,244.06,0,39.05,283.11,SOSHA1003000239,Invoice,Invoiced,21/03/2025,,,,,,,,,,,,,,12,Picked,DTR Van-D,,,,,,,,
IN001442,7880336,CT0010042414,SHA1003,1,238167,0238167,Jik Bleach Regular 70Ml *144,OU,S,CA,12,0,3218.39,22.35,268.2,289.68,24.14,0,0,24.14,244.06,0,39.05,283.11,SOSHA1003000240,Invoice,Invoiced,21/03/2025,,,,,,,,,,,,,,12,Picked,DTR Van-D,,,,,,,,
IN001443,7880336,CT0010041859,SHA1003,2,238167,0238167,Jik Bleach Regular 70Ml *144,OU,S,CA,12,0,3218.39,22.35,268.2,289.68,24.14,0,0,24.14,244.06,0,39.05,283.11,SOSHA1003000241,Invoice,Invoiced,21/03/2025,,,,,,,,,,,,,,12,Picked,DTR Van-D,,,,,,,,
IN001452,7880336,CT0010042456,SHA1003,1,238167,0238167,Jik Bleach Regular 70Ml *144,OU,S,CA,12,0,3218.39,22.35,268.2,289.68,24.14,0,0,24.14,244.06,0,39.05,283.11,SOSHA1003000243,Invoice,Invoiced,21/03/2025,,,,,,,,,,,,,,12,Picked,DTR Van-D,,,,,,,,
IN001462,7880336,CT0010046320,SHA1004,1,238167,0238167,Jik Bleach Regular 70Ml *144,OU,S,CA,12,0,3218.39,22.35,268.2,289.68,24.14,0,0,24.14,244.06,0,39.05,283.11,SOSHA1004000259,Invoice,Invoiced,21/03/2025,,,,,,,,,,,,,,12,Picked,DTR Van-D,,,,,,,,
IN001464,7880336,CT0010054731,SHA1004,1,238167,0238167,Jik Bleach Regular 70Ml *144,OU,S,CA,12,0,3218.39,22.35,268.2,289.68,24.14,0,0,24.14,244.06,0,39.05,283.11,SOSHA1004000262,Invoice,Invoiced,21/03/2025,,,,,,,,,,,,,,12,Picked,DTR Van-D,,,,,,,,
IN001467,7880336,CT0010054730,SHA1004,1,238167,0238167,Jik Bleach Regular 70Ml *144,OU,S,CA,12,0,3218.39,22.35,268.2,289.68,24.14,0,0,24.14,244.06,0,39.05,283.11,SOSHA1004000266,Invoice,Invoiced,21/03/2025,,,,,,,,,,,,,,12,Picked,DTR Van-D,,,,,,,,
IN001468,7880336,CT0010054114,SHA1005,2,238167,0238167,Jik Bleach Regular 70Ml *144,OU,S,CA,12,0,3218.39,22.35,268.2,289.68,24.14,0,0,24.14,244.06,0,39.05,283.11,SOSHA1005000196,Invoice,Invoiced,21/03/2025,,,,,,,,,,,,,,12,Picked,DTR Van-D,,,,,,,,
IN001473,7880336,CT0010054701,SHA1005,1,238167,0238167,Jik Bleach Regular 70Ml *144,OU,S,CA,12,0,3218.39,22.35,268.2,289.68,24.14,0,0,24.14,244.06,0,39.05,283.11,SOSHA1005000204,Invoice,Invoiced,21/03/2025,,,,,,,,,,,,,,12,Picked,DTR Van-D,,,,,,,,
IN001478,7880336,CT0010054703,SHA1005,2,238167,0238167,Jik Bleach Regular 70Ml *144,OU,S,CA,12,0,3218.39,22.35,268.2,289.68,24.14,0,0,24.14,244.06,0,39.05,283.11,SOSHA1005000205,Invoice,Invoiced,21/03/2025,,,,,,,,,,,,,,12,Picked,DTR Van-D,,,,,,,,
IN001481,7880336,CT0010054706,SHA1005,1,238167,0238167,Jik Bleach Regular 70Ml *144,OU,S,CA,12,0,3218.39,22.35,268.2,289.68,24.14,0,0,24.14,244.06,0,39.05,283.11,SOSHA1005000209,Invoice,Invoiced,21/03/2025,,,,,,,,,,,,,,12,Picked,DTR Van-D,,,,,,,,
IN001488,7880336,CT0010054717,SHA1006,1,238167,0238167,Jik Bleach Regular 70Ml *144,OU,S,CA,12,0,3218.39,22.35,268.2,289.68,24.14,0,0,24.14,244.06,0,39.05,283.11,SOSHA1006000255,Invoice,Invoiced,21/03/2025,,,,,,,,,,,,,,12,Picked,DTR Van-D,,,,,,,,
IN001490,7880336,CT0010054715,SHA1006,2,238167,0238167,Jik Bleach Regular 70Ml *144,OU,S,CA,12,0,3218.39,22.35,268.2,289.68,24.14,0,0,24.14,244.06,0,39.05,283.11,SOSHA1006000258,Invoice,Invoiced,21/03/2025,,,,,,,,,,,,,,12,Picked,DTR Van-D,,,,,,,,
IN001491,7880336,CT0010054151,SHA1006,1,238167,0238167,Jik Bleach Regular 70Ml *144,OU,S,CA,12,0,3218.39,22.35,268.2,289.68,24.14,0,0,24.14,244.06,0,39.05,283.11,SOSHA1006000253,Invoice,Invoiced,21/03/2025,,,,,,,,,,,,,,12,Picked,DTR Van-A,,,,,,,,
IN001493,7880336,CT0010054714,SHA1006,2,238167,0238167,Jik Bleach Regular 70Ml *144,OU,S,CA,12,0,3218.39,22.35,268.2,289.68,24.14,0,0,24.14,244.06,0,39.05,283.11,SOSHA1006000259,Invoice,Invoiced,21/03/2025,,,,,,,,,,,,,,12,Picked,DTR Van-D,,,,,,,,
IN001496,7880336,CT0010047107,SHA1007,1,238167,0238167,Jik Bleach Regular 70Ml *144,OU,S,CA,12,0,3218.39,22.35,268.2,289.68,24.14,0,0,24.14,244.06,0,39.05,283.11,SOSHA1007000224,Invoice,Invoiced,21/03/2025,,,,,,,,,,,,,,12,Picked,DTR Van-D,,,,,,,,
IN001499,7880336,CT0010054719,SHA1007,1,238167,0238167,Jik Bleach Regular 70Ml *144,OU,S,CA,12,0,3218.39,22.35,268.2,289.68,24.14,0,0,24.14,244.06,0,39.05,283.11,SOSHA1007000220,Invoice,Invoiced,21/03/2025,,,,,,,,,,,,,,12,Picked,DTR Van-A,,,,,,,,
IN001500,7880336,CT0010054721,SHA1007,1,238167,0238167,Jik Bleach Regular 70Ml *144,OU,S,CA,12,0,3218.39,22.35,268.2,289.68,24.14,0,0,24.14,244.06,0,39.05,283.11,SOSHA1007000222,Invoice,Invoiced,21/03/2025,,,,,,,,,,,,,,12,Picked,DTR Van-D,,,,,,,,
IN001501,7880336,CT0010054722,SHA1007,1,238167,0238167,Jik Bleach Regular 70Ml *144,OU,S,CA,12,0,3218.39,22.35,268.2,289.68,24.14,0,0,24.14,244.06,0,39.05,283.11,SOSHA1007000223,Invoice,Invoiced,21/03/2025,,,,,,,,,,,,,,12,Picked,DTR Van-D,,,,,,,,
IN001505,7880336,CT0010047145,SHA1007,1,238167,0238167,Jik Bleach Regular 70Ml *144,OU,S,CA,12,0,3218.39,22.35,268.2,289.68,24.14,0,0,24.14,244.06,0,39.05,283.11,SOSHA1007000235,Invoice,Invoiced,21/03/2025,,,,,,,,,,,,,,12,Picked,DTR Van-D,,,,,,,,
IN001506,7880336,CT0010054736,SHA1007,2,238167,0238167,Jik Bleach Regular 70Ml *144,OU,S,CA,12,0,3218.39,22.35,268.2,289.68,24.14,0,0,24.14,244.06,0,39.05,283.11,SOSHA1007000230,Invoice,Invoiced,21/03/2025,,,,,,,,,,,,,,12,Picked,DTR Van-D,,,,,,,,
IN001508,7880336,CT0010046903,SHA1007,1,238167,0238167,Jik Bleach Regular 70Ml *144,OU,S,CA,12,0,3218.39,22.35,268.2,289.68,24.14,0,0,24.14,244.06,0,39.05,283.11,SOSHA1007000236,Invoice,Invoiced,21/03/2025,,,,,,,,,,,,,,12,Picked,DTR Van-D,,,,,,,,
IN001066,7880336,CT0010054524,SHA1001,2,238167,0238167,Jik Bleach Regular 70Ml *144,OU,S,CA,11,0,3218.39,22.35,245.85,0,0,0,0,0,245.85,0,39.34,285.19,SOSHA1001000179,Invoice,Invoiced,17/03/2025,,,,,,,,,,,,,,11,Picked,DTR Van-D,,,,,,,,
IN000164,7880336,CT0010045101,SHA1002,3,3286535,3286535,HARPIC POWERPLUS 100ML,OU,S,CA,6,0,1552,43.11,258.66,0,0,0,0,0,258.66,0,41.39,300.05,SOSHA1002000035,Invoice,Invoiced,04/03/2025,,,,,,,,,,,,,,6,Picked,DTR Van-D,,,,,,,,
IN000405,7880336,CT0010054134,SHA1002,2,3286535,3286535,HARPIC POWERPLUS 100ML,OU,S,CA,6,0,1552,43.11,258.66,0,0,0,0,0,258.66,0,41.39,300.05,SOSHA1002000090,Invoice,Invoiced,06/03/2025,,,,,,,,,,,,,,6,Picked,DTR Van-D,,,,,,,,
IN000436,7880336,CT0010054102,SHA1004,8,3286535,3286535,HARPIC POWERPLUS 100ML,OU,S,CA,6,0,1552,43.11,258.66,0,0,0,0,0,258.66,0,41.39,300.05,SOSHA1004000053,Invoice,Invoiced,06/03/2025,,,,,,,,,,,,,,6,Picked,DTR Van-A,,,,,,,,
IN000471,7880336,CT0010054151,SHA1006,4,3286535,3286535,HARPIC POWERPLUS 100ML,OU,S,CA,6,0,1552,43.11,258.66,0,0,0,0,0,258.66,0,41.39,300.05,SOSHA1006000109,Invoice,Invoiced,06/03/2025,,,,,,,,,,,,,,6,Picked,DTR Van-A,,,,,,,,
IN000501,7880336,CT0010054006,SHA1004,2,3286535,3286535,HARPIC POWERPLUS 100ML,OU,S,CA,6,0,1552,43.11,258.66,0,0,0,0,0,258.66,0,41.39,300.05,SOSHA1004000018,Invoice,Invoiced,07/03/2025,,,,,,,,,,,,,,6,Picked,DTR Van-C,,,,,,,,
IN000657,7880336,CT0010054240,SHA1004,2,3286535,3286535,HARPIC POWERPLUS 100ML,OU,S,CA,6,0,1552,43.11,258.66,0,0,0,0,0,258.66,0,41.39,300.05,SOSHA1004000102,Invoice,Invoiced,10/03/2025,,,,,,,,,,,,,,6,Picked,DTR Van-A,,,,,,,,
IN000705,7880336,CT0010054293,SHA1001,2,3286535,3286535,HARPIC POWERPLUS 100ML,OU,S,CA,6,0,1552,43.11,258.66,0,0,0,0,0,258.66,0,41.39,300.05,SOSHA1001000110,Invoice,Invoiced,11/03/2025,,,,,,,,,,,,,,6,Picked,DTR Van-D,,,,,,,,
IN000786,7880336,CT0010054323,SHA1007,2,3286535,3286535,HARPIC POWERPLUS 100ML,OU,S,CA,6,0,1552,43.11,258.66,0,0,0,0,0,258.66,0,41.39,300.05,SOSHA1007000133,Invoice,Invoiced,11/03/2025,,,,,,,,,,,,,,6,Picked,DTR Van-D,,,,,,,,
IN000984,7880336,CT0010054480,SHA1001,1,3286535,3286535,HARPIC POWERPLUS 100ML,OU,S,CA,6,0,1552,43.11,258.66,0,0,0,0,0,258.66,0,41.39,300.05,SOSHA1001000167,Invoice,Invoiced,14/03/2025,,,,,,,,,,,,,,6,Picked,DTR Van-D,,,,,,,,
IN001015,7880336,CT0010054496,SHA1004,3,366163,0366163,Dettol Soap Original 72*60G,OU,S,CA,6,0,3986,55.36,332.16,358.68,29.89,0,0,29.89,302.27,0,0,302.27,SOSHA1004000164,Invoice,Invoiced,14/03/2025,,,,,,,,,,,,,,6,Picked,DTR Van-D,,,,,,,,
IN001111,7880336,CT0010054566,SHA1004,1,366163,0366163,Dettol Soap Original 72*60G,OU,S,CA,6,0,3986,55.36,332.16,358.68,29.89,0,0,29.89,302.27,0,0,302.27,SOSHA1004000189,Invoice,Invoiced,17/03/2025,,,,,,,,,,,,,,6,Picked,DTR Van-D,,,,,,,,
IN001227,7880336,CT0010054589,SHA1004,2,366163,0366163,Dettol Soap Original 72*60G,OU,S,CA,6,0,3986,55.36,332.16,358.68,29.89,0,0,29.89,302.27,0,0,302.27,SOSHA1004000212,Invoice,Invoiced,18/03/2025,,,,,,,,,,,,,,6,Picked,DTR Van-D,,,,,,,,
IN001230,7880336,CT0010054598,SHA1004,2,366163,0366163,Dettol Soap Original 72*60G,OU,S,CA,6,0,3986,55.36,332.16,358.68,29.89,0,0,29.89,302.27,0,0,302.27,SOSHA1004000215,Invoice,Invoiced,18/03/2025,,,,,,,,,,,,,,6,Picked,DTR Van-D,,,,,,,,
IN001234,7880336,CT0010054590,SHA1004,3,366163,0366163,Dettol Soap Original 72*60G,OU,S,CA,6,0,3986,55.36,332.16,358.68,29.89,0,0,29.89,302.27,0,0,302.27,SOSHA1004000209,Invoice,Invoiced,18/03/2025,,,,,,,,,,,,,,6,Picked,DTR Van-D,,,,,,,,
IN001317,7880336,CT0010054672,SHA1002,1,366163,0366163,Dettol Soap Original 72*60G,OU,S,CA,6,0,3986,55.36,332.16,358.68,29.89,0,0,29.89,302.27,0,0,302.27,SOSHA1002000225,Invoice,Invoiced,20/03/2025,,,,,,,,,,,,,,6,Picked,DTR Van-D,,,,,,,,
IN000381,7880336,CT0010046885,SHA1007,1,238167,0238167,Jik Bleach Regular 70Ml *144,OU,S,CA,13,0,3218.39,22.35,290.55,267.3969,24.14,0,0,24.14,266.41,0,42.63,309.04,SOSHA1007000054,Invoice,Invoiced,06/03/2025,,,,,,,,,,,,,,13,Picked,DTR Van-D,,,,,,,,
IN000153,7880336,CT0010054014,SHA1001,1,238167,0238167,Jik Bleach Regular 70Ml *144,OU,S,CA,12,0,3218.39,22.35,268.2,0,0,0,0,0,268.2,0,42.91,311.11,SOSHA1001000018,Invoice,Invoiced,04/03/2025,,,,,,,,,,,,,,12,Picked,DTR Van-D,,,,,,,,
IN000154,7880336,CT0010054013,SHA1001,1,238167,0238167,Jik Bleach Regular 70Ml *144,OU,S,CA,12,0,3218.39,22.35,268.2,0,0,0,0,0,268.2,0,42.91,311.11,SOSHA1001000019,Invoice,Invoiced,04/03/2025,,,,,,,,,,,,,,12,Picked,DTR Van-D,,,,,,,,
IN000160,7880336,CT0010043034,SHA1001,1,238167,0238167,Jik Bleach Regular 70Ml *144,OU,S,CA,12,0,3218.39,22.35,268.2,0,0,0,0,0,268.2,0,42.91,311.11,SOSHA1001000012,Invoice,Invoiced,04/03/2025,,,,,,,,,,,,,,12,Picked,DTR Van-D,,,,,,,,
IN000161,7880336,CT0010054010,SHA1001,1,238167,0238167,Jik Bleach Regular 70Ml *144,OU,S,CA,12,0,3218.39,22.35,268.2,0,0,0,0,0,268.2,0,42.91,311.11,SOSHA1001000015,Invoice,Invoiced,04/03/2025,,,,,,,,,,,,,,12,Picked,DTR Van-D,,,,,,,,
IN000165,7880336,CT0010043502,SHA1002,1,238167,0238167,Jik Bleach Regular 70Ml *144,OU,S,CA,12,0,3218.39,22.35,268.2,0,0,0,0,0,268.2,0,42.91,311.11,SOSHA1002000036,Invoice,Invoiced,04/03/2025,,,,,,,,,,,,,,12,Picked,DTR Van-D,,,,,,,,
IN000168,7880336,CT0010054001,SHA1002,1,238167,0238167,Jik Bleach Regular 70Ml *144,OU,S,CA,12,0,3218.39,22.35,268.2,0,0,0,0,0,268.2,0,42.91,311.11,SOSHA1002000041,Invoice,Invoiced,04/03/2025,,,,,,,,,,,,,,12,Picked,MiniMart,,,,,,,,
IN000169,7880336,CT0010045113,SHA1002,1,238167,0238167,Jik Bleach Regular 70Ml *144,OU,S,CA,12,0,3218.39,22.35,268.2,0,0,0,0,0,268.2,0,42.91,311.11,SOSHA1002000042,Invoice,Invoiced,04/03/2025,,,,,,,,,,,,,,12,Picked,DTR Van-D,,,,,,,,
IN000172,7880336,CT0010041712,SHA1003,1,238167,0238167,Jik Bleach Regular 70Ml *144,OU,S,CA,12,0,3218.39,22.35,268.2,0,0,0,0,0,268.2,0,42.91,311.11,SOSHA1003000054,Invoice,Invoiced,04/03/2025,,,,,,,,,,,,,,12,Picked,DTR Van-D,,,,,,,,
IN000181,7880336,CT0010043510,SHA1002,2,238167,0238167,Jik Bleach Regular 70Ml *144,OU,S,CA,12,0,3218.39,22.35,268.2,0,0,0,0,0,268.2,0,42.91,311.11,SOSHA1002000039,Invoice,Invoiced,04/03/2025,,,,,,,,,,,,,,12,Picked,DTR Van-D,,,,,,,,
IN000183,7880336,CT0010043578,SHA1007,1,238167,0238167,Jik Bleach Regular 70Ml *144,OU,S,CA,12,0,3218.39,22.35,268.2,0,0,0,0,0,268.2,0,42.91,311.11,SOSHA1007000024,Invoice,Invoiced,04/03/2025,,,,,,,,,,,,,,12,Picked,DTR Van-D,,,,,,,,
IN000184,7880336,CT0010043498,SHA1007,1,238167,0238167,Jik Bleach Regular 70Ml *144,OU,S,CA,12,0,3218.39,22.35,268.2,0,0,0,0,0,268.2,0,42.91,311.11,SOSHA1007000025,Invoice,Invoiced,04/03/2025,,,,,,,,,,,,,,12,Picked,DTR Van-D,,,,,,,,
IN000186,7880336,CT0010043530,SHA1007,1,238167,0238167,Jik Bleach Regular 70Ml *144,OU,S,CA,12,0,3218.39,22.35,268.2,0,0,0,0,0,268.2,0,42.91,311.11,SOSHA1007000027,Invoice,Invoiced,04/03/2025,,,,,,,,,,,,,,12,Picked,DTR Van-D,,,,,,,,
IN000188,7880336,CT0010043571,SHA1007,2,238167,0238167,Jik Bleach Regular 70Ml *144,OU,S,CA,12,0,3218.39,22.35,268.2,0,0,0,0,0,268.2,0,42.91,311.11,SOSHA1007000029,Invoice,Invoiced,04/03/2025,,,,,,,,,,,,,,12,Picked,DTR Van-D,,,,,,,,
IN000190,7880336,CT0010043491,SHA1007,1,238167,0238167,Jik Bleach Regular 70Ml *144,OU,S,CA,12,0,3218.39,22.35,268.2,0,0,0,0,0,268.2,0,42.91,311.11,SOSHA1007000031,Invoice,Invoiced,04/03/2025,,,,,,,,,,,,,,12,Picked,DTR Van-D,,,,,,,,
IN000221,7880336,CT0010054019,SHA1002,1,238167,0238167,Jik Bleach Regular 70Ml *144,OU,S,CA,12,0,3218.39,22.35,268.2,0,0,0,0,0,268.2,0,42.91,311.11,SOSHA1002000045,Invoice,Invoiced,05/03/2025,,,,,,,,,,,,,,12,Picked,DUKA,,,,,,,,
IN000224,7880336,CT0010054025,SHA1002,1,238167,0238167,Jik Bleach Regular 70Ml *144,OU,S,CA,12,0,3218.39,22.35,268.2,0,0,0,0,0,268.2,0,42.91,311.11,SOSHA1002000048,Invoice,Invoiced,05/03/2025,,,,,,,,,,,,,,12,Picked,DUKA,,,,,,,,
IN000231,7880336,CT0010054027,SHA1002,1,238167,0238167,Jik Bleach Regular 70Ml *144,OU,S,CA,12,0,3218.39,22.35,268.2,0,0,0,0,0,268.2,0,42.91,311.11,SOSHA1002000055,Invoice,Invoiced,05/03/2025,,,,,,,,,,,,,,12,Picked,DUKA,,,,,,,,
IN000263,7880336,CT0010054036,SHA1006,2,238167,0238167,Jik Bleach Regular 70Ml *144,OU,S,CA,12,0,3218.39,22.35,268.2,0,0,0,0,0,268.2,0,42.91,311.11,SOSHA1006000075,Invoice,Invoiced,05/03/2025,,,,,,,,,,,,,,12,Picked,DTR Van-A,,,,,,,,
IN000347,7880336,CT0010054077,SHA1005,1,238167,0238167,Jik Bleach Regular 70Ml *144,OU,S,CA,12,0,3218.39,22.35,268.2,0,0,0,0,0,268.2,0,42.91,311.11,SOSHA1005000032,Invoice,Invoiced,06/03/2025,,,,,,,,,,,,,,12,Picked,DTR Van-D,,,,,,,,
IN000351,7880336,CT0010054084,SHA1006,2,238167,0238167,Jik Bleach Regular 70Ml *144,OU,S,CA,12,0,3218.39,22.35,268.2,0,0,0,0,0,268.2,0,42.91,311.11,SOSHA1006000082,Invoice,Invoiced,06/03/2025,,,,,,,,,,,,,,12,Picked,DTR Van-A,,,,,,,,
IN000352,7880336,CT0010054079,SHA1006,2,238167,0238167,Jik Bleach Regular 70Ml *144,OU,S,CA,12,0,3218.39,22.35,268.2,0,0,0,0,0,268.2,0,42.91,311.11,SOSHA1006000080,Invoice,Invoiced,06/03/2025,,,,,,,,,,,,,,12,Picked,DTR Van-A,,,,,,,,
IN000353,7880336,CT0010054081,SHA1006,1,238167,0238167,Jik Bleach Regular 70Ml *144,OU,S,CA,12,0,3218.39,22.35,268.2,0,0,0,0,0,268.2,0,42.91,311.11,SOSHA1006000083,Invoice,Invoiced,06/03/2025,,,,,,,,,,,,,,12,Picked,DTR Van-A,,,,,,,,
IN000357,7880336,CT0010054086,SHA1006,2,238167,0238167,Jik Bleach Regular 70Ml *144,OU,S,CA,12,0,3218.39,22.35,268.2,0,0,0,0,0,268.2,0,42.91,311.11,SOSHA1006000087,Invoice,Invoiced,06/03/2025,,,,,,,,,,,,,,12,Picked,DTR Van-A,,,,,,,,
IN000360,7880336,CT0010054088,SHA1006,1,238167,0238167,Jik Bleach Regular 70Ml *144,OU,S,CA,12,0,3218.39,22.35,268.2,0,0,0,0,0,268.2,0,42.91,311.11,SOSHA1006000090,Invoice,Invoiced,06/03/2025,,,,,,,,,,,,,,12,Picked,DTR Van-A,,,,,,,,
IN000364,7880336,CT0010054095,SHA1006,1,238167,0238167,Jik Bleach Regular 70Ml *144,OU,S,CA,12,0,3218.39,22.35,268.2,0,0,0,0,0,268.2,0,42.91,311.11,SOSHA1006000094,Invoice,Invoiced,06/03/2025,,,,,,,,,,,,,,12,Picked,DTR Van-A,,,,,,,,
IN000365,7880336,CT0010054096,SHA1006,1,238167,0238167,Jik Bleach Regular 70Ml *144,OU,S,CA,12,0,3218.39,22.35,268.2,0,0,0,0,0,268.2,0,42.91,311.11,SOSHA1006000095,Invoice,Invoiced,06/03/2025,,,,,,,,,,,,,,12,Picked,DTR Van-A,,,,,,,,
IN000366,7880336,CT0010054109,SHA1006,2,238167,0238167,Jik Bleach Regular 70Ml *144,OU,S,CA,12,0,3218.39,22.35,268.2,0,0,0,0,0,268.2,0,42.91,311.11,SOSHA1006000096,Invoice,Invoiced,06/03/2025,,,,,,,,,,,,,,12,Picked,DTR Van-A,,,,,,,,
IN000387,7880336,CT0010054129,SHA1001,1,238167,0238167,Jik Bleach Regular 70Ml *144,OU,S,CA,12,0,3218.39,22.35,268.2,0,0,0,0,0,268.2,0,42.91,311.11,SOSHA1001000059,Invoice,Invoiced,06/03/2025,,,,,,,,,,,,,,12,Picked,DTR Van-D,,,,,,,,
IN000434,7880336,CT0010054157,SHA1004,1,238167,0238167,Jik Bleach Regular 70Ml *144,OU,S,CA,12,0,3218.39,22.35,268.2,0,0,0,0,0,268.2,0,42.91,311.11,SOSHA1004000071,Invoice,Invoiced,06/03/2025,,,,,,,,,,,,,,12,Picked,DTR Van-A,,,,,,,,
IN000435,7880336,CT0010054153,SHA1004,1,238167,0238167,Jik Bleach Regular 70Ml *144,OU,S,CA,12,0,3218.39,22.35,268.2,0,0,0,0,0,268.2,0,42.91,311.11,SOSHA1004000072,Invoice,Invoiced,06/03/2025,,,,,,,,,,,,,,12,Picked,DTR Van-A,,,,,,,,
IN000438,7880336,CT0010054159,SHA1004,1,238167,0238167,Jik Bleach Regular 70Ml *144,OU,S,CA,12,0,3218.39,22.35,268.2,0,0,0,0,0,268.2,0,42.91,311.11,SOSHA1004000069,Invoice,Invoiced,06/03/2025,,,,,,,,,,,,,,12,Picked,DTR Van-A,,,,,,,,
IN000444,7880336,CT0010054114,SHA1005,1,238167,0238167,Jik Bleach Regular 70Ml *144,OU,S,CA,12,0,3218.39,22.35,268.2,0,0,0,0,0,268.2,0,42.91,311.11,SOSHA1005000039,Invoice,Invoiced,06/03/2025,,,,,,,,,,,,,,12,Picked,DTR Van-D,,,,,,,,
IN000445,7880336,CT0010054144,SHA1005,1,238167,0238167,Jik Bleach Regular 70Ml *144,OU,S,CA,12,0,3218.39,22.35,268.2,0,0,0,0,0,268.2,0,42.91,311.11,SOSHA1005000040,Invoice,Invoiced,06/03/2025,,,,,,,,,,,,,,12,Picked,DTR Van-D,,,,,,,,
IN000451,7880336,CT0010054140,SHA1005,1,238167,0238167,Jik Bleach Regular 70Ml *144,OU,S,CA,12,0,3218.39,22.35,268.2,0,0,0,0,0,268.2,0,42.91,311.11,SOSHA1005000047,Invoice,Invoiced,06/03/2025,,,,,,,,,,,,,,12,Picked,DTR Van-D,,,,,,,,
IN000455,7880336,CT0010054139,SHA1005,2,238167,0238167,Jik Bleach Regular 70Ml *144,OU,S,CA,12,0,3218.39,22.35,268.2,0,0,0,0,0,268.2,0,42.91,311.11,SOSHA1005000053,Invoice,Invoiced,06/03/2025,,,,,,,,,,,,,,12,Picked,DTR Van-D,,,,,,,,
IN000458,7880336,CT0010054141,SHA1005,2,238167,0238167,Jik Bleach Regular 70Ml *144,OU,S,CA,12,0,3218.39,22.35,268.2,0,0,0,0,0,268.2,0,42.91,311.11,SOSHA1005000048,Invoice,Invoiced,06/03/2025,,,,,,,,,,,,,,12,Picked,DTR Van-D,,,,,,,,
IN000464,7880336,CT0010054148,SHA1006,1,238167,0238167,Jik Bleach Regular 70Ml *144,OU,S,CA,12,0,3218.39,22.35,268.2,0,0,0,0,0,268.2,0,42.91,311.11,SOSHA1006000103,Invoice,Invoiced,06/03/2025,,,,,,,,,,,,,,12,Picked,DTR Van-A,,,,,,,,
IN000466,7880336,CT0010054150,SHA1006,1,238167,0238167,Jik Bleach Regular 70Ml *144,OU,S,CA,12,0,3218.39,22.35,268.2,0,0,0,0,0,268.2,0,42.91,311.11,SOSHA1006000105,Invoice,Invoiced,06/03/2025,,,,,,,,,,,,,,12,Picked,DTR Van-A,,,,,,,,
IN000467,7880336,CT0010054121,SHA1006,3,238167,0238167,Jik Bleach Regular 70Ml *144,OU,S,CA,12,0,3218.39,22.35,268.2,0,0,0,0,0,268.2,0,42.91,311.11,SOSHA1006000106,Invoice,Invoiced,06/03/2025,,,,,,,,,,,,,,12,Picked,DTR Van-A,,,,,,,,
IN000489,7880336,CT0010054125,SHA1007,2,238167,0238167,Jik Bleach Regular 70Ml *144,OU,S,CA,12,0,3218.39,22.35,268.2,0,0,0,0,0,268.2,0,42.91,311.11,SOSHA1007000072,Invoice,Invoiced,06/03/2025,,,,,,,,,,,,,,12,Picked,DTR Van-D,,,,,,,,
IN000498,7880336,CT0010053992,SHA1004,1,238167,0238167,Jik Bleach Regular 70Ml *144,OU,S,CA,12,0,3218.39,22.35,268.2,0,0,0,0,0,268.2,0,42.91,311.11,SOSHA1004000015,Invoice,Invoiced,07/03/2025,,,,,,,,,,,,,,12,Picked,DTR Van-D,,,,,,,,
IN000499,7880336,CT0010053994,SHA1004,1,238167,0238167,Jik Bleach Regular 70Ml *144,OU,S,CA,12,0,3218.39,22.35,268.2,0,0,0,0,0,268.2,0,42.91,311.11,SOSHA1004000016,Invoice,Invoiced,07/03/2025,,,,,,,,,,,,,,12,Picked,DTR Van-C,,,,,,,,
IN000501,7880336,CT0010054006,SHA1004,1,238167,0238167,Jik Bleach Regular 70Ml *144,OU,S,CA,12,0,3218.39,22.35,268.2,0,0,0,0,0,268.2,0,42.91,311.11,SOSHA1004000018,Invoice,Invoiced,07/03/2025,,,,,,,,,,,,,,12,Picked,DTR Van-C,,,,,,,,
IN000555,7880336,CT0010054196,SHA1005,1,238167,0238167,Jik Bleach Regular 70Ml *144,OU,S,CA,12,0,3218.39,22.35,268.2,0,0,0,0,0,268.2,0,42.91,311.11,SOSHA1005000062,Invoice,Invoiced,08/03/2025,,,,,,,,,,,,,,12,Picked,DTR Van-D,,,,,,,,
IN000556,7880336,CT0010054194,SHA1005,1,238167,0238167,Jik Bleach Regular 70Ml *144,OU,S,CA,12,0,3218.39,22.35,268.2,0,0,0,0,0,268.2,0,42.91,311.11,SOSHA1005000063,Invoice,Invoiced,08/03/2025,,,,,,,,,,,,,,12,Picked,DTR Van-D,,,,,,,,
IN000563,7880336,CT0010054218,SHA1005,1,238167,0238167,Jik Bleach Regular 70Ml *144,OU,S,CA,12,0,3218.39,22.35,268.2,0,0,0,0,0,268.2,0,42.91,311.11,SOSHA1005000070,Invoice,Invoiced,08/03/2025,,,,,,,,,,,,,,12,Picked,DTR Van-D,,,,,,,,
IN000564,7880336,CT0010054178,SHA1006,1,238167,0238167,Jik Bleach Regular 70Ml *144,OU,S,CA,12,0,3218.39,22.35,268.2,0,0,0,0,0,268.2,0,42.91,311.11,SOSHA1006000114,Invoice,Invoiced,08/03/2025,,,,,,,,,,,,,,12,Picked,DTR Van-D,,,,,,,,
IN000565,7880336,CT0010054175,SHA1006,1,238167,0238167,Jik Bleach Regular 70Ml *144,OU,S,CA,12,0,3218.39,22.35,268.2,0,0,0,0,0,268.2,0,42.91,311.11,SOSHA1006000115,Invoice,Invoiced,08/03/2025,,,,,,,,,,,,,,12,Picked,DTR Van-A,,,,,,,,
IN000566,7880336,CT0010054176,SHA1006,1,238167,0238167,Jik Bleach Regular 70Ml *144,OU,S,CA,12,0,3218.39,22.35,268.2,0,0,0,0,0,268.2,0,42.91,311.11,SOSHA1006000116,Invoice,Invoiced,08/03/2025,,,,,,,,,,,,,,12,Picked,DTR Van-D,,,,,,,,
IN000573,7880336,CT0010054202,SHA1006,1,238167,0238167,Jik Bleach Regular 70Ml *144,OU,S,CA,12,0,3218.39,22.35,268.2,0,0,0,0,0,268.2,0,42.91,311.11,SOSHA1006000125,Invoice,Invoiced,08/03/2025,,,,,,,,,,,,,,12,Picked,DTR Van-A,,,,,,,,
IN000583,7880336,CT0010054179,SHA1007,1,238167,0238167,Jik Bleach Regular 70Ml *144,OU,S,CA,12,0,3218.39,22.35,268.2,0,0,0,0,0,268.2,0,42.91,311.11,SOSHA1007000086,Invoice,Invoiced,08/03/2025,,,,,,,,,,,,,,12,Picked,DTR Van-D,,,,,,,,
IN000591,7880336,CT0010054164,SHA1007,2,238167,0238167,Jik Bleach Regular 70Ml *144,OU,S,CA,12,0,3218.39,22.35,268.2,0,0,0,0,0,268.2,0,42.91,311.11,SOSHA1007000095,Invoice,Invoiced,08/03/2025,,,,,,,,,,,,,,12,Picked,DTR Van-D,,,,,,,,
IN000598,7880336,CT0010054219,SHA1004,4,238167,0238167,Jik Bleach Regular 70Ml *144,OU,S,CA,12,0,3218.39,22.35,268.2,0,0,0,0,0,268.2,0,42.91,311.11,SOSHA1004000087,Invoice,Invoiced,10/03/2025,,,,,,,,,,,,,,12,Unpick,DTR Van-A,,,,,,,,
IN000605,7880336,CT0010054256,SHA1001,1,238167,0238167,Jik Bleach Regular 70Ml *144,OU,S,CA,12,0,3218.39,22.35,268.2,0,0,0,0,0,268.2,0,42.91,311.11,SOSHA1001000098,Invoice,Invoiced,10/03/2025,,,,,,,,,,,,,,12,Picked,DTR Van-D,,,,,,,,
IN000608,7880336,CT0010054258,SHA1001,1,238167,0238167,Jik Bleach Regular 70Ml *144,OU,S,CA,12,0,3218.39,22.35,268.2,0,0,0,0,0,268.2,0,42.91,311.11,SOSHA1001000101,Invoice,Invoiced,10/03/2025,,,,,,,,,,,,,,12,Picked,DTR Van-D,,,,,,,,
IN000658,7880336,CT0010054239,SHA1004,1,238167,0238167,Jik Bleach Regular 70Ml *144,OU,S,CA,12,0,3218.39,22.35,268.2,0,0,0,0,0,268.2,0,42.91,311.11,SOSHA1004000103,Invoice,Invoiced,10/03/2025,,,,,,,,,,,,,,12,Picked,DTR Van-A,,,,,,,,
IN000668,7880336,CT0010054243,SHA1005,1,238167,0238167,Jik Bleach Regular 70Ml *144,OU,S,CA,12,0,3218.39,22.35,268.2,0,0,0,0,0,268.2,0,42.91,311.11,SOSHA1005000074,Invoice,Invoiced,10/03/2025,,,,,,,,,,,,,,12,Picked,DTR Van-D,,,,,,,,
IN000670,7880336,CT0010054245,SHA1005,1,238167,0238167,Jik Bleach Regular 70Ml *144,OU,S,CA,12,0,3218.39,22.35,268.2,0,0,0,0,0,268.2,0,42.91,311.11,SOSHA1005000076,Invoice,Invoiced,10/03/2025,,,,,,,,,,,,,,12,Picked,DTR Van-D,,,,,,,,
IN000694,7880336,CT0010054255,SHA1007,1,238167,0238167,Jik Bleach Regular 70Ml *144,OU,S,CA,12,0,3218.39,22.35,268.2,0,0,0,0,0,268.2,0,42.91,311.11,SOSHA1007000116,Invoice,Invoiced,10/03/2025,,,,,,,,,,,,,,12,Picked,DTR Van-D,,,,,,,,
IN000696,7880336,CT0010054249,SHA1007,1,238167,0238167,Jik Bleach Regular 70Ml *144,OU,S,CA,12,0,3218.39,22.35,268.2,0,0,0,0,0,268.2,0,42.91,311.11,SOSHA1007000118,Invoice,Invoiced,10/03/2025,,,,,,,,,,,,,,12,Picked,DTR Van-D,,,,,,,,
IN000708,7880336,CT0010054295,SHA1001,1,238167,0238167,Jik Bleach Regular 70Ml *144,OU,S,CA,12,0,3218.39,22.35,268.2,0,0,0,0,0,268.2,0,42.91,311.11,SOSHA1001000113,Invoice,Invoiced,11/03/2025,,,,,,,,,,,,,,12,Picked,DTR Van-D,,,,,,,,
IN000716,7880336,CT0010054300,SHA1001,1,238167,0238167,Jik Bleach Regular 70Ml *144,OU,S,CA,12,0,3218.39,22.35,268.2,0,0,0,0,0,268.2,0,42.91,311.11,SOSHA1001000121,Invoice,Invoiced,11/03/2025,,,,,,,,,,,,,,12,Picked,DTR Van-D,,,,,,,,
IN000718,7880336,CT0010054301,SHA1001,1,238167,0238167,Jik Bleach Regular 70Ml *144,OU,S,CA,12,0,3218.39,22.35,268.2,0,0,0,0,0,268.2,0,42.91,311.11,SOSHA1001000123,Invoice,Invoiced,11/03/2025,,,,,,,,,,,,,,12,Picked,DTR Van-D,,,,,,,,
IN000722,7880336,CT0010054304,SHA1001,1,238167,0238167,Jik Bleach Regular 70Ml *144,OU,S,CA,12,0,3218.39,22.35,268.2,0,0,0,0,0,268.2,0,42.91,311.11,SOSHA1001000126,Invoice,Invoiced,11/03/2025,,,,,,,,,,,,,,12,Picked,DTR Van-D,,,,,,,,
IN000723,7880336,CT0010054305,SHA1001,1,238167,0238167,Jik Bleach Regular 70Ml *144,OU,S,CA,12,0,3218.39,22.35,268.2,0,0,0,0,0,268.2,0,42.91,311.11,SOSHA1001000127,Invoice,Invoiced,11/03/2025,,,,,,,,,,,,,,12,Picked,DTR Van-D,,,,,,,,
IN000724,7880336,CT0010054314,SHA1001,2,238167,0238167,Jik Bleach Regular 70Ml *144,OU,S,CA,12,0,3218.39,22.35,268.2,0,0,0,0,0,268.2,0,42.91,311.11,SOSHA1001000128,Invoice,Invoiced,11/03/2025,,,,,,,,,,,,,,12,Picked,DTR Van-D,,,,,,,,
IN000732,7880336,CT0010054277,SHA1002,2,238167,0238167,Jik Bleach Regular 70Ml *144,OU,S,CA,12,0,3218.39,22.35,268.2,0,0,0,0,0,268.2,0,42.91,311.11,SOSHA1002000137,Invoice,Invoiced,11/03/2025,,,,,,,,,,,,,,12,Picked,DTR Van-D,,,,,,,,
IN000752,7880336,CT0010054278,SHA1004,1,238167,0238167,Jik Bleach Regular 70Ml *144,OU,S,CA,12,0,3218.39,22.35,268.2,0,0,0,0,0,268.2,0,42.91,311.11,SOSHA1004000118,Invoice,Invoiced,11/03/2025,,,,,,,,,,,,,,12,Picked,DTR Van-A,,,,,,,,
IN000753,7880336,CT0010054275,SHA1004,2,238167,0238167,Jik Bleach Regular 70Ml *144,OU,S,CA,12,0,3218.39,22.35,268.2,0,0,0,0,0,268.2,0,42.91,311.11,SOSHA1004000119,Invoice,Invoiced,11/03/2025,,,,,,,,,,,,,,12,Picked,DTR Van-A,,,,,,,,
IN000754,7880336,CT0010054272,SHA1004,1,238167,0238167,Jik Bleach Regular 70Ml *144,OU,S,CA,12,0,3218.39,22.35,268.2,0,0,0,0,0,268.2,0,42.91,311.11,SOSHA1004000120,Invoice,Invoiced,11/03/2025,,,,,,,,,,,,,,12,Picked,DTR Van-A,,,,,,,,
IN000756,7880336,CT0010054274,SHA1004,1,238167,0238167,Jik Bleach Regular 70Ml *144,OU,S,CA,12,0,3218.39,22.35,268.2,0,0,0,0,0,268.2,0,42.91,311.11,SOSHA1004000122,Invoice,Invoiced,11/03/2025,,,,,,,,,,,,,,12,Picked,DTR Van-A,,,,,,,,
IN000757,7880336,CT0010054313,SHA1004,1,238167,0238167,Jik Bleach Regular 70Ml *144,OU,S,CA,12,0,3218.39,22.35,268.2,0,0,0,0,0,268.2,0,42.91,311.11,SOSHA1004000123,Invoice,Invoiced,11/03/2025,,,,,,,,,,,,,,12,Picked,DTR Van-A,,,,,,,,
IN000769,7880336,CT0010054241,SHA1006,1,238167,0238167,Jik Bleach Regular 70Ml *144,OU,S,CA,12,0,3218.39,22.35,268.2,0,0,0,0,0,268.2,0,42.91,311.11,SOSHA1006000136,Invoice,Invoiced,11/03/2025,,,,,,,,,,,,,,12,Picked,DTR Van-D,,,,,,,,
IN000770,7880336,CT0010054252,SHA1006,1,238167,0238167,Jik Bleach Regular 70Ml *144,OU,S,CA,12,0,3218.39,22.35,268.2,0,0,0,0,0,268.2,0,42.91,311.11,SOSHA1006000137,Invoice,Invoiced,11/03/2025,,,,,,,,,,,,,,12,Picked,DTR Van-D,,,,,,,,
IN000813,7880336,CT0010054335,SHA1001,1,238167,0238167,Jik Bleach Regular 70Ml *144,OU,S,CA,12,0,3218.39,22.35,268.2,0,0,0,0,0,268.2,0,42.91,311.11,SOSHA1001000138,Invoice,Invoiced,12/03/2025,,,,,,,,,,,,,,12,Picked,DTR Van-D,,,,,,,,
IN000815,7880336,CT0010054366,SHA1001,1,238167,0238167,Jik Bleach Regular 70Ml *144,OU,S,CA,12,0,3218.39,22.35,268.2,0,0,0,0,0,268.2,0,42.91,311.11,SOSHA1001000140,Invoice,Invoiced,12/03/2025,,,,,,,,,,,,,,12,Picked,DTR Van-D,,,,,,,,
IN000982,7880336,CT0010054479,SHA1001,1,238167,0238167,Jik Bleach Regular 70Ml *144,OU,S,CA,12,0,3218.39,22.35,268.2,0,0,0,0,0,268.2,0,42.91,311.11,SOSHA1001000165,Invoice,Invoiced,14/03/2025,,,,,,,,,,,,,,12,Picked,DTR Van-D,,,,,,,,
IN000986,7880336,CT0010054481,SHA1001,1,238167,0238167,Jik Bleach Regular 70Ml *144,OU,S,CA,12,0,3218.39,22.35,268.2,0,0,0,0,0,268.2,0,42.91,311.11,SOSHA1001000170,Invoice,Invoiced,14/03/2025,,,,,,,,,,,,,,12,Picked,DTR Van-D,,,,,,,,
IN001068,7880336,CT0010054531,SHA1001,1,238167,0238167,Jik Bleach Regular 70Ml *144,OU,S,CA,12,0,3218.39,22.35,268.2,0,0,0,0,0,268.2,0,42.91,311.11,SOSHA1001000181,Invoice,Invoiced,17/03/2025,,,,,,,,,,,,,,12,Picked,DTR Van-D,,,,,,,,
IN001069,7880336,CT0010054532,SHA1001,1,238167,0238167,Jik Bleach Regular 70Ml *144,OU,S,CA,12,0,3218.39,22.35,268.2,0,0,0,0,0,268.2,0,42.91,311.11,SOSHA1001000182,Invoice,Invoiced,17/03/2025,,,,,,,,,,,,,,12,Picked,DTR Van-D,,,,,,,,
IN001290,7880336,CT0010054650,SHA1001,1,238167,0238167,Jik Bleach Regular 70Ml *144,OU,S,CA,12,0,3218.39,22.35,268.2,0,0,0,0,0,268.2,0,42.91,311.11,SOSHA1001000211,Invoice,Invoiced,20/03/2025,,,,,,,,,,,,,,12,Picked,DTR Van-D,,,,,,,,
IN001407,7880336,CT0010054693,SHA1001,1,238167,0238167,Jik Bleach Regular 70Ml *144,OU,S,CA,12,0,3218.39,22.35,268.2,0,0,0,0,0,268.2,0,42.91,311.11,SOSHA1001000225,Invoice,Invoiced,21/03/2025,,,,,,,,,,,,,,12,Picked,DTR Van-D,,,,,,,,
IN001419,7880336,CT0010054692,SHA1001,1,238167,0238167,Jik Bleach Regular 70Ml *144,OU,S,CA,12,0,3218.39,22.35,268.2,0,0,0,0,0,268.2,0,42.91,311.11,SOSHA1001000223,Invoice,Invoiced,21/03/2025,,,,,,,,,,,,,,12,Picked,DTR Van-D,,,,,,,,
IN000127,7880336,CT0010041798,SHA1003,2,366194,0366194,Dettol Soap Herbal 72*60G,OU,S,CA,6,0,3986,55.36,332.16,239.16,19.93,0,0,19.93,312.23,0,0,312.23,SOSHA1003000011,Invoice,Invoiced,04/03/2025,,,,,,,,,,,,,,6,Unpick,DTR Van-D,,,,,,,,
IN000206,7880336,CT0010041503,SHA1005,3,8132342,8132342,Dettol Shower Gel Cool 12*250Ml,OU,S,CA,1,0,3890,324.17,324.17,0,0,0,0,0,324.17,0,0,324.17,SOSHA1005000001,Invoice,Invoiced,05/03/2025,,,,,,,,,,,,,,1,Unpick,DTR Van-D,,,,,,,,
IN000458,7880336,CT0010054141,SHA1005,1,3049801,3049801,DETTOL LIQUID 96*50ML,OU,S,CA,3,0,9028.21,94.04,282.12,0,0,0,0,0,282.12,0,45.14,327.26,SOSHA1005000048,Invoice,Invoiced,06/03/2025,,,,,,,,,,,,,,3,Picked,DTR Van-D,,,,,,,,
IN001217,7880336,CT0010054630,SHA1003,1,3049801,3049801,DETTOL LIQUID 96*50ML,OU,S,CA,3,0,9028.21,94.04,282.12,0,0,0,0,0,282.12,0,45.14,327.26,SOSHA1003000208,Invoice,Invoiced,18/03/2025,,,,,,,,,,,,,,3,Picked,DTR Van-D,,,,,,,,
IN000414,7880336,CT0010054132,SHA1002,2,366163,0366163,Dettol Soap Original 72*60G,OU,S,CA,6,0,3986,55.36,332.16,0,0,0,0,0,332.16,0,0,332.16,SOSHA1002000091,Invoice,Invoiced,06/03/2025,,,,,,,,,,,,,,6,Picked,DTR Van-A,,,,,,,,
IN000414,7880336,CT0010054132,SHA1002,3,366183,0366183,Dettol Soap Cool 72*60G,OU,S,CA,6,0,3986,55.36,332.16,0,0,0,0,0,332.16,0,0,332.16,SOSHA1002000091,Invoice,Invoiced,06/03/2025,,,,,,,,,,,,,,6,Picked,DTR Van-A,,,,,,,,
IN000456,7880336,CT0010054160,SHA1005,2,366163,0366163,Dettol Soap Original 72*60G,OU,S,CA,6,0,3986,55.36,332.16,0,0,0,0,0,332.16,0,0,332.16,SOSHA1005000054,Invoice,Invoiced,06/03/2025,,,,,,,,,,,,,,6,Picked,DTR Van-D,,,,,,,,
IN001015,7880336,CT0010054496,SHA1004,4,366194,0366194,Dettol Soap Herbal 72*60G,OU,S,CA,6,0,3986,55.36,332.16,0,0,0,0,0,332.16,0,0,332.16,SOSHA1004000164,Invoice,Invoiced,14/03/2025,,,,,,,,,,,,,,6,Picked,DTR Van-D,,,,,,,,
IN001267,7880336,CT0010054636,SHA1005,4,10027983,10027983,Durex Fetherlite 3's,OU,S,CA,1,0,84003.11,291.68,291.68,0,0,0,0,0,291.68,0,46.67,338.35,SOSHA1005000178,Invoice,Invoiced,18/03/2025,,,,,,,,,,,,,,1,Picked,DTR Van-D,,,,,,,,
IN000193,7880336,CT0010043739,SHA1003,1,3012868,3012868,Jik Colours 70Ml *144,OU,S,CA,12,0,4597.7,31.93,383.16,413.76,34.48,0,0,34.48,348.68,0,0,348.68,SOSHA1003000045,Invoice,Invoiced,05/03/2025,,,,,,,,,,,,,,12,Unpick,DTR Van-D,,,,,,,,
IN000197,7880336,CT0010043767,SHA1003,2,3012868,3012868,Jik Colours 70Ml *144,OU,S,CA,12,0,4597.7,31.93,383.16,413.76,34.48,0,0,34.48,348.68,0,0,348.68,SOSHA1003000050,Invoice,Invoiced,05/03/2025,,,,,,,,,,,,,,12,Unpick,DTR Van-D,,,,,,,,
IN000211,7880336,CT0010045717,SHA1006,1,3012868,3012868,Jik Colours 70Ml *144,OU,S,CA,12,0,4597.7,31.93,383.16,413.76,34.48,0,0,34.48,348.68,0,0,348.68,SOSHA1006000029,Invoice,Invoiced,05/03/2025,,,,,,,,,,,,,,12,Unpick,DTR Van-D,,,,,,,,
IN000386,7880336,CT0010046770,SHA1001,2,366163,0366163,Dettol Soap Original 72*60G,OU,S,CA,6,0,3986,55.36,332.16,358.68,29.89,0,0,29.89,302.27,0,48.36,350.63,SOSHA1001000058,Invoice,Invoiced,06/03/2025,,,,,,,,,,,,,,6,Picked,DTR Van-D,,,,,,,,
IN000404,7880336,CT0010047023,SHA1002,1,366163,0366163,Dettol Soap Original 72*60G,OU,S,CA,6,0,3986,55.36,332.16,358.68,29.89,0,0,29.89,302.27,0,48.36,350.63,SOSHA1002000088,Invoice,Invoiced,06/03/2025,,,,,,,,,,,,,,6,Picked,DTR Van-D,,,,,,,,
IN000410,7880336,CT0010047100,SHA1002,2,366163,0366163,Dettol Soap Original 72*60G,OU,S,CA,6,0,3986,55.36,332.16,358.68,29.89,0,0,29.89,302.27,0,48.36,350.63,SOSHA1002000096,Invoice,Invoiced,06/03/2025,,,,,,,,,,,,,,6,Picked,DTR Van-D,,,,,,,,
IN000413,7880336,CT0010047020,SHA1002,5,366163,0366163,Dettol Soap Original 72*60G,OU,S,CA,6,0,3986,55.36,332.16,358.68,29.89,0,0,29.89,302.27,0,48.36,350.63,SOSHA1002000089,Invoice,Invoiced,06/03/2025,,,,,,,,,,,,,,6,Picked,DTR Van-D,,,,,,,,
IN000416,7880336,CT0010042492,SHA1003,2,366163,0366163,Dettol Soap Original 72*60G,OU,S,CA,6,0,3986,55.36,332.16,358.68,29.89,0,0,29.89,302.27,0,48.36,350.63,SOSHA1003000082,Invoice,Invoiced,06/03/2025,,,,,,,,,,,,,,6,Picked,DTR Van-D,,,,,,,,
IN000418,7880336,CT0010042021,SHA1003,2,366163,0366163,Dettol Soap Original 72*60G,OU,S,CA,6,0,3986,55.36,332.16,358.68,29.89,0,0,29.89,302.27,0,48.36,350.63,SOSHA1003000084,Invoice,Invoiced,06/03/2025,,,,,,,,,,,,,,6,Picked,DTR Van-D,,,,,,,,
IN000421,7880336,CT0010046315,SHA1004,2,366163,0366163,Dettol Soap Original 72*60G,OU,S,CA,6,0,3986,55.36,332.16,358.68,29.89,0,0,29.89,302.27,0,48.36,350.63,SOSHA1004000054,Invoice,Invoiced,06/03/2025,,,,,,,,,,,,,,6,Picked,DTR Van-D,,,,,,,,
IN000515,7880336,CT0010044998,SHA1002,2,366163,0366163,Dettol Soap Original 72*60G,OU,S,CA,6,0,3986,55.36,332.16,358.68,29.89,0,0,29.89,302.27,0,48.36,350.63,SOSHA1002000101,Invoice,Invoiced,08/03/2025,,,,,,,,,,,,,,6,Picked,DTR Van-D,,,,,,,,
IN000530,7880336,CT0010043804,SHA1003,3,366163,0366163,Dettol Soap Original 72*60G,OU,S,CA,6,0,3986,55.36,332.16,358.68,29.89,0,0,29.89,302.27,0,48.36,350.63,SOSHA1003000096,Invoice,Invoiced,08/03/2025,,,,,,,,,,,,,,6,Picked,DTR Van-D,,,,,,,,
IN000532,7880336,CT0010043886,SHA1003,3,366163,0366163,Dettol Soap Original 72*60G,OU,S,CA,6,0,3986,55.36,332.16,358.68,29.89,0,0,29.89,302.27,0,48.36,350.63,SOSHA1003000098,Invoice,Invoiced,08/03/2025,,,,,,,,,,,,,,6,Picked,DTR Van-D,,,,,,,,
IN000534,7880336,CT0010043850,SHA1003,5,366163,0366163,Dettol Soap Original 72*60G,OU,S,CA,6,0,3986,55.36,332.16,358.68,29.89,0,0,29.89,302.27,0,48.36,350.63,SOSHA1003000100,Invoice,Invoiced,08/03/2025,,,,,,,,,,,,,,6,Picked,DTR Van-D,,,,,,,,
IN000535,7880336,CT0010043893,SHA1003,3,366163,0366163,Dettol Soap Original 72*60G,OU,S,CA,6,0,3986,55.36,332.16,358.68,29.89,0,0,29.89,302.27,0,48.36,350.63,SOSHA1003000101,Invoice,Invoiced,08/03/2025,,,,,,,,,,,,,,6,Picked,DTR Van-D,,,,,,,,
IN000578,7880336,CT0010051751,SHA1006,1,366163,0366163,Dettol Soap Original 72*60G,OU,S,CA,6,0,3986,55.36,332.16,358.68,29.89,0,0,29.89,302.27,0,48.36,350.63,SOSHA1006000127,Invoice,Invoiced,08/03/2025,,,,,,,,,,,,,,6,Picked,DTR Van-D,,,,,,,,
IN000579,7880336,CT0010047339,SHA1007,1,366163,0366163,Dettol Soap Original 72*60G,OU,S,CA,6,0,3986,55.36,332.16,358.68,29.89,0,0,29.89,302.27,0,48.36,350.63,SOSHA1007000082,Invoice,Invoiced,08/03/2025,,,,,,,,,,,,,,6,Picked,DTR Van-D,,,,,,,,
IN000602,7880336,CT0010042876,SHA1001,1,366163,0366163,Dettol Soap Original 72*60G,OU,S,CA,6,0,3986,55.36,332.16,358.68,29.89,0,0,29.89,302.27,0,48.36,350.63,SOSHA1001000095,Invoice,Invoiced,10/03/2025,,,,,,,,,,,,,,6,Picked,DTR Van-D,,,,,,,,
IN000607,7880336,CT0010044056,SHA1001,2,366163,0366163,Dettol Soap Original 72*60G,OU,S,CA,6,0,3986,55.36,332.16,358.68,29.89,0,0,29.89,302.27,0,48.36,350.63,SOSHA1001000100,Invoice,Invoiced,10/03/2025,,,,,,,,,,,,,,6,Picked,DTR Van-D,,,,,,,,
IN000615,7880336,CT0010046037,SHA1002,2,366163,0366163,Dettol Soap Original 72*60G,OU,S,CA,6,0,3986,55.36,332.16,358.68,29.89,0,0,29.89,302.27,0,48.36,350.63,SOSHA1002000117,Invoice,Invoiced,10/03/2025,,,,,,,,,,,,,,6,Picked,DTR Van-D,,,,,,,,
IN000620,7880336,CT0010046053,SHA1002,1,366163,0366163,Dettol Soap Original 72*60G,OU,S,CA,6,0,3986,55.36,332.16,358.68,29.89,0,0,29.89,302.27,0,48.36,350.63,SOSHA1002000124,Invoice,Invoiced,10/03/2025,,,,,,,,,,,,,,6,Picked,DTR Van-D,,,,,,,,
IN000623,7880336,CT0010046036,SHA1002,2,366163,0366163,Dettol Soap Original 72*60G,OU,S,CA,6,0,3986,55.36,332.16,358.68,29.89,0,0,29.89,302.27,0,48.36,350.63,SOSHA1002000127,Invoice,Invoiced,10/03/2025,,,,,,,,,,,,,,6,Picked,DTR Van-D,,,,,,,,
IN000624,7880336,CT0010046008,SHA1002,1,366163,0366163,Dettol Soap Original 72*60G,OU,S,CA,6,0,3986,55.36,332.16,358.68,29.89,0,0,29.89,302.27,0,48.36,350.63,SOSHA1002000128,Invoice,Invoiced,10/03/2025,,,,,,,,,,,,,,6,Picked,DTR Van-D,,,,,,,,
IN000625,7880336,CT0010046010,SHA1002,1,366163,0366163,Dettol Soap Original 72*60G,OU,S,CA,6,0,3986,55.36,332.16,358.68,29.89,0,0,29.89,302.27,0,48.36,350.63,SOSHA1002000129,Invoice,Invoiced,10/03/2025,,,,,,,,,,,,,,6,Picked,DTR Van-D,,,,,,,,
IN000626,7880336,CT0010046035,SHA1002,2,366163,0366163,Dettol Soap Original 72*60G,OU,S,CA,6,0,3986,55.36,332.16,358.68,29.89,0,0,29.89,302.27,0,48.36,350.63,SOSHA1002000130,Invoice,Invoiced,10/03/2025,,,,,,,,,,,,,,6,Picked,DTR Van-D,,,,,,,,
IN000652,7880336,CT0010045535,SHA1004,1,366163,0366163,Dettol Soap Original 72*60G,OU,S,CA,6,0,3986,55.36,332.16,358.68,29.89,0,0,29.89,302.27,0,48.36,350.63,SOSHA1004000097,Invoice,Invoiced,10/03/2025,,,,,,,,,,,,,,6,Picked,DTR Van-D,,,,,,,,
IN000653,7880336,CT0010045536,SHA1004,2,366163,0366163,Dettol Soap Original 72*60G,OU,S,CA,6,0,3986,55.36,332.16,358.68,29.89,0,0,29.89,302.27,0,48.36,350.63,SOSHA1004000098,Invoice,Invoiced,10/03/2025,,,,,,,,,,,,,,6,Picked,DTR Van-D,,,,,,,,
IN000683,7880336,CT0010044383,SHA1007,1,366163,0366163,Dettol Soap Original 72*60G,OU,S,CA,6,0,3986,55.36,332.16,358.68,29.89,0,0,29.89,302.27,0,48.36,350.63,SOSHA1007000102,Invoice,Invoiced,10/03/2025,,,,,,,,,,,,,,6,Picked,DTR Van-D,,,,,,,,
IN000704,7880336,CT0010042917,SHA1001,1,366163,0366163,Dettol Soap Original 72*60G,OU,S,CA,6,0,3986,55.36,332.16,358.68,29.89,0,0,29.89,302.27,0,48.36,350.63,SOSHA1001000109,Invoice,Invoiced,11/03/2025,,,,,,,,,,,,,,6,Picked,DTR Van-D,,,,,,,,
IN000707,7880336,CT0010042929,SHA1001,3,366163,0366163,Dettol Soap Original 72*60G,OU,S,CA,6,0,3986,55.36,332.16,358.68,29.89,0,0,29.89,302.27,0,48.36,350.63,SOSHA1001000112,Invoice,Invoiced,11/03/2025,,,,,,,,,,,,,,6,Picked,DTR Van-D,,,,,,,,
IN000712,7880336,CT0010042978,SHA1001,1,366163,0366163,Dettol Soap Original 72*60G,OU,S,CA,6,0,3986,55.36,332.16,358.68,29.89,0,0,29.89,302.27,0,48.36,350.63,SOSHA1001000117,Invoice,Invoiced,11/03/2025,,,,,,,,,,,,,,6,Picked,DTR Van-D,,,,,,,,
IN000719,7880336,CT0010042970,SHA1001,3,366163,0366163,Dettol Soap Original 72*60G,OU,S,CA,6,0,3986,55.36,332.16,358.68,29.89,0,0,29.89,302.27,0,48.36,350.63,SOSHA1001000124,Invoice,Invoiced,11/03/2025,,,,,,,,,,,,,,6,Picked,DTR Van-D,,,,,,,,
IN000730,7880336,CT0010045167,SHA1002,4,366163,0366163,Dettol Soap Original 72*60G,OU,S,CA,6,0,3986,55.36,332.16,358.68,29.89,0,0,29.89,302.27,0,48.36,350.63,SOSHA1002000135,Invoice,Invoiced,11/03/2025,,,,,,,,,,,,,,6,Picked,DTR Van-D,,,,,,,,
IN000734,7880336,CT0010043726,SHA1003,1,366163,0366163,Dettol Soap Original 72*60G,OU,S,CA,6,0,3986,55.36,332.16,358.68,29.89,0,0,29.89,302.27,0,48.36,350.63,SOSHA1003000122,Invoice,Invoiced,11/03/2025,,,,,,,,,,,,,,6,Picked,DTR Van-D,,,,,,,,
IN000743,7880336,CT0010043750,SHA1003,4,366163,0366163,Dettol Soap Original 72*60G,OU,S,CA,6,0,3986,55.36,332.16,358.68,29.89,0,0,29.89,302.27,0,48.36,350.63,SOSHA1003000128,Invoice,Invoiced,11/03/2025,,,,,,,,,,,,,,6,Picked,DTR Van-D,,,,,,,,
IN000758,7880336,CT0010043745,SHA1003,14,366163,0366163,Dettol Soap Original 72*60G,OU,S,CA,6,0,3986,55.36,332.16,358.68,29.89,0,0,29.89,302.27,0,48.36,350.63,SOSHA1003000132,Invoice,Invoiced,11/03/2025,,,,,,,,,,,,,,6,Picked,DTR Van-D,,,,,,,,
IN000759,7880336,CT0010045496,SHA1004,4,366163,0366163,Dettol Soap Original 72*60G,OU,S,CA,6,0,3986,55.36,332.16,358.68,29.89,0,0,29.89,302.27,0,48.36,350.63,SOSHA1004000114,Invoice,Invoiced,11/03/2025,,,,,,,,,,,,,,6,Picked,DTR Van-D,,,,,,,,
IN000777,7880336,CT0010044523,SHA1006,1,366163,0366163,Dettol Soap Original 72*60G,OU,S,CA,6,0,3986,55.36,332.16,358.68,29.89,0,0,29.89,302.27,0,48.36,350.63,SOSHA1006000140,Invoice,Invoiced,11/03/2025,,,,,,,,,,,,,,6,Picked,DTR Van-D,,,,,,,,
IN000807,7880336,CT0010054284,SHA1006,5,366163,0366163,Dettol Soap Original 72*60G,OU,S,CA,6,0,3986,55.36,332.16,358.68,29.89,0,0,29.89,302.27,0,48.36,350.63,SOSHA1006000148,Invoice,Invoiced,12/03/2025,,,,,,,,,,,,,,6,Picked,DTR Van-D,,,,,,,,
IN000808,7880336,CT0010054283,SHA1006,1,366163,0366163,Dettol Soap Original 72*60G,OU,S,CA,6,0,3986,55.36,332.16,358.68,29.89,0,0,29.89,302.27,0,48.36,350.63,SOSHA1006000149,Invoice,Invoiced,12/03/2025,,,,,,,,,,,,,,6,Picked,DTR Van-D,,,,,,,,
IN000822,7880336,CT0010050994,SHA1001,3,366163,0366163,Dettol Soap Original 72*60G,OU,S,CA,6,0,3986,55.36,332.16,358.68,29.89,0,0,29.89,302.27,0,48.36,350.63,SOSHA1001000147,Invoice,Invoiced,12/03/2025,,,,,,,,,,,,,,6,Picked,DTR Van-D,,,,,,,,
IN000832,7880336,CT0010043004,SHA1004,3,366163,0366163,Dettol Soap Original 72*60G,OU,S,CA,6,0,3986,55.36,332.16,358.68,29.89,0,0,29.89,302.27,0,48.36,350.63,SOSHA1004000128,Invoice,Invoiced,12/03/2025,,,,,,,,,,,,,,6,Picked,DTR Van-D,,,,,,,,
IN000842,7880336,CT0010054341,SHA1005,4,366163,0366163,Dettol Soap Original 72*60G,OU,S,CA,6,0,3986,55.36,332.16,358.68,29.89,0,0,29.89,302.27,0,48.36,350.63,SOSHA1005000103,Invoice,Invoiced,12/03/2025,,,,,,,,,,,,,,6,Picked,DTR Van-D,,,,,,,,
IN000847,7880336,CT0010043005,SHA1004,3,366163,0366163,Dettol Soap Original 72*60G,OU,S,CA,6,0,3986,55.36,332.16,358.68,29.89,0,0,29.89,302.27,0,48.36,350.63,SOSHA1004000130,Invoice,Invoiced,12/03/2025,,,,,,,,,,,,,,6,Picked,DTR Van-D,,,,,,,,
IN000855,7880336,CT0010045971,SHA1007,1,366163,0366163,Dettol Soap Original 72*60G,OU,S,CA,6,0,3986,55.36,332.16,358.68,29.89,0,0,29.89,302.27,0,48.36,350.63,SOSHA1007000141,Invoice,Invoiced,12/03/2025,,,,,,,,,,,,,,6,Picked,DTR Van-D,,,,,,,,
IN000861,7880336,CT0010054354,SHA1007,2,366163,0366163,Dettol Soap Original 72*60G,OU,S,CA,6,0,3986,55.36,332.16,358.68,29.89,0,0,29.89,302.27,0,48.36,350.63,SOSHA1007000147,Invoice,Invoiced,12/03/2025,,,,,,,,,,,,,,6,Picked,DTR Van-D,,,,,,,,
IN000864,7880336,CT0010045797,SHA1002,1,366163,0366163,Dettol Soap Original 72*60G,OU,S,CA,6,0,3986,55.36,332.16,358.68,29.89,0,0,29.89,302.27,0,48.36,350.63,SOSHA1002000147,Invoice,Invoiced,12/03/2025,,,,,,,,,,,,,,6,Picked,DTR Van-D,,,,,,,,
IN000865,7880336,CT0010045814,SHA1002,3,366163,0366163,Dettol Soap Original 72*60G,OU,S,CA,6,0,3986,55.36,332.16,358.68,29.89,0,0,29.89,302.27,0,48.36,350.63,SOSHA1002000148,Invoice,Invoiced,12/03/2025,,,,,,,,,,,,,,6,Picked,DTR Van-D,,,,,,,,
IN000867,7880336,CT0010054372,SHA1002,2,366163,0366163,Dettol Soap Original 72*60G,OU,S,CA,6,0,3986,55.36,332.16,358.68,29.89,0,0,29.89,302.27,0,48.36,350.63,SOSHA1002000150,Invoice,Invoiced,12/03/2025,,,,,,,,,,,,,,6,Picked,DTR Van-D,,,,,,,,
IN000868,7880336,CT0010054373,SHA1002,1,366163,0366163,Dettol Soap Original 72*60G,OU,S,CA,6,0,3986,55.36,332.16,358.68,29.89,0,0,29.89,302.27,0,48.36,350.63,SOSHA1002000151,Invoice,Invoiced,12/03/2025,,,,,,,,,,,,,,6,Picked,DTR Van-D,,,,,,,,
IN000873,7880336,CT0010042639,SHA1003,2,366163,0366163,Dettol Soap Original 72*60G,OU,S,CA,6,0,3986,55.36,332.16,358.68,29.89,0,0,29.89,302.27,0,48.36,350.63,SOSHA1003000140,Invoice,Invoiced,12/03/2025,,,,,,,,,,,,,,6,Picked,DTR Van-D,,,,,,,,
IN000876,7880336,CT0010042611,SHA1003,2,366163,0366163,Dettol Soap Original 72*60G,OU,S,CA,6,0,3986,55.36,332.16,358.68,29.89,0,0,29.89,302.27,0,48.36,350.63,SOSHA1003000143,Invoice,Invoiced,12/03/2025,,,,,,,,,,,,,,6,Picked,DTR Van-D,,,,,,,,
IN000877,7880336,CT0010042631,SHA1003,2,366163,0366163,Dettol Soap Original 72*60G,OU,S,CA,6,0,3986,55.36,332.16,358.68,29.89,0,0,29.89,302.27,0,48.36,350.63,SOSHA1003000144,Invoice,Invoiced,12/03/2025,,,,,,,,,,,,,,6,Picked,DTR Van-D,,,,,,,,
IN000880,7880336,CT0010042477,SHA1003,2,366163,0366163,Dettol Soap Original 72*60G,OU,S,CA,6,0,3986,55.36,332.16,358.68,29.89,0,0,29.89,302.27,0,48.36,350.63,SOSHA1003000147,Invoice,Invoiced,12/03/2025,,,,,,,,,,,,,,6,Picked,DTR Van-D,,,,,,,,
IN000884,7880336,CT0010054370,SHA1005,1,366163,0366163,Dettol Soap Original 72*60G,OU,S,CA,6,0,3986,55.36,332.16,358.68,29.89,0,0,29.89,302.27,0,48.36,350.63,SOSHA1005000110,Invoice,Invoiced,12/03/2025,,,,,,,,,,,,,,6,Picked,DTR Van-D,,,,,,,,
IN000887,7880336,CT0010044773,SHA1005,3,366163,0366163,Dettol Soap Original 72*60G,OU,S,CA,6,0,3986,55.36,332.16,358.68,29.89,0,0,29.89,302.27,0,48.36,350.63,SOSHA1005000113,Invoice,Invoiced,12/03/2025,,,,,,,,,,,,,,6,Picked,DTR Van-D,,,,,,,,
IN000910,7880336,CT0010042755,SHA1002,1,366163,0366163,Dettol Soap Original 72*60G,OU,S,CA,6,0,3986,55.36,332.16,358.68,29.89,0,0,29.89,302.27,0,48.36,350.63,SOSHA1002000157,Invoice,Invoiced,13/03/2025,,,,,,,,,,,,,,6,Picked,DTR Van-D,,,,,,,,
IN000911,7880336,CT0010054406,SHA1002,3,366163,0366163,Dettol Soap Original 72*60G,OU,S,CA,6,0,3986,55.36,332.16,358.68,29.89,0,0,29.89,302.27,0,48.36,350.63,SOSHA1002000158,Invoice,Invoiced,13/03/2025,,,,,,,,,,,,,,6,Picked,DTR Van-D,,,,,,,,
IN000912,7880336,CT0010054405,SHA1002,1,366163,0366163,Dettol Soap Original 72*60G,OU,S,CA,6,0,3986,55.36,332.16,358.68,29.89,0,0,29.89,302.27,0,48.36,350.63,SOSHA1002000159,Invoice,Invoiced,13/03/2025,,,,,,,,,,,,,,6,Picked,DTR Van-D,,,,,,,,
IN000919,7880336,CT0010054418,SHA1003,3,366163,0366163,Dettol Soap Original 72*60G,OU,S,CA,6,0,3986,55.36,332.16,358.68,29.89,0,0,29.89,302.27,0,48.36,350.63,SOSHA1003000154,Invoice,Invoiced,13/03/2025,,,,,,,,,,,,,,6,Picked,DTR Van-D,,,,,,,,
IN000920,7880336,CT0010054420,SHA1003,3,366163,0366163,Dettol Soap Original 72*60G,OU,S,CA,6,0,3986,55.36,332.16,358.68,29.89,0,0,29.89,302.27,0,48.36,350.63,SOSHA1003000155,Invoice,Invoiced,13/03/2025,,,,,,,,,,,,,,6,Picked,DTR Van-D,,,,,,,,
IN000921,7880336,CT0010043946,SHA1003,2,366163,0366163,Dettol Soap Original 72*60G,OU,S,CA,6,0,3986,55.36,332.16,358.68,29.89,0,0,29.89,302.27,0,48.36,350.63,SOSHA1003000156,Invoice,Invoiced,13/03/2025,,,,,,,,,,,,,,6,Picked,DTR Van-D,,,,,,,,
IN000937,7880336,CT0010043864,SHA1004,2,366163,0366163,Dettol Soap Original 72*60G,OU,S,CA,6,0,3986,55.36,332.16,358.68,29.89,0,0,29.89,302.27,0,48.36,350.63,SOSHA1004000143,Invoice,Invoiced,13/03/2025,,,,,,,,,,,,,,6,Picked,DTR Van-D,,,,,,,,
IN000994,7880336,CT0010043954,SHA1003,2,366163,0366163,Dettol Soap Original 72*60G,OU,S,CA,6,0,3986,55.36,332.16,358.68,29.89,0,0,29.89,302.27,0,48.36,350.63,SOSHA1003000175,Invoice,Invoiced,14/03/2025,,,,,,,,,,,,,,6,Picked,DTR Van-D,,,,,,,,
IN000996,7880336,CT0010043997,SHA1003,4,366163,0366163,Dettol Soap Original 72*60G,OU,S,CA,6,0,3986,55.36,332.16,358.68,29.89,0,0,29.89,302.27,0,48.36,350.63,SOSHA1003000177,Invoice,Invoiced,14/03/2025,,,,,,,,,,,,,,6,Picked,DTR Van-D,,,,,,,,
IN001005,7880336,CT0010041926,SHA1004,2,366163,0366163,Dettol Soap Original 72*60G,OU,S,CA,6,0,3986,55.36,332.16,358.68,29.89,0,0,29.89,302.27,0,48.36,350.63,SOSHA1004000154,Invoice,Invoiced,14/03/2025,,,,,,,,,,,,,,6,Picked,DTR Van-D,,,,,,,,
IN001014,7880336,CT0010054493,SHA1004,2,366163,0366163,Dettol Soap Original 72*60G,OU,S,CA,6,0,3986,55.36,332.16,358.68,29.89,0,0,29.89,302.27,0,48.36,350.63,SOSHA1004000163,Invoice,Invoiced,14/03/2025,,,,,,,,,,,,,,6,Picked,DTR Van-D,,,,,,,,
IN001017,7880336,CT0010054497,SHA1004,2,366163,0366163,Dettol Soap Original 72*60G,OU,S,CA,6,0,3986,55.36,332.16,358.68,29.89,0,0,29.89,302.27,0,48.36,350.63,SOSHA1004000166,Invoice,Invoiced,14/03/2025,,,,,,,,,,,,,,6,Picked,DTR Van-D,,,,,,,,
IN001018,7880336,CT0010054499,SHA1004,1,366163,0366163,Dettol Soap Original 72*60G,OU,S,CA,6,0,3986,55.36,332.16,358.68,29.89,0,0,29.89,302.27,0,48.36,350.63,SOSHA1004000167,Invoice,Invoiced,14/03/2025,,,,,,,,,,,,,,6,Picked,DTR Van-D,,,,,,,,
IN001019,7880336,CT0010054498,SHA1004,1,366163,0366163,Dettol Soap Original 72*60G,OU,S,CA,6,0,3986,55.36,332.16,358.68,29.89,0,0,29.89,302.27,0,48.36,350.63,SOSHA1004000168,Invoice,Invoiced,14/03/2025,,,,,,,,,,,,,,6,Picked,DTR Van-D,,,,,,,,
IN001021,7880336,CT0010044620,SHA1004,3,366163,0366163,Dettol Soap Original 72*60G,OU,S,CA,6,0,3986,55.36,332.16,358.68,29.89,0,0,29.89,302.27,0,48.36,350.63,SOSHA1004000170,Invoice,Invoiced,14/03/2025,,,,,,,,,,,,,,6,Picked,DTR Van-D,,,,,,,,
IN001030,7880336,CT0010054473,SHA1005,1,366163,0366163,Dettol Soap Original 72*60G,OU,S,CA,6,0,3986,55.36,332.16,358.68,29.89,0,0,29.89,302.27,0,48.36,350.63,SOSHA1005000127,Invoice,Invoiced,14/03/2025,,,,,,,,,,,,,,6,Picked,DTR Van-D,,,,,,,,
IN001073,7880336,CT0010054013,SHA1001,1,366163,0366163,Dettol Soap Original 72*60G,OU,S,CA,6,0,3986,55.36,332.16,358.68,29.89,0,0,29.89,302.27,0,48.36,350.63,SOSHA1001000187,Invoice,Invoiced,17/03/2025,,,,,,,,,,,,,,6,Picked,DTR Van-D,,,,,,,,
IN001083,7880336,CT0010045143,SHA1002,4,366163,0366163,Dettol Soap Original 72*60G,OU,S,CA,6,0,3986,55.36,332.16,358.68,29.89,0,0,29.89,302.27,0,48.36,350.63,SOSHA1002000175,Invoice,Invoiced,17/03/2025,,,,,,,,,,,,,,6,Picked,DTR Van-D,,,,,,,,
IN001091,7880336,CT0010041716,SHA1003,2,366163,0366163,Dettol Soap Original 72*60G,OU,S,CA,6,0,3986,55.36,332.16,358.68,29.89,0,0,29.89,302.27,0,48.36,350.63,SOSHA1003000189,Invoice,Invoiced,17/03/2025,,,,,,,,,,,,,,6,Picked,DTR Van-D,,,,,,,,
IN001096,7880336,CT0010041678,SHA1003,1,366163,0366163,Dettol Soap Original 72*60G,OU,S,CA,6,0,3986,55.36,332.16,358.68,29.89,0,0,29.89,302.27,0,48.36,350.63,SOSHA1003000194,Invoice,Invoiced,17/03/2025,,,,,,,,,,,,,,6,Picked,DTR Van-D,,,,,,,,
IN001097,7880336,CT0010045135,SHA1002,5,366163,0366163,Dettol Soap Original 72*60G,OU,S,CA,6,0,3986,55.36,332.16,358.68,29.89,0,0,29.89,302.27,0,48.36,350.63,SOSHA1002000170,Invoice,Invoiced,17/03/2025,,,,,,,,,,,,,,6,Picked,DTR Van-D,,,,,,,,
IN001126,7880336,CT0010054576,SHA1005,3,366163,0366163,Dettol Soap Original 72*60G,OU,S,CA,6,0,3986,55.36,332.16,358.68,29.89,0,0,29.89,302.27,0,48.36,350.63,SOSHA1005000155,Invoice,Invoiced,17/03/2025,,,,,,,,,,,,,,6,Picked,DTR Van-D,,,,,,,,
IN001159,7880336,CT0010054573,SHA1007,3,366163,0366163,Dettol Soap Original 72*60G,OU,S,CA,6,0,3986,55.36,332.16,358.68,29.89,0,0,29.89,302.27,0,48.36,350.63,SOSHA1007000174,Invoice,Invoiced,17/03/2025,,,,,,,,,,,,,,6,Picked,DTR Van-D,,,,,,,,
IN001163,7880336,CT0010043500,SHA1007,4,366163,0366163,Dettol Soap Original 72*60G,OU,S,CA,6,0,3986,55.36,332.16,358.68,29.89,0,0,29.89,302.27,0,48.36,350.63,SOSHA1007000167,Invoice,Invoiced,17/03/2025,,,,,,,,,,,,,,6,Picked,DTR Van-D,,,,,,,,
IN001166,7880336,CT0010054574,SHA1007,2,366163,0366163,Dettol Soap Original 72*60G,OU,S,CA,6,0,3986,55.36,332.16,358.68,29.89,0,0,29.89,302.27,0,48.36,350.63,SOSHA1007000177,Invoice,Invoiced,17/03/2025,,,,,,,,,,,,,,6,Picked,DTR Van-D,,,,,,,,
IN001168,7880336,CT0010054044,SHA1001,4,366163,0366163,Dettol Soap Original 72*60G,OU,S,CA,6,0,3986,55.36,332.16,358.68,29.89,0,0,29.89,302.27,0,48.36,350.63,SOSHA1001000193,Invoice,Invoiced,18/03/2025,,,,,,,,,,,,,,6,Picked,DTR Van-D,,,,,,,,
IN001189,7880336,CT0010054605,SHA1002,1,366163,0366163,Dettol Soap Original 72*60G,OU,S,CA,6,0,3986,55.36,332.16,358.68,29.89,0,0,29.89,302.27,0,48.36,350.63,SOSHA1002000193,Invoice,Invoiced,18/03/2025,,,,,,,,,,,,,,6,Picked,DTR Van-D,,,,,,,,
IN001203,7880336,CT0010041538,SHA1003,2,366163,0366163,Dettol Soap Original 72*60G,OU,S,CA,6,0,3986,55.36,332.16,358.68,29.89,0,0,29.89,302.27,0,48.36,350.63,SOSHA1003000199,Invoice,Invoiced,18/03/2025,,,,,,,,,,,,,,6,Picked,DTR Van-D,,,,,,,,
IN001216,7880336,CT0010041791,SHA1003,1,366163,0366163,Dettol Soap Original 72*60G,OU,S,CA,6,0,3986,55.36,332.16,358.68,29.89,0,0,29.89,302.27,0,48.36,350.63,SOSHA1003000206,Invoice,Invoiced,18/03/2025,,,,,,,,,,,,,,6,Picked,DTR Van-D,,,,,,,,
IN001217,7880336,CT0010054630,SHA1003,4,366163,0366163,Dettol Soap Original 72*60G,OU,S,CA,6,0,3986,55.36,332.16,358.68,29.89,0,0,29.89,302.27,0,48.36,350.63,SOSHA1003000208,Invoice,Invoiced,18/03/2025,,,,,,,,,,,,,,6,Picked,DTR Van-D,,,,,,,,
IN001219,7880336,CT0010054591,SHA1004,1,366163,0366163,Dettol Soap Original 72*60G,OU,S,CA,6,0,3986,55.36,332.16,358.68,29.89,0,0,29.89,302.27,0,48.36,350.63,SOSHA1004000201,Invoice,Invoiced,18/03/2025,,,,,,,,,,,,,,6,Picked,DTR Van-D,,,,,,,,
IN001233,7880336,CT0010044625,SHA1004,2,366163,0366163,Dettol Soap Original 72*60G,OU,S,CA,6,0,3986,55.36,332.16,358.68,29.89,0,0,29.89,302.27,0,48.36,350.63,SOSHA1004000203,Invoice,Invoiced,18/03/2025,,,,,,,,,,,,,,6,Picked,DTR Van-D,,,,,,,,
IN001243,7880336,CT0010054601,SHA1005,1,366163,0366163,Dettol Soap Original 72*60G,OU,S,CA,6,0,3986,55.36,332.16,358.68,29.89,0,0,29.89,302.27,0,48.36,350.63,SOSHA1005000168,Invoice,Invoiced,18/03/2025,,,,,,,,,,,,,,6,Picked,DTR Van-D,,,,,,,,
IN001254,7880336,CT0010054631,SHA1005,1,366163,0366163,Dettol Soap Original 72*60G,OU,S,CA,6,0,3986,55.36,332.16,358.68,29.89,0,0,29.89,302.27,0,48.36,350.63,SOSHA1005000180,Invoice,Invoiced,18/03/2025,,,,,,,,,,,,,,6,Picked,DTR Van-D,,,,,,,,
IN001265,7880336,CT0010046230,SHA1006,1,366163,0366163,Dettol Soap Original 72*60G,OU,S,CA,6,0,3986,55.36,332.16,358.68,29.89,0,0,29.89,302.27,0,48.36,350.63,SOSHA1006000233,Invoice,Invoiced,18/03/2025,,,,,,,,,,,,,,6,Picked,DTR Van-D,,,,,,,,
IN001277,7880336,CT0010045460,SHA1007,1,366163,0366163,Dettol Soap Original 72*60G,OU,S,CA,6,0,3986,55.36,332.16,358.68,29.89,0,0,29.89,302.27,0,48.36,350.63,SOSHA1007000181,Invoice,Invoiced,18/03/2025,,,,,,,,,,,,,,6,Picked,DTR Van-D,,,,,,,,
IN001283,7880336,CT0010054634,SHA1007,1,366163,0366163,Dettol Soap Original 72*60G,OU,S,CA,6,0,3986,55.36,332.16,358.68,29.89,0,0,29.89,302.27,0,48.36,350.63,SOSHA1007000185,Invoice,Invoiced,18/03/2025,,,,,,,,,,,,,,6,Picked,DTR Van-D,,,,,,,,
IN001302,7880336,CT0010047390,SHA1002,1,366163,0366163,Dettol Soap Original 72*60G,OU,S,CA,6,0,3986,55.36,332.16,358.68,29.89,0,0,29.89,302.27,0,48.36,350.63,SOSHA1002000208,Invoice,Invoiced,20/03/2025,,,,,,,,,,,,,,6,Picked,DTR Van-D,,,,,,,,
IN001307,7880336,CT0010054652,SHA1002,2,366163,0366163,Dettol Soap Original 72*60G,OU,S,CA,6,0,3986,55.36,332.16,358.68,29.89,0,0,29.89,302.27,0,48.36,350.63,SOSHA1002000213,Invoice,Invoiced,20/03/2025,,,,,,,,,,,,,,6,Picked,DTR Van-D,,,,,,,,
IN001267,7880336,CT0010054636,SHA1005,5,3079817,3079817,Durex Feels 3's,OU,S,CA,5,0,777.84,64.82,324.1,0,0,0,0,0,324.1,0,51.86,375.96,SOSHA1005000178,Invoice,Invoiced,18/03/2025,,,,,,,,,,,,,,5,Picked,DTR Van-D,,,,,,,,
IN001097,7880336,CT0010045135,SHA1002,2,317092,0317092,DETTOL SHOWER GEL SKINCARE 12*250ML,OU,S,CA,1,0,3890,324.17,324.17,0,0,0,0,0,324.17,0,51.87,376.04,SOSHA1002000170,Invoice,Invoiced,17/03/2025,,,,,,,,,,,,,,1,Picked,DTR Van-D,,,,,,,,
IN001098,7880336,CT0010054539,SHA1002,1,317092,0317092,DETTOL SHOWER GEL SKINCARE 12*250ML,OU,S,CA,1,0,3890,324.17,324.17,0,0,0,0,0,324.17,0,51.87,376.04,SOSHA1002000172,Invoice,Invoiced,17/03/2025,,,,,,,,,,,,,,1,Picked,DTR Van-D,,,,,,,,
IN001098,7880336,CT0010054539,SHA1002,4,8132342,8132342,Dettol Shower Gel Cool 12*250Ml,OU,S,CA,1,0,3890,324.17,324.17,0,0,0,0,0,324.17,0,51.87,376.04,SOSHA1002000172,Invoice,Invoiced,17/03/2025,,,,,,,,,,,,,,1,Picked,DTR Van-D,,,,,,,,
IN001185,7880336,CT0010045059,SHA1002,2,317092,0317092,DETTOL SHOWER GEL SKINCARE 12*250ML,OU,S,CA,1,0,3890,324.17,324.17,0,0,0,0,0,324.17,0,51.87,376.04,SOSHA1002000188,Invoice,Invoiced,18/03/2025,,,,,,,,,,,,,,1,Picked,DTR Van-D,,,,,,,,
IN001185,7880336,CT0010045059,SHA1002,4,8132342,8132342,Dettol Shower Gel Cool 12*250Ml,OU,S,CA,1,0,3890,324.17,324.17,0,0,0,0,0,324.17,0,51.87,376.04,SOSHA1002000188,Invoice,Invoiced,18/03/2025,,,,,,,,,,,,,,1,Picked,DTR Van-D,,,,,,,,
IN001305,7880336,CT0010041990,SHA1002,1,317092,0317092,DETTOL SHOWER GEL SKINCARE 12*250ML,OU,S,CA,1,0,3890,324.17,324.17,0,0,0,0,0,324.17,0,51.87,376.04,SOSHA1002000209,Invoice,Invoiced,20/03/2025,,,,,,,,,,,,,,1,Picked,DTR Van-D,,,,,,,,
IN001320,7880336,CT0010054651,SHA1002,1,317092,0317092,DETTOL SHOWER GEL SKINCARE 12*250ML,OU,S,CA,1,0,3890,324.17,324.17,0,0,0,0,0,324.17,0,51.87,376.04,SOSHA1002000214,Invoice,Invoiced,20/03/2025,,,,,,,,,,,,,,1,Picked,DTR Van-D,,,,,,,,
IN000140,7880336,CT0010043720,SHA1003,2,366159,0366159,Dettol Soap Original 72*90Gm,OU,S,CA,3,0,9028,125.39,376.17,0,0,0,0,0,376.17,0,0,376.17,SOSHA1003000043,Invoice,Invoiced,04/03/2025,,,,,,,,,,,,,,3,Unpick,DTR Van-D,,,,,,,,
IN000201,7880336,CT0010043772,SHA1003,2,366159,0366159,Dettol Soap Original 72*90Gm,OU,S,CA,3,0,9028,125.39,376.17,0,0,0,0,0,376.17,0,0,376.17,SOSHA1003000049,Invoice,Invoiced,05/03/2025,,,,,,,,,,,,,,3,Unpick,DTR Van-D,,,,,,,,
IN001105,7880336,CT0010054540,SHA1004,1,3012868,3012868,Jik Colours 70Ml *144,OU,S,CA,12,0,4597.7,31.93,383.16,0,0,0,0,0,383.16,0,0,383.16,SOSHA1004000183,Invoice,Invoiced,17/03/2025,,,,,,,,,,,,,,12,Picked,DTR Van-D,,,,,,,,
IN001434,7880336,CT0010054132,SHA1002,1,3012868,3012868,Jik Colours 70Ml *144,OU,S,CA,12,0,4597.7,31.93,383.16,0,0,0,0,0,383.16,0,0,383.16,SOSHA1002000237,Invoice,Invoiced,21/03/2025,,,,,,,,,,,,,,12,Picked,DTR Van-A,,,,,,,,
IN000930,7880336,CT0010043941,SHA1003,2,3277707,3277707,JIK REGULAR 750ML + 250ML,OU,S,CA,1,0,3972,331,331,0,0,0,0,0,331,0,52.96,383.96,SOSHA1003000171,Invoice,Invoiced,13/03/2025,,,,,,,,,,,,,,1,Picked,DTR Van-D,,,,,,,,
IN000146,7880336,CT0010043041,SHA1001,1,366163,0366163,Dettol Soap Original 72*60G,OU,S,CA,6,0,3986,55.36,332.16,0,0,0,0,0,332.16,0,53.15,385.31,SOSHA1001000009,Invoice,Invoiced,04/03/2025,,,,,,,,,,,,,,6,Picked,DTR Van-D,,,,,,,,
IN000148,7880336,CT0010043031,SHA1001,2,366163,0366163,Dettol Soap Original 72*60G,OU,S,CA,6,0,3986,55.36,332.16,0,0,0,0,0,332.16,0,53.15,385.31,SOSHA1001000011,Invoice,Invoiced,04/03/2025,,,,,,,,,,,,,,6,Picked,DTR Van-D,,,,,,,,
IN000153,7880336,CT0010054014,SHA1001,2,366163,0366163,Dettol Soap Original 72*60G,OU,S,CA,6,0,3986,55.36,332.16,0,0,0,0,0,332.16,0,53.15,385.31,SOSHA1001000018,Invoice,Invoiced,04/03/2025,,,,,,,,,,,,,,6,Picked,DTR Van-D,,,,,,,,
IN000154,7880336,CT0010054013,SHA1001,2,366163,0366163,Dettol Soap Original 72*60G,OU,S,CA,6,0,3986,55.36,332.16,0,0,0,0,0,332.16,0,53.15,385.31,SOSHA1001000019,Invoice,Invoiced,04/03/2025,,,,,,,,,,,,,,6,Picked,DTR Van-D,,,,,,,,
IN000155,7880336,CT0010043092,SHA1001,1,366163,0366163,Dettol Soap Original 72*60G,OU,S,CA,6,0,3986,55.36,332.16,0,0,0,0,0,332.16,0,53.15,385.31,SOSHA1001000020,Invoice,Invoiced,04/03/2025,,,,,,,,,,,,,,6,Picked,DTR Van-D,,,,,,,,
IN000161,7880336,CT0010054010,SHA1001,3,366163,0366163,Dettol Soap Original 72*60G,OU,S,CA,6,0,3986,55.36,332.16,0,0,0,0,0,332.16,0,53.15,385.31,SOSHA1001000015,Invoice,Invoiced,04/03/2025,,,,,,,,,,,,,,6,Picked,DTR Van-D,,,,,,,,
IN000164,7880336,CT0010045101,SHA1002,1,366163,0366163,Dettol Soap Original 72*60G,OU,S,CA,6,0,3986,55.36,332.16,0,0,0,0,0,332.16,0,53.15,385.31,SOSHA1002000035,Invoice,Invoiced,04/03/2025,,,,,,,,,,,,,,6,Picked,DTR Van-D,,,,,,,,
IN000169,7880336,CT0010045113,SHA1002,2,366163,0366163,Dettol Soap Original 72*60G,OU,S,CA,6,0,3986,55.36,332.16,0,0,0,0,0,332.16,0,53.15,385.31,SOSHA1002000042,Invoice,Invoiced,04/03/2025,,,,,,,,,,,,,,6,Picked,DTR Van-D,,,,,,,,
IN000177,7880336,CT0010045382,SHA1004,1,366163,0366163,Dettol Soap Original 72*60G,OU,S,CA,6,0,3986,55.36,332.16,0,0,0,0,0,332.16,0,53.15,385.31,SOSHA1004000014,Invoice,Invoiced,04/03/2025,,,,,,,,,,,,,,6,Picked,DTR Van-D,,,,,,,,
IN000178,7880336,CT0010043128,SHA1005,3,366163,0366163,Dettol Soap Original 72*60G,OU,S,CA,6,0,3986,55.36,332.16,0,0,0,0,0,332.16,0,53.15,385.31,SOSHA1005000016,Invoice,Invoiced,04/03/2025,,,,,,,,,,,,,,6,Picked,DTR Van-D,,,,,,,,
IN000178,7880336,CT0010043128,SHA1005,4,366183,0366183,Dettol Soap Cool 72*60G,OU,S,CA,6,0,3986,55.36,332.16,0,0,0,0,0,332.16,0,53.15,385.31,SOSHA1005000016,Invoice,Invoiced,04/03/2025,,,,,,,,,,,,,,6,Picked,DTR Van-D,,,,,,,,
IN000178,7880336,CT0010043128,SHA1005,5,366194,0366194,Dettol Soap Herbal 72*60G,OU,S,CA,6,0,3986,55.36,332.16,0,0,0,0,0,332.16,0,53.15,385.31,SOSHA1005000016,Invoice,Invoiced,04/03/2025,,,,,,,,,,,,,,6,Picked,DTR Van-D,,,,,,,,
IN000185,7880336,CT0010043577,SHA1007,2,366163,0366163,Dettol Soap Original 72*60G,OU,S,CA,6,0,3986,55.36,332.16,0,0,0,0,0,332.16,0,53.15,385.31,SOSHA1007000026,Invoice,Invoiced,04/03/2025,,,,,,,,,,,,,,6,Picked,DTR Van-D,,,,,,,,
IN000216,7880336,CT0010043370,SHA1001,3,366183,0366183,Dettol Soap Cool 72*60G,OU,S,CA,6,0,3986,55.36,332.16,0,0,0,0,0,332.16,0,53.15,385.31,SOSHA1001000029,Invoice,Invoiced,05/03/2025,,,,,,,,,,,,,,6,Picked,DTR Van-D,,,,,,,,
IN000218,7880336,CT0010043301,SHA1001,5,366163,0366163,Dettol Soap Original 72*60G,OU,S,CA,6,0,3986,55.36,332.16,0,0,0,0,0,332.16,0,53.15,385.31,SOSHA1001000033,Invoice,Invoiced,05/03/2025,,,,,,,,,,,,,,6,Picked,DTR Van-D,,,,,,,,
IN000222,7880336,CT0010045079,SHA1002,2,366163,0366163,Dettol Soap Original 72*60G,OU,S,CA,6,0,3986,55.36,332.16,0,0,0,0,0,332.16,0,53.15,385.31,SOSHA1002000046,Invoice,Invoiced,05/03/2025,,,,,,,,,,,,,,6,Picked,DTR Van-D,,,,,,,,
IN000233,7880336,CT0010045051,SHA1002,2,366163,0366163,Dettol Soap Original 72*60G,OU,S,CA,6,0,3986,55.36,332.16,0,0,0,0,0,332.16,0,53.15,385.31,SOSHA1002000057,Invoice,Invoiced,05/03/2025,,,,,,,,,,,,,,6,Picked,DTR Van-D,,,,,,,,
IN000237,7880336,CT0010044628,SHA1004,3,366163,0366163,Dettol Soap Original 72*60G,OU,S,CA,6,0,3986,55.36,332.16,0,0,0,0,0,332.16,0,53.15,385.31,SOSHA1004000027,Invoice,Invoiced,05/03/2025,,,,,,,,,,,,,,6,Picked,DTR Van-D,,,,,,,,
IN000240,7880336,CT0010044653,SHA1004,4,366163,0366163,Dettol Soap Original 72*60G,OU,S,CA,6,0,3986,55.36,332.16,0,0,0,0,0,332.16,0,53.15,385.31,SOSHA1004000030,Invoice,Invoiced,05/03/2025,,,,,,,,,,,,,,6,Picked,DTR Van-D,,,,,,,,
IN000241,7880336,CT0010044637,SHA1004,1,366163,0366163,Dettol Soap Original 72*60G,OU,S,CA,6,0,3986,55.36,332.16,0,0,0,0,0,332.16,0,53.15,385.31,SOSHA1004000031,Invoice,Invoiced,05/03/2025,,,,,,,,,,,,,,6,Picked,DTR Van-D,,,,,,,,
IN000241,7880336,CT0010044637,SHA1004,2,366194,0366194,Dettol Soap Herbal 72*60G,OU,S,CA,6,0,3986,55.36,332.16,0,0,0,0,0,332.16,0,53.15,385.31,SOSHA1004000031,Invoice,Invoiced,05/03/2025,,,,,,,,,,,,,,6,Picked,DTR Van-D,,,,,,,,
IN000243,7880336,CT0010044700,SHA1004,2,366163,0366163,Dettol Soap Original 72*60G,OU,S,CA,6,0,3986,55.36,332.16,0,0,0,0,0,332.16,0,53.15,385.31,SOSHA1004000033,Invoice,Invoiced,05/03/2025,,,,,,,,,,,,,,6,Picked,DTR Van-D,,,,,,,,
IN000248,7880336,CT0010044634,SHA1004,2,366163,0366163,Dettol Soap Original 72*60G,OU,S,CA,6,0,3986,55.36,332.16,0,0,0,0,0,332.16,0,53.15,385.31,SOSHA1004000034,Invoice,Invoiced,05/03/2025,,,,,,,,,,,,,,6,Picked,DTR Van-D,,,,,,,,
IN000266,7880336,CT0010046206,SHA1006,4,366163,0366163,Dettol Soap Original 72*60G,OU,S,CA,6,0,3986,55.36,332.16,0,0,0,0,0,332.16,0,53.15,385.31,SOSHA1006000070,Invoice,Invoiced,05/03/2025,,,,,,,,,,,,,,6,Picked,DTR Van-D,,,,,,,,
IN000266,7880336,CT0010046206,SHA1006,5,366194,0366194,Dettol Soap Herbal 72*60G,OU,S,CA,6,0,3986,55.36,332.16,0,0,0,0,0,332.16,0,53.15,385.31,SOSHA1006000070,Invoice,Invoiced,05/03/2025,,,,,,,,,,,,,,6,Picked,DTR Van-D,,,,,,,,
IN000279,7880336,CT0010046809,SHA1001,1,366163,0366163,Dettol Soap Original 72*60G,OU,S,CA,6,0,3986,55.36,332.16,0,0,0,0,0,332.16,0,53.15,385.31,SOSHA1001000046,Invoice,Invoiced,06/03/2025,,,,,,,,,,,,,,6,Picked,DTR Van-D,,,,,,,,
IN000282,7880336,CT0010054065,SHA1001,1,366163,0366163,Dettol Soap Original 72*60G,OU,S,CA,6,0,3986,55.36,332.16,0,0,0,0,0,332.16,0,53.15,385.31,SOSHA1001000049,Invoice,Invoiced,06/03/2025,,,,,,,,,,,,,,6,Picked,DTR Van-D,,,,,,,,
IN000286,7880336,CT0010046549,SHA1001,3,366163,0366163,Dettol Soap Original 72*60G,OU,S,CA,6,0,3986,55.36,332.16,0,0,0,0,0,332.16,0,53.15,385.31,SOSHA1001000054,Invoice,Invoiced,06/03/2025,,,,,,,,,,,,,,6,Picked,DTR Van-D,,,,,,,,
IN000312,7880336,CT0010041882,SHA1003,8,366163,0366163,Dettol Soap Original 72*60G,OU,S,CA,6,0,3986,55.36,332.16,0,0,0,0,0,332.16,0,53.15,385.31,SOSHA1003000064,Invoice,Invoiced,06/03/2025,,,,,,,,,,,,,,6,Picked,DTR Van-D,,,,,,,,
IN000312,7880336,CT0010041882,SHA1003,10,366183,0366183,Dettol Soap Cool 72*60G,OU,S,CA,6,0,3986,55.36,332.16,0,0,0,0,0,332.16,0,53.15,385.31,SOSHA1003000064,Invoice,Invoiced,06/03/2025,,,,,,,,,,,,,,6,Picked,DTR Van-D,,,,,,,,
IN000312,7880336,CT0010041882,SHA1003,13,366194,0366194,Dettol Soap Herbal 72*60G,OU,S,CA,6,0,3986,55.36,332.16,0,0,0,0,0,332.16,0,53.15,385.31,SOSHA1003000064,Invoice,Invoiced,06/03/2025,,,,,,,,,,,,,,6,Picked,DTR Van-D,,,,,,,,
IN000315,7880336,CT0010041585,SHA1003,2,366163,0366163,Dettol Soap Original 72*60G,OU,S,CA,6,0,3986,55.36,332.16,0,0,0,0,0,332.16,0,53.15,385.31,SOSHA1003000068,Invoice,Invoiced,06/03/2025,,,,,,,,,,,,,,6,Picked,DTR Van-D,,,,,,,,
IN000331,7880336,CT0010044942,SHA1004,1,366183,0366183,Dettol Soap Cool 72*60G,OU,S,CA,6,0,3986,55.36,332.16,0,0,0,0,0,332.16,0,53.15,385.31,SOSHA1004000038,Invoice,Invoiced,06/03/2025,,,,,,,,,,,,,,6,Picked,DTR Van-D,,,,,,,,
IN000333,7880336,CT0010044961,SHA1004,1,366163,0366163,Dettol Soap Original 72*60G,OU,S,CA,6,0,3986,55.36,332.16,0,0,0,0,0,332.16,0,53.15,385.31,SOSHA1004000040,Invoice,Invoiced,06/03/2025,,,,,,,,,,,,,,6,Picked,DTR Van-D,,,,,,,,
IN000339,7880336,CT0010044950,SHA1004,1,366163,0366163,Dettol Soap Original 72*60G,OU,S,CA,6,0,3986,55.36,332.16,0,0,0,0,0,332.16,0,53.15,385.31,SOSHA1004000046,Invoice,Invoiced,06/03/2025,,,,,,,,,,,,,,6,Picked,DTR Van-D,,,,,,,,
IN000345,7880336,CT0010044948,SHA1004,7,366163,0366163,Dettol Soap Original 72*60G,OU,S,CA,6,0,3986,55.36,332.16,0,0,0,0,0,332.16,0,53.15,385.31,SOSHA1004000047,Invoice,Invoiced,06/03/2025,,,,,,,,,,,,,,6,Picked,DTR Van-D,,,,,,,,
IN000352,7880336,CT0010054079,SHA1006,8,366183,0366183,Dettol Soap Cool 72*60G,OU,S,CA,6,0,3986,55.36,332.16,0,0,0,0,0,332.16,0,53.15,385.31,SOSHA1006000080,Invoice,Invoiced,06/03/2025,,,,,,,,,,,,,,6,Picked,DTR Van-A,,,,,,,,
IN000352,7880336,CT0010054079,SHA1006,9,366194,0366194,Dettol Soap Herbal 72*60G,OU,S,CA,6,0,3986,55.36,332.16,0,0,0,0,0,332.16,0,53.15,385.31,SOSHA1006000080,Invoice,Invoiced,06/03/2025,,,,,,,,,,,,,,6,Picked,DTR Van-A,,,,,,,,
IN000409,7880336,CT0010047048,SHA1002,6,366183,0366183,Dettol Soap Cool 72*60G,OU,S,CA,6,0,3986,55.36,332.16,0,0,0,0,0,332.16,0,53.15,385.31,SOSHA1002000095,Invoice,Invoiced,06/03/2025,,,,,,,,,,,,,,6,Picked,DTR Van-D,,,,,,,,
IN000413,7880336,CT0010047020,SHA1002,6,366194,0366194,Dettol Soap Herbal 72*60G,OU,S,CA,6,0,3986,55.36,332.16,0,0,0,0,0,332.16,0,53.15,385.31,SOSHA1002000089,Invoice,Invoiced,06/03/2025,,,,,,,,,,,,,,6,Picked,DTR Van-D,,,,,,,,
IN000436,7880336,CT0010054102,SHA1004,3,366183,0366183,Dettol Soap Cool 72*60G,OU,S,CA,6,0,3986,55.36,332.16,0,0,0,0,0,332.16,0,53.15,385.31,SOSHA1004000053,Invoice,Invoiced,06/03/2025,,,,,,,,,,,,,,6,Picked,DTR Van-A,,,,,,,,
IN000438,7880336,CT0010054159,SHA1004,2,366163,0366163,Dettol Soap Original 72*60G,OU,S,CA,6,0,3986,55.36,332.16,0,0,0,0,0,332.16,0,53.15,385.31,SOSHA1004000069,Invoice,Invoiced,06/03/2025,,,,,,,,,,,,,,6,Picked,DTR Van-A,,,,,,,,
IN000498,7880336,CT0010053992,SHA1004,2,366163,0366163,Dettol Soap Original 72*60G,OU,S,CA,6,0,3986,55.36,332.16,0,0,0,0,0,332.16,0,53.15,385.31,SOSHA1004000015,Invoice,Invoiced,07/03/2025,,,,,,,,,,,,,,6,Picked,DTR Van-D,,,,,,,,
IN000502,7880336,CT0010054004,SHA1004,1,366163,0366163,Dettol Soap Original 72*60G,OU,S,CA,6,0,3986,55.36,332.16,0,0,0,0,0,332.16,0,53.15,385.31,SOSHA1004000019,Invoice,Invoiced,07/03/2025,,,,,,,,,,,,,,6,Picked,DTR Van-D,,,,,,,,
IN000532,7880336,CT0010043886,SHA1003,5,366194,0366194,Dettol Soap Herbal 72*60G,OU,S,CA,6,0,3986,55.36,332.16,0,0,0,0,0,332.16,0,53.15,385.31,SOSHA1003000098,Invoice,Invoiced,08/03/2025,,,,,,,,,,,,,,6,Picked,DTR Van-D,,,,,,,,
IN000544,7880336,CT0010054173,SHA1004,1,366163,0366163,Dettol Soap Original 72*60G,OU,S,CA,6,0,3986,55.36,332.16,0,0,0,0,0,332.16,0,53.15,385.31,SOSHA1004000080,Invoice,Invoiced,08/03/2025,,,,,,,,,,,,,,6,Picked,DTR Van-A,,,,,,,,
IN000555,7880336,CT0010054196,SHA1005,2,366163,0366163,Dettol Soap Original 72*60G,OU,S,CA,6,0,3986,55.36,332.16,0,0,0,0,0,332.16,0,53.15,385.31,SOSHA1005000062,Invoice,Invoiced,08/03/2025,,,,,,,,,,,,,,6,Picked,DTR Van-D,,,,,,,,
IN000570,7880336,CT0010054199,SHA1006,1,366163,0366163,Dettol Soap Original 72*60G,OU,S,CA,6,0,3986,55.36,332.16,0,0,0,0,0,332.16,0,53.15,385.31,SOSHA1006000122,Invoice,Invoiced,08/03/2025,,,,,,,,,,,,,,6,Picked,DTR Van-D,,,,,,,,
IN000571,7880336,CT0010054200,SHA1006,1,366163,0366163,Dettol Soap Original 72*60G,OU,S,CA,6,0,3986,55.36,332.16,0,0,0,0,0,332.16,0,53.15,385.31,SOSHA1006000123,Invoice,Invoiced,08/03/2025,,,,,,,,,,,,,,6,Picked,DTR Van-D,,,,,,,,
IN000576,7880336,CT0010054198,SHA1006,2,366163,0366163,Dettol Soap Original 72*60G,OU,S,CA,6,0,3986,55.36,332.16,0,0,0,0,0,332.16,0,53.15,385.31,SOSHA1006000121,Invoice,Invoiced,08/03/2025,,,,,,,,,,,,,,6,Picked,DTR Van-A,,,,,,,,
IN000577,7880336,CT0010054203,SHA1006,1,366163,0366163,Dettol Soap Original 72*60G,OU,S,CA,6,0,3986,55.36,332.16,0,0,0,0,0,332.16,0,53.15,385.31,SOSHA1006000126,Invoice,Invoiced,08/03/2025,,,,,,,,,,,,,,6,Picked,DTR Van-A,,,,,,,,
IN000579,7880336,CT0010047339,SHA1007,2,366194,0366194,Dettol Soap Herbal 72*60G,OU,S,CA,6,0,3986,55.36,332.16,0,0,0,0,0,332.16,0,53.15,385.31,SOSHA1007000082,Invoice,Invoiced,08/03/2025,,,,,,,,,,,,,,6,Picked,DTR Van-D,,,,,,,,
IN000598,7880336,CT0010054219,SHA1004,8,366163,0366163,Dettol Soap Original 72*60G,OU,S,CA,6,0,3986,55.36,332.16,0,0,0,0,0,332.16,0,53.15,385.31,SOSHA1004000087,Invoice,Invoiced,10/03/2025,,,,,,,,,,,,,,6,Unpick,DTR Van-A,,,,,,,,
IN000598,7880336,CT0010054219,SHA1004,10,366194,0366194,Dettol Soap Herbal 72*60G,OU,S,CA,6,0,3986,55.36,332.16,0,0,0,0,0,332.16,0,53.15,385.31,SOSHA1004000087,Invoice,Invoiced,10/03/2025,,,,,,,,,,,,,,6,Unpick,DTR Van-A,,,,,,,,
IN000605,7880336,CT0010054256,SHA1001,2,366163,0366163,Dettol Soap Original 72*60G,OU,S,CA,6,0,3986,55.36,332.16,0,0,0,0,0,332.16,0,53.15,385.31,SOSHA1001000098,Invoice,Invoiced,10/03/2025,,,,,,,,,,,,,,6,Picked,DTR Van-D,,,,,,,,
IN000623,7880336,CT0010046036,SHA1002,3,366194,0366194,Dettol Soap Herbal 72*60G,OU,S,CA,6,0,3986,55.36,332.16,0,0,0,0,0,332.16,0,53.15,385.31,SOSHA1002000127,Invoice,Invoiced,10/03/2025,,,,,,,,,,,,,,6,Picked,DTR Van-D,,,,,,,,
IN000624,7880336,CT0010046008,SHA1002,2,366194,0366194,Dettol Soap Herbal 72*60G,OU,S,CA,6,0,3986,55.36,332.16,0,0,0,0,0,332.16,0,53.15,385.31,SOSHA1002000128,Invoice,Invoiced,10/03/2025,,,,,,,,,,,,,,6,Picked,DTR Van-D,,,,,,,,
IN000629,7880336,CT0010045992,SHA1002,3,366194,0366194,Dettol Soap Herbal 72*60G,OU,S,CA,6,0,3986,55.36,332.16,0,0,0,0,0,332.16,0,53.15,385.31,SOSHA1002000123,Invoice,Invoiced,10/03/2025,,,,,,,,,,,,,,6,Picked,DTR Van-D,,,,,,,,
IN000647,7880336,CT0010045550,SHA1004,2,366194,0366194,Dettol Soap Herbal 72*60G,OU,S,CA,6,0,3986,55.36,332.16,0,0,0,0,0,332.16,0,53.15,385.31,SOSHA1004000092,Invoice,Invoiced,10/03/2025,,,,,,,,,,,,,,6,Picked,DTR Van-D,,,,,,,,
IN000648,7880336,CT0010054232,SHA1004,1,366163,0366163,Dettol Soap Original 72*60G,OU,S,CA,6,0,3986,55.36,332.16,0,0,0,0,0,332.16,0,53.15,385.31,SOSHA1004000093,Invoice,Invoiced,10/03/2025,,,,,,,,,,,,,,6,Picked,DTR Van-A,,,,,,,,
IN000649,7880336,CT0010054231,SHA1004,2,366194,0366194,Dettol Soap Herbal 72*60G,OU,S,CA,6,0,3986,55.36,332.16,0,0,0,0,0,332.16,0,53.15,385.31,SOSHA1004000094,Invoice,Invoiced,10/03/2025,,,,,,,,,,,,,,6,Picked,DTR Van-A,,,,,,,,
IN000656,7880336,CT0010054248,SHA1004,1,366163,0366163,Dettol Soap Original 72*60G,OU,S,CA,6,0,3986,55.36,332.16,0,0,0,0,0,332.16,0,53.15,385.31,SOSHA1004000101,Invoice,Invoiced,10/03/2025,,,,,,,,,,,,,,6,Picked,DTR Van-A,,,,,,,,
IN000663,7880336,CT0010054266,SHA1004,1,366163,0366163,Dettol Soap Original 72*60G,OU,S,CA,6,0,3986,55.36,332.16,0,0,0,0,0,332.16,0,53.15,385.31,SOSHA1004000108,Invoice,Invoiced,10/03/2025,,,,,,,,,,,,,,6,Picked,DTR Van-A,,,,,,,,
IN000664,7880336,CT0010054265,SHA1004,2,366163,0366163,Dettol Soap Original 72*60G,OU,S,CA,6,0,3986,55.36,332.16,0,0,0,0,0,332.16,0,53.15,385.31,SOSHA1004000109,Invoice,Invoiced,10/03/2025,,,,,,,,,,,,,,6,Picked,DTR Van-A,,,,,,,,
IN000666,7880336,CT0010054267,SHA1004,1,366163,0366163,Dettol Soap Original 72*60G,OU,S,CA,6,0,3986,55.36,332.16,0,0,0,0,0,332.16,0,53.15,385.31,SOSHA1004000111,Invoice,Invoiced,10/03/2025,,,,,,,,,,,,,,6,Picked,DTR Van-A,,,,,,,,
IN000705,7880336,CT0010054293,SHA1001,1,366194,0366194,Dettol Soap Herbal 72*60G,OU,S,CA,6,0,3986,55.36,332.16,0,0,0,0,0,332.16,0,53.15,385.31,SOSHA1001000110,Invoice,Invoiced,11/03/2025,,,,,,,,,,,,,,6,Picked,DTR Van-D,,,,,,,,
IN000706,7880336,CT0010054294,SHA1001,2,366163,0366163,Dettol Soap Original 72*60G,OU,S,CA,6,0,3986,55.36,332.16,0,0,0,0,0,332.16,0,53.15,385.31,SOSHA1001000111,Invoice,Invoiced,11/03/2025,,,,,,,,,,,,,,6,Picked,DTR Van-D,,,,,,,,
IN000707,7880336,CT0010042929,SHA1001,4,366194,0366194,Dettol Soap Herbal 72*60G,OU,S,CA,6,0,3986,55.36,332.16,0,0,0,0,0,332.16,0,53.15,385.31,SOSHA1001000112,Invoice,Invoiced,11/03/2025,,,,,,,,,,,,,,6,Picked,DTR Van-D,,,,,,,,
IN000714,7880336,CT0010054297,SHA1001,1,366163,0366163,Dettol Soap Original 72*60G,OU,S,CA,6,0,3986,55.36,332.16,0,0,0,0,0,332.16,0,53.15,385.31,SOSHA1001000119,Invoice,Invoiced,11/03/2025,,,,,,,,,,,,,,6,Picked,DTR Van-D,,,,,,,,
IN000715,7880336,CT0010054298,SHA1001,1,366194,0366194,Dettol Soap Herbal 72*60G,OU,S,CA,6,0,3986,55.36,332.16,0,0,0,0,0,332.16,0,53.15,385.31,SOSHA1001000120,Invoice,Invoiced,11/03/2025,,,,,,,,,,,,,,6,Picked,DTR Van-D,,,,,,,,
IN000725,7880336,CT0010054315,SHA1001,1,366163,0366163,Dettol Soap Original 72*60G,OU,S,CA,6,0,3986,55.36,332.16,0,0,0,0,0,332.16,0,53.15,385.31,SOSHA1001000129,Invoice,Invoiced,11/03/2025,,,,,,,,,,,,,,6,Picked,DTR Van-D,,,,,,,,
IN000754,7880336,CT0010054272,SHA1004,2,366163,0366163,Dettol Soap Original 72*60G,OU,S,CA,6,0,3986,55.36,332.16,0,0,0,0,0,332.16,0,53.15,385.31,SOSHA1004000120,Invoice,Invoiced,11/03/2025,,,,,,,,,,,,,,6,Picked,DTR Van-A,,,,,,,,
IN000755,7880336,CT0010054273,SHA1004,3,366163,0366163,Dettol Soap Original 72*60G,OU,S,CA,6,0,3986,55.36,332.16,0,0,0,0,0,332.16,0,53.15,385.31,SOSHA1004000121,Invoice,Invoiced,11/03/2025,,,,,,,,,,,,,,6,Picked,DTR Van-A,,,,,,,,
IN000759,7880336,CT0010045496,SHA1004,5,366194,0366194,Dettol Soap Herbal 72*60G,OU,S,CA,6,0,3986,55.36,332.16,0,0,0,0,0,332.16,0,53.15,385.31,SOSHA1004000114,Invoice,Invoiced,11/03/2025,,,,,,,,,,,,,,6,Picked,DTR Van-D,,,,,,,,
IN000777,7880336,CT0010044523,SHA1006,2,366194,0366194,Dettol Soap Herbal 72*60G,OU,S,CA,6,0,3986,55.36,332.16,0,0,0,0,0,332.16,0,53.15,385.31,SOSHA1006000140,Invoice,Invoiced,11/03/2025,,,,,,,,,,,,,,6,Picked,DTR Van-D,,,,,,,,
IN000810,7880336,CT0010054331,SHA1001,2,366163,0366163,Dettol Soap Original 72*60G,OU,S,CA,6,0,3986,55.36,332.16,0,0,0,0,0,332.16,0,53.15,385.31,SOSHA1001000134,Invoice,Invoiced,12/03/2025,,,,,,,,,,,,,,6,Picked,DTR Van-D,,,,,,,,
IN000814,7880336,CT0010054336,SHA1001,2,366163,0366163,Dettol Soap Original 72*60G,OU,S,CA,6,0,3986,55.36,332.16,0,0,0,0,0,332.16,0,53.15,385.31,SOSHA1001000139,Invoice,Invoiced,12/03/2025,,,,,,,,,,,,,,6,Picked,DTR Van-D,,,,,,,,
IN000815,7880336,CT0010054366,SHA1001,3,366163,0366163,Dettol Soap Original 72*60G,OU,S,CA,6,0,3986,55.36,332.16,0,0,0,0,0,332.16,0,53.15,385.31,SOSHA1001000140,Invoice,Invoiced,12/03/2025,,,,,,,,,,,,,,6,Picked,DTR Van-D,,,,,,,,
IN000878,7880336,CT0010054376,SHA1003,3,366183,0366183,Dettol Soap Cool 72*60G,OU,S,CA,6,0,3986,55.36,332.16,0,0,0,0,0,332.16,0,53.15,385.31,SOSHA1003000145,Invoice,Invoiced,12/03/2025,,,,,,,,,,,,,,6,Picked,DTR Van-D,,,,,,,,
IN000878,7880336,CT0010054376,SHA1003,4,366194,0366194,Dettol Soap Herbal 72*60G,OU,S,CA,6,0,3986,55.36,332.16,0,0,0,0,0,332.16,0,53.15,385.31,SOSHA1003000145,Invoice,Invoiced,12/03/2025,,,,,,,,,,,,,,6,Picked,DTR Van-D,,,,,,,,
IN000887,7880336,CT0010044773,SHA1005,4,366194,0366194,Dettol Soap Herbal 72*60G,OU,S,CA,6,0,3986,55.36,332.16,0,0,0,0,0,332.16,0,53.15,385.31,SOSHA1005000113,Invoice,Invoiced,12/03/2025,,,,,,,,,,,,,,6,Picked,DTR Van-D,,,,,,,,
IN000930,7880336,CT0010043941,SHA1003,3,366194,0366194,Dettol Soap Herbal 72*60G,OU,S,CA,6,0,3986,55.36,332.16,0,0,0,0,0,332.16,0,53.15,385.31,SOSHA1003000171,Invoice,Invoiced,13/03/2025,,,,,,,,,,,,,,6,Picked,DTR Van-D,,,,,,,,
IN000981,7880336,CT0010047772,SHA1001,2,366183,0366183,Dettol Soap Cool 72*60G,OU,S,CA,6,0,3986,55.36,332.16,0,0,0,0,0,332.16,0,53.15,385.31,SOSHA1001000164,Invoice,Invoiced,14/03/2025,,,,,,,,,,,,,,6,Picked,DTR Van-D,,,,,,,,
IN000981,7880336,CT0010047772,SHA1001,3,366194,0366194,Dettol Soap Herbal 72*60G,OU,S,CA,6,0,3986,55.36,332.16,0,0,0,0,0,332.16,0,53.15,385.31,SOSHA1001000164,Invoice,Invoiced,14/03/2025,,,,,,,,,,,,,,6,Picked,DTR Van-D,,,,,,,,
IN000994,7880336,CT0010043954,SHA1003,3,366183,0366183,Dettol Soap Cool 72*60G,OU,S,CA,6,0,3986,55.36,332.16,0,0,0,0,0,332.16,0,53.15,385.31,SOSHA1003000175,Invoice,Invoiced,14/03/2025,,,,,,,,,,,,,,6,Picked,DTR Van-D,,,,,,,,
IN000996,7880336,CT0010043997,SHA1003,5,366183,0366183,Dettol Soap Cool 72*60G,OU,S,CA,6,0,3986,55.36,332.16,0,0,0,0,0,332.16,0,53.15,385.31,SOSHA1003000177,Invoice,Invoiced,14/03/2025,,,,,,,,,,,,,,6,Picked,DTR Van-D,,,,,,,,
IN000996,7880336,CT0010043997,SHA1003,6,366194,0366194,Dettol Soap Herbal 72*60G,OU,S,CA,6,0,3986,55.36,332.16,0,0,0,0,0,332.16,0,53.15,385.31,SOSHA1003000177,Invoice,Invoiced,14/03/2025,,,,,,,,,,,,,,6,Picked,DTR Van-D,,,,,,,,
IN001014,7880336,CT0010054493,SHA1004,3,366194,0366194,Dettol Soap Herbal 72*60G,OU,S,CA,6,0,3986,55.36,332.16,0,0,0,0,0,332.16,0,53.15,385.31,SOSHA1004000163,Invoice,Invoiced,14/03/2025,,,,,,,,,,,,,,6,Picked,DTR Van-D,,,,,,,,
IN001096,7880336,CT0010041678,SHA1003,2,366183,0366183,Dettol Soap Cool 72*60G,OU,S,CA,6,0,3986,55.36,332.16,0,0,0,0,0,332.16,0,53.15,385.31,SOSHA1003000194,Invoice,Invoiced,17/03/2025,,,,,,,,,,,,,,6,Picked,DTR Van-D,,,,,,,,
IN001096,7880336,CT0010041678,SHA1003,3,366194,0366194,Dettol Soap Herbal 72*60G,OU,S,CA,6,0,3986,55.36,332.16,0,0,0,0,0,332.16,0,53.15,385.31,SOSHA1003000194,Invoice,Invoiced,17/03/2025,,,,,,,,,,,,,,6,Picked,DTR Van-D,,,,,,,,
IN001163,7880336,CT0010043500,SHA1007,5,366194,0366194,Dettol Soap Herbal 72*60G,OU,S,CA,6,0,3986,55.36,332.16,0,0,0,0,0,332.16,0,53.15,385.31,SOSHA1007000167,Invoice,Invoiced,17/03/2025,,,,,,,,,,,,,,6,Picked,DTR Van-D,,,,,,,,
IN001183,7880336,CT0010043252,SHA1001,3,366183,0366183,Dettol Soap Cool 72*60G,OU,S,CA,6,0,3986,55.36,332.16,0,0,0,0,0,332.16,0,53.15,385.31,SOSHA1001000200,Invoice,Invoiced,18/03/2025,,,,,,,,,,,,,,6,Picked,DTR Van-D,,,,,,,,
IN001339,7880336,CT0010054104,SHA1003,4,366183,0366183,Dettol Soap Cool 72*60G,OU,S,CA,6,0,3986,55.36,332.16,0,0,0,0,0,332.16,0,53.15,385.31,SOSHA1003000228,Invoice,Invoiced,20/03/2025,,,,,,,,,,,,,,6,Picked,DTR Van-D,,,,,,,,
IN001355,7880336,CT0010044926,SHA1004,4,366194,0366194,Dettol Soap Herbal 72*60G,OU,S,CA,6,0,3986,55.36,332.16,0,0,0,0,0,332.16,0,53.15,385.31,SOSHA1004000227,Invoice,Invoiced,20/03/2025,,,,,,,,,,,,,,6,Picked,DTR Van-D,,,,,,,,
IN001363,7880336,CT0010054102,SHA1004,4,366194,0366194,Dettol Soap Herbal 72*60G,OU,S,CA,6,0,3986,55.36,332.16,0,0,0,0,0,332.16,0,53.15,385.31,SOSHA1004000236,Invoice,Invoiced,20/03/2025,,,,,,,,,,,,,,6,Picked,DTR Van-A,,,,,,,,
IN001376,7880336,CT0010054684,SHA1005,2,366183,0366183,Dettol Soap Cool 72*60G,OU,S,CA,6,0,3986,55.36,332.16,0,0,0,0,0,332.16,0,53.15,385.31,SOSHA1005000195,Invoice,Invoiced,20/03/2025,,,,,,,,,,,,,,6,Picked,DTR Van-D,,,,,,,,
IN001400,7880336,CT0010054686,SHA1007,8,366183,0366183,Dettol Soap Cool 72*60G,OU,S,CA,6,0,3986,55.36,332.16,0,0,0,0,0,332.16,0,53.15,385.31,SOSHA1007000208,Invoice,Invoiced,20/03/2025,,,,,,,,,,,,,,6,Picked,DTR Van-D,,,,,,,,
IN001400,7880336,CT0010054686,SHA1007,9,366194,0366194,Dettol Soap Herbal 72*60G,OU,S,CA,6,0,3986,55.36,332.16,0,0,0,0,0,332.16,0,53.15,385.31,SOSHA1007000208,Invoice,Invoiced,20/03/2025,,,,,,,,,,,,,,6,Picked,DTR Van-D,,,,,,,,
IN001402,7880336,CT0010046981,SHA1007,2,366194,0366194,Dettol Soap Herbal 72*60G,OU,S,CA,6,0,3986,55.36,332.16,0,0,0,0,0,332.16,0,53.15,385.31,SOSHA1007000212,Invoice,Invoiced,20/03/2025,,,,,,,,,,,,,,6,Picked,DTR Van-D,,,,,,,,
IN001421,7880336,CT0010054167,SHA1001,3,366183,0366183,Dettol Soap Cool 72*60G,OU,S,CA,6,0,3986,55.36,332.16,0,0,0,0,0,332.16,0,53.15,385.31,SOSHA1001000233,Invoice,Invoiced,21/03/2025,,,,,,,,,,,,,,6,Picked,DTR Van-D,,,,,,,,
IN001421,7880336,CT0010054167,SHA1001,5,366194,0366194,Dettol Soap Herbal 72*60G,OU,S,CA,6,0,3986,55.36,332.16,0,0,0,0,0,332.16,0,53.15,385.31,SOSHA1001000233,Invoice,Invoiced,21/03/2025,,,,,,,,,,,,,,6,Picked,DTR Van-D,,,,,,,,
IN001422,7880336,CT0010046667,SHA1001,2,366183,0366183,Dettol Soap Cool 72*60G,OU,S,CA,6,0,3986,55.36,332.16,0,0,0,0,0,332.16,0,53.15,385.31,SOSHA1001000239,Invoice,Invoiced,21/03/2025,,,,,,,,,,,,,,6,Picked,DTR Van-D,,,,,,,,
IN001476,7880336,CT0010044090,SHA1005,12,366183,0366183,Dettol Soap Cool 72*60G,OU,S,CA,6,0,3986,55.36,332.16,0,0,0,0,0,332.16,0,53.15,385.31,SOSHA1005000202,Invoice,Invoiced,21/03/2025,,,,,,,,,,,,,,6,Picked,DTR Van-D,,,,,,,,
IN001477,7880336,CT0010044089,SHA1005,6,366194,0366194,Dettol Soap Herbal 72*60G,OU,S,CA,6,0,3986,55.36,332.16,0,0,0,0,0,332.16,0,53.15,385.31,SOSHA1005000203,Invoice,Invoiced,21/03/2025,,,,,,,,,,,,,,6,Picked,DTR Van-D,,,,,,,,
IN001501,7880336,CT0010054722,SHA1007,4,366183,0366183,Dettol Soap Cool 72*60G,OU,S,CA,6,0,3986,55.36,332.16,0,0,0,0,0,332.16,0,53.15,385.31,SOSHA1007000223,Invoice,Invoiced,21/03/2025,,,,,,,,,,,,,,6,Picked,DTR Van-D,,,,,,,,
IN001501,7880336,CT0010054722,SHA1007,5,366194,0366194,Dettol Soap Herbal 72*60G,OU,S,CA,6,0,3986,55.36,332.16,0,0,0,0,0,332.16,0,53.15,385.31,SOSHA1007000223,Invoice,Invoiced,21/03/2025,,,,,,,,,,,,,,6,Picked,DTR Van-D,,,,,,,,
IN000140,7880336,CT0010043720,SHA1003,1,384658,0384658,Jik Bleach Regular 250Ml *18,OU,S,CA,3,0,2355.3,130.85,392.55,0,0,0,0,0,392.55,0,0,392.55,SOSHA1003000043,Invoice,Invoiced,04/03/2025,,,,,,,,,,,,,,3,Unpick,DTR Van-D,,,,,,,,
IN001444,7880336,CT0010054385,SHA1003,1,384658,0384658,Jik Bleach Regular 250Ml *18,OU,S,CA,3,0,2355.3,130.85,392.55,0,0,0,0,0,392.55,0,0,392.55,SOSHA1003000244,Invoice,Invoiced,21/03/2025,,,,,,,,,,,,,,3,Picked,DTR Van-D,,,,,,,,
IN000783,7880336,CT0010054310,SHA1007,1,3049801,3049801,DETTOL LIQUID 96*50ML,OU,S,CA,4,0,9028.21,94.04,376.16,0,0,0,0,0,376.16,0,60.19,436.35,SOSHA1007000129,Invoice,Invoiced,11/03/2025,,,,,,,,,,,,,,4,Picked,DTR Van-D,,,,,,,,
IN000458,7880336,CT0010054141,SHA1005,5,366177,0366177,Dettol Soap Skincare 72*90G,OU,S,CA,3,0,9028,125.39,376.17,0,0,0,0,0,376.17,0,60.19,436.36,SOSHA1005000048,Invoice,Invoiced,06/03/2025,,,,,,,,,,,,,,3,Picked,DTR Van-D,,,,,,,,
IN000176,7880336,CT0010045381,SHA1004,1,3012868,3012868,Jik Colours 70Ml *144,OU,S,CA,12,0,4597.7,31.93,383.16,0,0,0,0,0,383.16,0,61.31,444.47,SOSHA1004000013,Invoice,Invoiced,04/03/2025,,,,,,,,,,,,,,12,Picked,DTR Van-D,,,,,,,,
IN000182,7880336,CT0010043187,SHA1005,4,3012868,3012868,Jik Colours 70Ml *144,OU,S,CA,12,0,4597.7,31.93,383.16,0,0,0,0,0,383.16,0,61.31,444.47,SOSHA1005000019,Invoice,Invoiced,04/03/2025,,,,,,,,,,,,,,12,Picked,DTR Van-D,,,,,,,,
IN000186,7880336,CT0010043530,SHA1007,2,3012868,3012868,Jik Colours 70Ml *144,OU,S,CA,12,0,4597.7,31.93,383.16,0,0,0,0,0,383.16,0,61.31,444.47,SOSHA1007000027,Invoice,Invoiced,04/03/2025,,,,,,,,,,,,,,12,Picked,DTR Van-D,,,,,,,,
IN000221,7880336,CT0010054019,SHA1002,3,3012868,3012868,Jik Colours 70Ml *144,OU,S,CA,12,0,4597.7,31.93,383.16,0,0,0,0,0,383.16,0,61.31,444.47,SOSHA1002000045,Invoice,Invoiced,05/03/2025,,,,,,,,,,,,,,12,Picked,DUKA,,,,,,,,
IN000223,7880336,CT0010045088,SHA1002,2,3012868,3012868,Jik Colours 70Ml *144,OU,S,CA,12,0,4597.7,31.93,383.16,0,0,0,0,0,383.16,0,61.31,444.47,SOSHA1002000047,Invoice,Invoiced,05/03/2025,,,,,,,,,,,,,,12,Picked,DTR Van-D,,,,,,,,
IN000270,7880336,CT0010045407,SHA1007,1,3012868,3012868,Jik Colours 70Ml *144,OU,S,CA,12,0,4597.7,31.93,383.16,0,0,0,0,0,383.16,0,61.31,444.47,SOSHA1007000039,Invoice,Invoiced,05/03/2025,,,,,,,,,,,,,,12,Picked,DTR Van-D,,,,,,,,
IN000271,7880336,CT0010054039,SHA1007,1,3012868,3012868,Jik Colours 70Ml *144,OU,S,CA,12,0,4597.7,31.93,383.16,0,0,0,0,0,383.16,0,61.31,444.47,SOSHA1007000040,Invoice,Invoiced,05/03/2025,,,,,,,,,,,,,,12,Picked,DTR Van-A,,,,,,,,
IN000307,7880336,CT0010047390,SHA1002,1,3012868,3012868,Jik Colours 70Ml *144,OU,S,CA,12,0,4597.7,31.93,383.16,0,0,0,0,0,383.16,0,61.31,444.47,SOSHA1002000079,Invoice,Invoiced,06/03/2025,,,,,,,,,,,,,,12,Picked,DTR Van-D,,,,,,,,
IN000322,7880336,CT0010041624,SHA1003,3,3012868,3012868,Jik Colours 70Ml *144,OU,S,CA,12,0,4597.7,31.93,383.16,0,0,0,0,0,383.16,0,61.31,444.47,SOSHA1003000076,Invoice,Invoiced,06/03/2025,,,,,,,,,,,,,,12,Picked,DTR Van-D,,,,,,,,
IN000336,7880336,CT0010044926,SHA1004,1,3012868,3012868,Jik Colours 70Ml *144,OU,S,CA,12,0,4597.7,31.93,383.16,0,0,0,0,0,383.16,0,61.31,444.47,SOSHA1004000043,Invoice,Invoiced,06/03/2025,,,,,,,,,,,,,,12,Picked,DTR Van-D,,,,,,,,
IN000340,7880336,CT0010044870,SHA1004,2,3012868,3012868,Jik Colours 70Ml *144,OU,S,CA,12,0,4597.7,31.93,383.16,0,0,0,0,0,383.16,0,61.31,444.47,SOSHA1004000048,Invoice,Invoiced,06/03/2025,,,,,,,,,,,,,,12,Picked,DTR Van-D,,,,,,,,
IN000343,7880336,CT0010044946,SHA1004,2,3012868,3012868,Jik Colours 70Ml *144,OU,S,CA,12,0,4597.7,31.93,383.16,0,0,0,0,0,383.16,0,61.31,444.47,SOSHA1004000051,Invoice,Invoiced,06/03/2025,,,,,,,,,,,,,,12,Picked,DTR Van-D,,,,,,,,
IN000345,7880336,CT0010044948,SHA1004,5,3012868,3012868,Jik Colours 70Ml *144,OU,S,CA,12,0,4597.7,31.93,383.16,0,0,0,0,0,383.16,0,61.31,444.47,SOSHA1004000047,Invoice,Invoiced,06/03/2025,,,,,,,,,,,,,,12,Picked,DTR Van-D,,,,,,,,
IN000352,7880336,CT0010054079,SHA1006,4,3012868,3012868,Jik Colours 70Ml *144,OU,S,CA,12,0,4597.7,31.93,383.16,0,0,0,0,0,383.16,0,61.31,444.47,SOSHA1006000080,Invoice,Invoiced,06/03/2025,,,,,,,,,,,,,,12,Picked,DTR Van-A,,,,,,,,
IN000364,7880336,CT0010054095,SHA1006,2,3012868,3012868,Jik Colours 70Ml *144,OU,S,CA,12,0,4597.7,31.93,383.16,0,0,0,0,0,383.16,0,61.31,444.47,SOSHA1006000094,Invoice,Invoiced,06/03/2025,,,,,,,,,,,,,,12,Picked,DTR Van-A,,,,,,,,
IN000371,7880336,CT0010046623,SHA1007,2,3012868,3012868,Jik Colours 70Ml *144,OU,S,CA,12,0,4597.7,31.93,383.16,0,0,0,0,0,383.16,0,61.31,444.47,SOSHA1007000044,Invoice,Invoiced,06/03/2025,,,,,,,,,,,,,,12,Picked,DTR Van-D,,,,,,,,
IN000384,7880336,CT0010054127,SHA1001,1,3012868,3012868,Jik Colours 70Ml *144,OU,S,CA,12,0,4597.7,31.93,383.16,0,0,0,0,0,383.16,0,61.31,444.47,SOSHA1001000056,Invoice,Invoiced,06/03/2025,,,,,,,,,,,,,,12,Picked,DTR Van-D,,,,,,,,
IN000419,7880336,CT0010042448,SHA1003,2,3012868,3012868,Jik Colours 70Ml *144,OU,S,CA,12,0,4597.7,31.93,383.16,0,0,0,0,0,383.16,0,61.31,444.47,SOSHA1003000085,Invoice,Invoiced,06/03/2025,,,,,,,,,,,,,,12,Picked,DTR Van-D,,,,,,,,
IN000431,7880336,CT0010046280,SHA1004,2,3012868,3012868,Jik Colours 70Ml *144,OU,S,CA,12,0,4597.7,31.93,383.16,0,0,0,0,0,383.16,0,61.31,444.47,SOSHA1004000067,Invoice,Invoiced,06/03/2025,,,,,,,,,,,,,,12,Picked,DTR Van-D,,,,,,,,
IN000432,7880336,CT0010046285,SHA1004,1,3012868,3012868,Jik Colours 70Ml *144,OU,S,CA,12,0,4597.7,31.93,383.16,0,0,0,0,0,383.16,0,61.31,444.47,SOSHA1004000068,Invoice,Invoiced,06/03/2025,,,,,,,,,,,,,,12,Picked,DTR Van-D,,,,,,,,
IN000434,7880336,CT0010054157,SHA1004,2,3012868,3012868,Jik Colours 70Ml *144,OU,S,CA,12,0,4597.7,31.93,383.16,0,0,0,0,0,383.16,0,61.31,444.47,SOSHA1004000071,Invoice,Invoiced,06/03/2025,,,,,,,,,,,,,,12,Picked,DTR Van-A,,,,,,,,
IN000435,7880336,CT0010054153,SHA1004,2,3012868,3012868,Jik Colours 70Ml *144,OU,S,CA,12,0,4597.7,31.93,383.16,0,0,0,0,0,383.16,0,61.31,444.47,SOSHA1004000072,Invoice,Invoiced,06/03/2025,,,,,,,,,,,,,,12,Picked,DTR Van-A,,,,,,,,
IN000505,7880336,CT0010042838,SHA1001,1,3012868,3012868,Jik Colours 70Ml *144,OU,S,CA,12,0,4597.7,31.93,383.16,0,0,0,0,0,383.16,0,61.31,444.47,SOSHA1001000078,Invoice,Invoiced,08/03/2025,,,,,,,,,,,,,,12,Picked,DTR Van-D,,,,,,,,
IN000517,7880336,CT0010045018,SHA1002,1,3012868,3012868,Jik Colours 70Ml *144,OU,S,CA,12,0,4597.7,31.93,383.16,0,0,0,0,0,383.16,0,61.31,444.47,SOSHA1002000103,Invoice,Invoiced,08/03/2025,,,,,,,,,,,,,,12,Picked,DTR Van-D,,,,,,,,
IN000522,7880336,CT0010044980,SHA1002,2,3012868,3012868,Jik Colours 70Ml *144,OU,S,CA,12,0,4597.7,31.93,383.16,0,0,0,0,0,383.16,0,61.31,444.47,SOSHA1002000108,Invoice,Invoiced,08/03/2025,,,,,,,,,,,,,,12,Picked,DTR Van-D,,,,,,,,
IN000550,7880336,CT0010045969,SHA1004,2,3012868,3012868,Jik Colours 70Ml *144,OU,S,CA,12,0,4597.7,31.93,383.16,0,0,0,0,0,383.16,0,61.31,444.47,SOSHA1004000084,Invoice,Invoiced,08/03/2025,,,,,,,,,,,,,,12,Picked,DTR Van-D,,,,,,,,
IN000562,7880336,CT0010045315,SHA1005,1,3012868,3012868,Jik Colours 70Ml *144,OU,S,CA,12,0,4597.7,31.93,383.16,0,0,0,0,0,383.16,0,61.31,444.47,SOSHA1005000069,Invoice,Invoiced,08/03/2025,,,,,,,,,,,,,,12,Picked,DTR Van-D,,,,,,,,
IN000597,7880336,CT0010044984,SHA1002,2,3012868,3012868,Jik Colours 70Ml *144,OU,S,CA,12,0,4597.7,31.93,383.16,0,0,0,0,0,383.16,0,61.31,444.47,SOSHA1002000113,Invoice,Invoiced,08/03/2025,,,,,,,,,,,,,,12,Picked,DTR Van-D,,,,,,,,
IN000598,7880336,CT0010054219,SHA1004,6,3012868,3012868,Jik Colours 70Ml *144,OU,S,CA,12,0,4597.7,31.93,383.16,0,0,0,0,0,383.16,0,61.31,444.47,SOSHA1004000087,Invoice,Invoiced,10/03/2025,,,,,,,,,,,,,,12,Unpick,DTR Van-A,,,,,,,,
IN000601,7880336,CT0010044101,SHA1001,1,3012868,3012868,Jik Colours 70Ml *144,OU,S,CA,12,0,4597.7,31.93,383.16,0,0,0,0,0,383.16,0,61.31,444.47,SOSHA1001000094,Invoice,Invoiced,10/03/2025,,,,,,,,,,,,,,12,Picked,DTR Van-D,,,,,,,,
IN000716,7880336,CT0010054300,SHA1001,2,3012868,3012868,Jik Colours 70Ml *144,OU,S,CA,12,0,4597.7,31.93,383.16,0,0,0,0,0,383.16,0,61.31,444.47,SOSHA1001000121,Invoice,Invoiced,11/03/2025,,,,,,,,,,,,,,12,Picked,DTR Van-D,,,,,,,,
IN000731,7880336,CT0010045166,SHA1002,3,3012868,3012868,Jik Colours 70Ml *144,OU,S,CA,12,0,4597.7,31.93,383.16,0,0,0,0,0,383.16,0,61.31,444.47,SOSHA1002000136,Invoice,Invoiced,11/03/2025,,,,,,,,,,,,,,12,Picked,DTR Van-D,,,,,,,,
IN000735,7880336,CT0010043725,SHA1003,1,3012868,3012868,Jik Colours 70Ml *144,OU,S,CA,12,0,4597.7,31.93,383.16,0,0,0,0,0,383.16,0,61.31,444.47,SOSHA1003000123,Invoice,Invoiced,11/03/2025,,,,,,,,,,,,,,12,Picked,DTR Van-D,,,,,,,,
IN000737,7880336,CT0010043738,SHA1003,3,3012868,3012868,Jik Colours 70Ml *144,OU,S,CA,12,0,4597.7,31.93,383.16,0,0,0,0,0,383.16,0,61.31,444.47,SOSHA1003000125,Invoice,Invoiced,11/03/2025,,,,,,,,,,,,,,12,Picked,DTR Van-D,,,,,,,,
IN000743,7880336,CT0010043750,SHA1003,3,3012868,3012868,Jik Colours 70Ml *144,OU,S,CA,12,0,4597.7,31.93,383.16,0,0,0,0,0,383.16,0,61.31,444.47,SOSHA1003000128,Invoice,Invoiced,11/03/2025,,,,,,,,,,,,,,12,Picked,DTR Van-D,,,,,,,,
IN000755,7880336,CT0010054273,SHA1004,2,3012868,3012868,Jik Colours 70Ml *144,OU,S,CA,12,0,4597.7,31.93,383.16,0,0,0,0,0,383.16,0,61.31,444.47,SOSHA1004000121,Invoice,Invoiced,11/03/2025,,,,,,,,,,,,,,12,Picked,DTR Van-A,,,,,,,,
IN000756,7880336,CT0010054274,SHA1004,2,3012868,3012868,Jik Colours 70Ml *144,OU,S,CA,12,0,4597.7,31.93,383.16,0,0,0,0,0,383.16,0,61.31,444.47,SOSHA1004000122,Invoice,Invoiced,11/03/2025,,,,,,,,,,,,,,12,Picked,DTR Van-A,,,,,,,,
IN000761,7880336,CT0010045500,SHA1005,4,3012868,3012868,Jik Colours 70Ml *144,OU,S,CA,12,0,4597.7,31.93,383.16,0,0,0,0,0,383.16,0,61.31,444.47,SOSHA1005000091,Invoice,Invoiced,11/03/2025,,,,,,,,,,,,,,12,Picked,DTR Van-D,,,,,,,,
IN000810,7880336,CT0010054331,SHA1001,1,3012868,3012868,Jik Colours 70Ml *144,OU,S,CA,12,0,4597.7,31.93,383.16,0,0,0,0,0,383.16,0,61.31,444.47,SOSHA1001000134,Invoice,Invoiced,12/03/2025,,,,,,,,,,,,,,12,Picked,DTR Van-D,,,,,,,,
IN000824,7880336,CT0010054340,SHA1002,3,3012868,3012868,Jik Colours 70Ml *144,OU,S,CA,12,0,4597.7,31.93,383.16,0,0,0,0,0,383.16,0,61.31,444.47,SOSHA1002000140,Invoice,Invoiced,12/03/2025,,,,,,,,,,,,,,12,Picked,DTR Van-D,,,,,,,,
IN000834,7880336,CT0010043018,SHA1004,3,3012868,3012868,Jik Colours 70Ml *144,OU,S,CA,12,0,4597.7,31.93,383.16,0,0,0,0,0,383.16,0,61.31,444.47,SOSHA1004000133,Invoice,Invoiced,12/03/2025,,,,,,,,,,,,,,12,Picked,DTR Van-D,,,,,,,,
IN000836,7880336,CT0010043007,SHA1004,2,3012868,3012868,Jik Colours 70Ml *144,OU,S,CA,12,0,4597.7,31.93,383.16,0,0,0,0,0,383.16,0,61.31,444.47,SOSHA1004000135,Invoice,Invoiced,12/03/2025,,,,,,,,,,,,,,12,Picked,DTR Van-D,,,,,,,,
IN000843,7880336,CT0010054342,SHA1005,1,3012868,3012868,Jik Colours 70Ml *144,OU,S,CA,12,0,4597.7,31.93,383.16,0,0,0,0,0,383.16,0,61.31,444.47,SOSHA1005000104,Invoice,Invoiced,12/03/2025,,,,,,,,,,,,,,12,Picked,DTR Van-D,,,,,,,,
IN000892,7880336,CT0010054345,SHA1006,3,3012868,3012868,Jik Colours 70Ml *144,OU,S,CA,12,0,4597.7,31.93,383.16,0,0,0,0,0,383.16,0,61.31,444.47,SOSHA1006000159,Invoice,Invoiced,12/03/2025,,,,,,,,,,,,,,12,Picked,DTR Van-D,,,,,,,,
IN000911,7880336,CT0010054406,SHA1002,2,3012868,3012868,Jik Colours 70Ml *144,OU,S,CA,12,0,4597.7,31.93,383.16,0,0,0,0,0,383.16,0,61.31,444.47,SOSHA1002000158,Invoice,Invoiced,13/03/2025,,,,,,,,,,,,,,12,Picked,DTR Van-D,,,,,,,,
IN000920,7880336,CT0010054420,SHA1003,2,3012868,3012868,Jik Colours 70Ml *144,OU,S,CA,12,0,4597.7,31.93,383.16,0,0,0,0,0,383.16,0,61.31,444.47,SOSHA1003000155,Invoice,Invoiced,13/03/2025,,,,,,,,,,,,,,12,Picked,DTR Van-D,,,,,,,,
IN000936,7880336,CT0010054395,SHA1004,1,3012868,3012868,Jik Colours 70Ml *144,OU,S,CA,12,0,4597.7,31.93,383.16,0,0,0,0,0,383.16,0,61.31,444.47,SOSHA1004000142,Invoice,Invoiced,13/03/2025,,,,,,,,,,,,,,12,Picked,DTR Van-D,,,,,,,,
IN000944,7880336,CT0010054399,SHA1005,1,3012868,3012868,Jik Colours 70Ml *144,OU,S,CA,12,0,4597.7,31.93,383.16,0,0,0,0,0,383.16,0,61.31,444.47,SOSHA1005000119,Invoice,Invoiced,13/03/2025,,,,,,,,,,,,,,12,Picked,DTR Van-D,,,,,,,,
IN000959,7880336,CT0010054426,SHA1006,2,3012868,3012868,Jik Colours 70Ml *144,OU,S,CA,12,0,4597.7,31.93,383.16,0,0,0,0,0,383.16,0,61.31,444.47,SOSHA1006000184,Invoice,Invoiced,13/03/2025,,,,,,,,,,,,,,12,Picked,DTR Van-D,,,,,,,,
IN000961,7880336,CT0010054390,SHA1006,13,3012868,3012868,Jik Colours 70Ml *144,OU,S,CA,12,0,4597.7,31.93,383.16,0,0,0,0,0,383.16,0,61.31,444.47,SOSHA1006000170,Invoice,Invoiced,13/03/2025,,,,,,,,,,,,,,12,Picked,DTR Van-D,,,,,,,,
IN000966,7880336,CT0010054412,SHA1007,3,3012868,3012868,Jik Colours 70Ml *144,OU,S,CA,12,0,4597.7,31.93,383.16,0,0,0,0,0,383.16,0,61.31,444.47,SOSHA1007000151,Invoice,Invoiced,13/03/2025,,,,,,,,,,,,,,12,Picked,DTR Van-D,,,,,,,,
IN000978,7880336,CT0010050026,SHA1000,5,3012868,3012868,Jik Colours 70Ml *144,OU,S,CA,12,0,4597.7,31.93,383.16,0,0,0,0,0,383.16,0,61.31,444.47,SOSHA1000000023,Invoice,Invoiced,14/03/2025,,,,,,,,,,,,,,12,Picked,Other Supermarts-D,,,,,,,,
IN000993,7880336,CT0010043957,SHA1003,1,3012868,3012868,Jik Colours 70Ml *144,OU,S,CA,12,0,4597.7,31.93,383.16,0,0,0,0,0,383.16,0,61.31,444.47,SOSHA1003000174,Invoice,Invoiced,14/03/2025,,,,,,,,,,,,,,12,Picked,DTR Van-D,,,,,,,,
IN001010,7880336,CT0010044577,SHA1004,2,3012868,3012868,Jik Colours 70Ml *144,OU,S,CA,12,0,4597.7,31.93,383.16,0,0,0,0,0,383.16,0,61.31,444.47,SOSHA1004000159,Invoice,Invoiced,14/03/2025,,,,,,,,,,,,,,12,Picked,DTR Van-D,,,,,,,,
IN001013,7880336,CT0010054494,SHA1004,2,3012868,3012868,Jik Colours 70Ml *144,OU,S,CA,12,0,4597.7,31.93,383.16,0,0,0,0,0,383.16,0,61.31,444.47,SOSHA1004000162,Invoice,Invoiced,14/03/2025,,,,,,,,,,,,,,12,Picked,DTR Van-D,,,,,,,,
IN001038,7880336,CT0010054463,SHA1005,3,3012868,3012868,Jik Colours 70Ml *144,OU,S,CA,12,0,4597.7,31.93,383.16,0,0,0,0,0,383.16,0,61.31,444.47,SOSHA1005000139,Invoice,Invoiced,14/03/2025,,,,,,,,,,,,,,12,Picked,DTR Van-D,,,,,,,,
IN001081,7880336,CT0010041993,SHA1002,3,3012868,3012868,Jik Colours 70Ml *144,OU,S,CA,12,0,4597.7,31.93,383.16,0,0,0,0,0,383.16,0,61.31,444.47,SOSHA1002000173,Invoice,Invoiced,17/03/2025,,,,,,,,,,,,,,12,Picked,DTR Van-D,,,,,,,,
IN001083,7880336,CT0010045143,SHA1002,2,3012868,3012868,Jik Colours 70Ml *144,OU,S,CA,12,0,4597.7,31.93,383.16,0,0,0,0,0,383.16,0,61.31,444.47,SOSHA1002000175,Invoice,Invoiced,17/03/2025,,,,,,,,,,,,,,12,Picked,DTR Van-D,,,,,,,,
IN001101,7880336,CT0010054006,SHA1004,1,3012868,3012868,Jik Colours 70Ml *144,OU,S,CA,12,0,4597.7,31.93,383.16,0,0,0,0,0,383.16,0,61.31,444.47,SOSHA1004000179,Invoice,Invoiced,17/03/2025,,,,,,,,,,,,,,12,Picked,DTR Van-C,,,,,,,,
IN001113,7880336,CT0010045383,SHA1004,2,3012868,3012868,Jik Colours 70Ml *144,OU,S,CA,12,0,4597.7,31.93,383.16,0,0,0,0,0,383.16,0,61.31,444.47,SOSHA1004000191,Invoice,Invoiced,17/03/2025,,,,,,,,,,,,,,12,Picked,DTR Van-D,,,,,,,,
IN001147,7880336,CT0010051575,SHA1006,1,3012868,3012868,Jik Colours 70Ml *144,OU,S,CA,12,0,4597.7,31.93,383.16,0,0,0,0,0,383.16,0,61.31,444.47,SOSHA1006000216,Invoice,Invoiced,17/03/2025,,,,,,,,,,,,,,12,Picked,DTR Van-D,,,,,,,,
IN001154,7880336,CT0010054549,SHA1006,4,3012868,3012868,Jik Colours 70Ml *144,OU,S,CA,12,0,4597.7,31.93,383.16,0,0,0,0,0,383.16,0,61.31,444.47,SOSHA1006000210,Invoice,Invoiced,17/03/2025,,,,,,,,,,,,,,12,Picked,DTR Van-D,,,,,,,,
IN001221,7880336,CT0010054627,SHA1004,2,3012868,3012868,Jik Colours 70Ml *144,OU,S,CA,12,0,4597.7,31.93,383.16,0,0,0,0,0,383.16,0,61.31,444.47,SOSHA1004000205,Invoice,Invoiced,18/03/2025,,,,,,,,,,,,,,12,Picked,DTR Van-D,,,,,,,,
IN001231,7880336,CT0010054610,SHA1004,2,3012868,3012868,Jik Colours 70Ml *144,OU,S,CA,12,0,4597.7,31.93,383.16,0,0,0,0,0,383.16,0,61.31,444.47,SOSHA1004000216,Invoice,Invoiced,18/03/2025,,,,,,,,,,,,,,12,Picked,DTR Van-D,,,,,,,,
IN001282,7880336,CT0010045452,SHA1007,2,3012868,3012868,Jik Colours 70Ml *144,OU,S,CA,12,0,4597.7,31.93,383.16,0,0,0,0,0,383.16,0,61.31,444.47,SOSHA1007000183,Invoice,Invoiced,18/03/2025,,,,,,,,,,,,,,12,Picked,DTR Van-D,,,,,,,,
IN001306,7880336,CT0010047396,SHA1002,1,3012868,3012868,Jik Colours 70Ml *144,OU,S,CA,12,0,4597.7,31.93,383.16,0,0,0,0,0,383.16,0,61.31,444.47,SOSHA1002000212,Invoice,Invoiced,20/03/2025,,,,,,,,,,,,,,12,Picked,DTR Van-D,,,,,,,,
IN001321,7880336,CT0010047418,SHA1002,1,3012868,3012868,Jik Colours 70Ml *144,OU,S,CA,12,0,4597.7,31.93,383.16,0,0,0,0,0,383.16,0,61.31,444.47,SOSHA1002000222,Invoice,Invoiced,20/03/2025,,,,,,,,,,,,,,12,Picked,DTR Van-D,,,,,,,,
IN001327,7880336,CT0010054101,SHA1003,2,3012868,3012868,Jik Colours 70Ml *144,OU,S,CA,12,0,4597.7,31.93,383.16,0,0,0,0,0,383.16,0,61.31,444.47,SOSHA1003000219,Invoice,Invoiced,20/03/2025,,,,,,,,,,,,,,12,Picked,DTR Van-D,,,,,,,,
IN001339,7880336,CT0010054104,SHA1003,3,3012868,3012868,Jik Colours 70Ml *144,OU,S,CA,12,0,4597.7,31.93,383.16,0,0,0,0,0,383.16,0,61.31,444.47,SOSHA1003000228,Invoice,Invoiced,20/03/2025,,,,,,,,,,,,,,12,Picked,DTR Van-D,,,,,,,,
IN001342,7880336,CT0010044938,SHA1004,3,3012868,3012868,Jik Colours 70Ml *144,OU,S,CA,12,0,4597.7,31.93,383.16,0,0,0,0,0,383.16,0,61.31,444.47,SOSHA1004000219,Invoice,Invoiced,20/03/2025,,,,,,,,,,,,,,12,Picked,DTR Van-D,,,,,,,,
IN001350,7880336,CT0010044921,SHA1004,1,3012868,3012868,Jik Colours 70Ml *144,OU,S,CA,12,0,4597.7,31.93,383.16,0,0,0,0,0,383.16,0,61.31,444.47,SOSHA1004000228,Invoice,Invoiced,20/03/2025,,,,,,,,,,,,,,12,Picked,DTR Van-D,,,,,,,,
IN001354,7880336,CT0010044946,SHA1004,3,3012868,3012868,Jik Colours 70Ml *144,OU,S,CA,12,0,4597.7,31.93,383.16,0,0,0,0,0,383.16,0,61.31,444.47,SOSHA1004000234,Invoice,Invoiced,20/03/2025,,,,,,,,,,,,,,12,Picked,DTR Van-D,,,,,,,,
IN001359,7880336,CT0010054655,SHA1004,2,3012868,3012868,Jik Colours 70Ml *144,OU,S,CA,12,0,4597.7,31.93,383.16,0,0,0,0,0,383.16,0,61.31,444.47,SOSHA1004000238,Invoice,Invoiced,20/03/2025,,,,,,,,,,,,,,12,Picked,DTR Van-D,,,,,,,,
IN001364,7880336,CT0010054682,SHA1004,1,3012868,3012868,Jik Colours 70Ml *144,OU,S,CA,12,0,4597.7,31.93,383.16,0,0,0,0,0,383.16,0,61.31,444.47,SOSHA1004000240,Invoice,Invoiced,20/03/2025,,,,,,,,,,,,,,12,Picked,DTR Van-D,,,,,,,,
IN001389,7880336,CT0010054667,SHA1007,2,3012868,3012868,Jik Colours 70Ml *144,OU,S,CA,12,0,4597.7,31.93,383.16,0,0,0,0,0,383.16,0,61.31,444.47,SOSHA1007000196,Invoice,Invoiced,20/03/2025,,,,,,,,,,,,,,12,Picked,DTR Van-D,,,,,,,,
IN001393,7880336,CT0010046867,SHA1007,2,3012868,3012868,Jik Colours 70Ml *144,OU,S,CA,12,0,4597.7,31.93,383.16,0,0,0,0,0,383.16,0,61.31,444.47,SOSHA1007000202,Invoice,Invoiced,20/03/2025,,,,,,,,,,,,,,12,Picked,DTR Van-D,,,,,,,,
IN001397,7880336,CT0010054690,SHA1007,2,3012868,3012868,Jik Colours 70Ml *144,OU,S,CA,12,0,4597.7,31.93,383.16,0,0,0,0,0,383.16,0,61.31,444.47,SOSHA1007000214,Invoice,Invoiced,20/03/2025,,,,,,,,,,,,,,12,Picked,DTR Van-D,,,,,,,,
IN001400,7880336,CT0010054686,SHA1007,5,3012868,3012868,Jik Colours 70Ml *144,OU,S,CA,12,0,4597.7,31.93,383.16,0,0,0,0,0,383.16,0,61.31,444.47,SOSHA1007000208,Invoice,Invoiced,20/03/2025,,,,,,,,,,,,,,12,Picked,DTR Van-D,,,,,,,,
IN001415,7880336,CT0010054168,SHA1001,1,3012868,3012868,Jik Colours 70Ml *144,OU,S,CA,12,0,4597.7,31.93,383.16,0,0,0,0,0,383.16,0,61.31,444.47,SOSHA1001000235,Invoice,Invoiced,21/03/2025,,,,,,,,,,,,,,12,Picked,DTR Van-D,,,,,,,,
IN001424,7880336,CT0010047017,SHA1002,3,3012868,3012868,Jik Colours 70Ml *144,OU,S,CA,12,0,4597.7,31.93,383.16,0,0,0,0,0,383.16,0,61.31,444.47,SOSHA1002000233,Invoice,Invoiced,21/03/2025,,,,,,,,,,,,,,12,Picked,DTR Van-D,,,,,,,,
IN001436,7880336,CT0010054696,SHA1002,1,3012868,3012868,Jik Colours 70Ml *144,OU,S,CA,12,0,4597.7,31.93,383.16,0,0,0,0,0,383.16,0,61.31,444.47,SOSHA1002000243,Invoice,Invoiced,21/03/2025,,,,,,,,,,,,,,12,Picked,DTR Van-D,,,,,,,,
IN001446,7880336,CT0010054739,SHA1003,1,3012868,3012868,Jik Colours 70Ml *144,OU,S,CA,12,0,4597.7,31.93,383.16,0,0,0,0,0,383.16,0,61.31,444.47,SOSHA1003000247,Invoice,Invoiced,21/03/2025,,,,,,,,,,,,,,12,Picked,DTR Van-D,,,,,,,,
IN001447,7880336,CT0010054740,SHA1003,1,3012868,3012868,Jik Colours 70Ml *144,OU,S,CA,12,0,4597.7,31.93,383.16,0,0,0,0,0,383.16,0,61.31,444.47,SOSHA1003000248,Invoice,Invoiced,21/03/2025,,,,,,,,,,,,,,12,Picked,DTR Van-D,,,,,,,,
IN001456,7880336,CT0010046285,SHA1004,1,3012868,3012868,Jik Colours 70Ml *144,OU,S,CA,12,0,4597.7,31.93,383.16,0,0,0,0,0,383.16,0,61.31,444.47,SOSHA1004000250,Invoice,Invoiced,21/03/2025,,,,,,,,,,,,,,12,Picked,DTR Van-D,,,,,,,,
IN001472,7880336,CT0010041506,SHA1005,1,3012868,3012868,Jik Colours 70Ml *144,OU,S,CA,12,0,4597.7,31.93,383.16,0,0,0,0,0,383.16,0,61.31,444.47,SOSHA1005000201,Invoice,Invoiced,21/03/2025,,,,,,,,,,,,,,12,Picked,DTR Van-D,,,,,,,,
IN001477,7880336,CT0010044089,SHA1005,2,3012868,3012868,Jik Colours 70Ml *144,OU,S,CA,12,0,4597.7,31.93,383.16,0,0,0,0,0,383.16,0,61.31,444.47,SOSHA1005000203,Invoice,Invoiced,21/03/2025,,,,,,,,,,,,,,12,Picked,DTR Van-D,,,,,,,,
IN001487,7880336,CT0010054140,SHA1005,1,3012868,3012868,Jik Colours 70Ml *144,OU,S,CA,12,0,4597.7,31.93,383.16,0,0,0,0,0,383.16,0,61.31,444.47,SOSHA1005000215,Invoice,Invoiced,21/03/2025,,,,,,,,,,,,,,12,Picked,DTR Van-D,,,,,,,,
IN001506,7880336,CT0010054736,SHA1007,3,3012868,3012868,Jik Colours 70Ml *144,OU,S,CA,12,0,4597.7,31.93,383.16,0,0,0,0,0,383.16,0,61.31,444.47,SOSHA1007000230,Invoice,Invoiced,21/03/2025,,,,,,,,,,,,,,12,Picked,DTR Van-D,,,,,,,,
IN000304,7880336,CT0010047445,SHA1002,4,299714,0299714,Harpic Power Plus 200Ml *36,OU,S,CA,3,0,4655,129.31,387.93,0,0,0,0,0,387.93,0,62.07,450,SOSHA1002000076,Invoice,Invoiced,06/03/2025,,,,,,,,,,,,,,3,Picked,DTR Van-D,,,,,,,,
IN000380,7880336,CT0010046631,SHA1007,1,299714,0299714,Harpic Power Plus 200Ml *36,OU,S,CA,3,0,4655,129.31,387.93,0,0,0,0,0,387.93,0,62.07,450,SOSHA1007000053,Invoice,Invoiced,06/03/2025,,,,,,,,,,,,,,3,Picked,DTR Van-D,,,,,,,,
IN000723,7880336,CT0010054305,SHA1001,3,299714,0299714,Harpic Power Plus 200Ml *36,OU,S,CA,3,0,4655,129.31,387.93,0,0,0,0,0,387.93,0,62.07,450,SOSHA1001000127,Invoice,Invoiced,11/03/2025,,,,,,,,,,,,,,3,Picked,DTR Van-D,,,,,,,,
IN000854,7880336,CT0010045882,SHA1007,1,299714,0299714,Harpic Power Plus 200Ml *36,OU,S,CA,3,0,4655,129.31,387.93,0,0,0,0,0,387.93,0,62.07,450,SOSHA1007000139,Invoice,Invoiced,12/03/2025,,,,,,,,,,,,,,3,Picked,DTR Van-D,,,,,,,,
IN000867,7880336,CT0010054372,SHA1002,3,299714,0299714,Harpic Power Plus 200Ml *36,OU,S,CA,3,0,4655,129.31,387.93,0,0,0,0,0,387.93,0,62.07,450,SOSHA1002000150,Invoice,Invoiced,12/03/2025,,,,,,,,,,,,,,3,Picked,DTR Van-D,,,,,,,,
IN000868,7880336,CT0010054373,SHA1002,2,299714,0299714,Harpic Power Plus 200Ml *36,OU,S,CA,3,0,4655,129.31,387.93,0,0,0,0,0,387.93,0,62.07,450,SOSHA1002000151,Invoice,Invoiced,12/03/2025,,,,,,,,,,,,,,3,Picked,DTR Van-D,,,,,,,,
IN000908,7880336,CT0010047872,SHA1001,3,299714,0299714,Harpic Power Plus 200Ml *36,OU,S,CA,3,0,4655,129.31,387.93,0,0,0,0,0,387.93,0,62.07,450,SOSHA1001000155,Invoice,Invoiced,13/03/2025,,,,,,,,,,,,,,3,Picked,DTR Van-D,,,,,,,,
IN001070,7880336,CT0010043046,SHA1001,1,299714,0299714,Harpic Power Plus 200Ml *36,OU,S,CA,3,0,4655,129.31,387.93,0,0,0,0,0,387.93,0,62.07,450,SOSHA1001000183,Invoice,Invoiced,17/03/2025,,,,,,,,,,,,,,3,Picked,DTR Van-D,,,,,,,,
IN001157,7880336,CT0010041507,SHA1007,1,299714,0299714,Harpic Power Plus 200Ml *36,OU,S,CA,3,0,4655,129.31,387.93,0,0,0,0,0,387.93,0,62.07,450,SOSHA1007000171,Invoice,Invoiced,17/03/2025,,,,,,,,,,,,,,3,Picked,DTR Van-D,,,,,,,,
IN001446,7880336,CT0010054739,SHA1003,2,299714,0299714,Harpic Power Plus 200Ml *36,OU,S,CA,3,0,4655,129.31,387.93,0,0,0,0,0,387.93,0,62.07,450,SOSHA1003000247,Invoice,Invoiced,21/03/2025,,,,,,,,,,,,,,3,Picked,DTR Van-D,,,,,,,,
IN001479,7880336,CT0010054704,SHA1005,3,299714,0299714,Harpic Power Plus 200Ml *36,OU,S,CA,3,0,4655,129.31,387.93,0,0,0,0,0,387.93,0,62.07,450,SOSHA1005000207,Invoice,Invoiced,21/03/2025,,,,,,,,,,,,,,3,Picked,DTR Van-A,,,,,,,,
IN000191,7880336,CT0010043538,SHA1007,1,384658,0384658,Jik Bleach Regular 250Ml *18,OU,S,CA,3,0,2355.3,130.85,392.55,0,0,0,0,0,392.55,0,62.81,455.36,SOSHA1007000032,Invoice,Invoiced,04/03/2025,,,,,,,,,,,,,,3,Picked,DTR Van-D,,,,,,,,
IN000429,7880336,CT0010046251,SHA1004,1,384658,0384658,Jik Bleach Regular 250Ml *18,OU,S,CA,3,0,2355.3,130.85,392.55,0,0,0,0,0,392.55,0,62.81,455.36,SOSHA1004000065,Invoice,Invoiced,06/03/2025,,,,,,,,,,,,,,3,Picked,DTR Van-D,,,,,,,,
IN000451,7880336,CT0010054140,SHA1005,2,384658,0384658,Jik Bleach Regular 250Ml *18,OU,S,CA,3,0,2355.3,130.85,392.55,0,0,0,0,0,392.55,0,62.81,455.36,SOSHA1005000047,Invoice,Invoiced,06/03/2025,,,,,,,,,,,,,,3,Picked,DTR Van-D,,,,,,,,
IN000737,7880336,CT0010043738,SHA1003,2,384658,0384658,Jik Bleach Regular 250Ml *18,OU,S,CA,3,0,2355.3,130.85,392.55,0,0,0,0,0,392.55,0,62.81,455.36,SOSHA1003000125,Invoice,Invoiced,11/03/2025,,,,,,,,,,,,,,3,Picked,DTR Van-D,,,,,,,,
IN000742,7880336,CT0010054316,SHA1003,1,384658,0384658,Jik Bleach Regular 250Ml *18,OU,S,CA,3,0,2355.3,130.85,392.55,0,0,0,0,0,392.55,0,62.81,455.36,SOSHA1003000127,Invoice,Invoiced,11/03/2025,,,,,,,,,,,,,,3,Picked,DTR Van-D,,,,,,,,
IN000967,7880336,CT0010054413,SHA1007,1,384658,0384658,Jik Bleach Regular 250Ml *18,OU,S,CA,3,0,2355.3,130.85,392.55,0,0,0,0,0,392.55,0,62.81,455.36,SOSHA1007000152,Invoice,Invoiced,13/03/2025,,,,,,,,,,,,,,3,Picked,DTR Van-D,,,,,,,,
IN001275,7880336,CT0010045418,SHA1007,3,384658,0384658,Jik Bleach Regular 250Ml *18,OU,S,CA,3,0,2355.3,130.85,392.55,0,0,0,0,0,392.55,0,62.81,455.36,SOSHA1007000179,Invoice,Invoiced,18/03/2025,,,,,,,,,,,,,,3,Picked,DTR Van-D,,,,,,,,
IN000503,7880336,CT0010044627,SHA1004,2,8017991,8017991,Harpic Bluematic Tripple Pack 24*150Gm,OU,S,CA,1,0,9605.91,400.25,400.25,0,0,0,0,0,400.25,0,64.04,464.29,SOSHA1004000025,Invoice,Invoiced,07/03/2025,,,,,,,,,,,,,,1,Picked,DTR Van-D,,,,,,,,
IN001107,7880336,CT0010054535,SHA1004,1,3049801,3049801,DETTOL LIQUID 96*50ML,OU,S,CA,5,0,9028.21,94.04,470.2,0,0,0,0,0,470.2,0,0,470.2,SOSHA1004000185,Invoice,Invoiced,17/03/2025,,,,,,,,,,,,,,5,Picked,DTR Van-D,,,,,,,,
IN001044,7880336,CT0010054471,SHA1005,12,3286535,3286535,HARPIC POWERPLUS 100ML,OU,S,CA,12,0,1552,43.11,517.32,139.68,46.56,0,0,46.56,470.76,0,0,470.76,SOSHA1005000136,Invoice,Invoiced,14/03/2025,,,,,,,,,,,,,,12,Picked,DTR Van-D,,,,,,,,
IN001358,7880336,CT0010054654,SHA1004,1,238167,0238167,Jik Bleach Regular 70Ml *144,OU,S,CA,24,0,3218.39,22.35,536.4,289.68,48.28,0,0,48.28,488.12,0,0,488.12,SOSHA1004000237,Invoice,Invoiced,20/03/2025,,,,,,,,,,,,,,24,Picked,DTR Van-D,,,,,,,,
IN000134,7880336,CT0010042817,SHA1002,1,3046971,3046971,DETTOL 24*10S WIPES FLOW PACK ORIGINAL,OU,S,CA,4,0,3058.47,127.44,509.76,0,0,0,0,0,509.76,0,0,509.76,SOSHA1002000002,Invoice,Invoiced,04/03/2025,,,,,,,,,,,,,,4,Unpick,DTR Van-D,,,,,,,,
IN000136,7880336,CT0010045482,SHA1002,1,3049801,3049801,DETTOL LIQUID 96*50ML,OU,S,CA,6,0,9028.21,94.04,564.24,812.48,50.78,0,0,50.78,513.46,0,0,513.46,SOSHA1002000027,Invoice,Invoiced,04/03/2025,,,,,,,,,,,,,,6,Unpick,DTR Van-D,,,,,,,,
IN001230,7880336,CT0010054598,SHA1004,1,3049801,3049801,DETTOL LIQUID 96*50ML,OU,S,CA,6,0,9028.21,94.04,564.24,812.48,50.78,0,0,50.78,513.46,0,0,513.46,SOSHA1004000215,Invoice,Invoiced,18/03/2025,,,,,,,,,,,,,,6,Picked,DTR Van-D,,,,,,,,
IN000414,7880336,CT0010054132,SHA1002,5,299714,0299714,Harpic Power Plus 200Ml *36,OU,S,CA,4,0,4655,129.31,517.24,0,0,0,0,0,517.24,0,0,517.24,SOSHA1002000091,Invoice,Invoiced,06/03/2025,,,,,,,,,,,,,,4,Picked,DTR Van-A,,,,,,,,
IN000128,7880336,CT0010041514,SHA1003,1,238167,0238167,Jik Bleach Regular 70Ml *144,OU,S,CA,24,0,3218.39,22.35,536.4,0,0,0,0,0,536.4,0,0,536.4,SOSHA1003000026,Invoice,Invoiced,04/03/2025,,,,,,,,,,,,,,24,Unpick,DTR Van-D,,,,,,,,
IN000210,7880336,CT0010046225,SHA1006,1,238167,0238167,Jik Bleach Regular 70Ml *144,OU,S,CA,24,0,3218.39,22.35,536.4,0,0,0,0,0,536.4,0,0,536.4,SOSHA1006000024,Invoice,Invoiced,05/03/2025,,,,,,,,,,,,,,24,Unpick,DTR Van-D,,,,,,,,
IN000962,7880336,CT0010054433,SHA1006,45,3119322,3119322,HARPIC TETRIS ITB BLOCKS LAVENDER MEADOWS 6*35G,OU,S,CA,3,0,926.72,154.45,463.35,0,0,0,0,0,463.35,0,74.14,537.49,SOSHA1006000186,Invoice,Invoiced,13/03/2025,,,,,,,,,,,,,,3,Picked,DTR Van-D,,,,,,,,
IN000962,7880336,CT0010054433,SHA1006,46,3132486,3132486,HARPIC TETRIS ITB TROPICAL BLOSSOM 6*35G,OU,S,CA,3,0,926.72,154.45,463.35,0,0,0,0,0,463.35,0,74.14,537.49,SOSHA1006000186,Invoice,Invoiced,13/03/2025,,,,,,,,,,,,,,3,Picked,DTR Van-D,,,,,,,,
IN000962,7880336,CT0010054433,SHA1006,47,3132946,3132946,HARPIC TETRIS ITB MARINE SPLASH 6*35G,OU,S,CA,3,0,926.72,154.45,463.35,0,0,0,0,0,463.35,0,74.14,537.49,SOSHA1006000186,Invoice,Invoiced,13/03/2025,,,,,,,,,,,,,,3,Picked,DTR Van-D,,,,,,,,
IN000126,7880336,CT0010041655,SHA1003,1,349130,0349130,Mortein Doom P.Gard Aik Lemon 12*100Ml,OU,S,CA,3,0,2163.01,180.25,540.75,0,0,0,0,0,540.75,0,0,540.75,SOSHA1003000010,Invoice,Invoiced,04/03/2025,,,,,,,,,,,,,,3,Unpick,DTR Van-D,,,,,,,,
IN000703,7880336,CT0010042922,SHA1001,1,3049801,3049801,DETTOL LIQUID 96*50ML,OU,S,CA,5,0,9028.21,94.04,470.2,0,0,0,0,0,470.2,0,75.23,545.43,SOSHA1001000108,Invoice,Invoiced,11/03/2025,,,,,,,,,,,,,,5,Picked,DTR Van-D,,,,,,,,
IN000535,7880336,CT0010043893,SHA1003,4,3249062,3249062,DETTOL SOAP ORIGINAL 125G,OU,S,CA,3,0,11285.27,156.74,470.22,0,0,0,0,0,470.22,0,75.24,545.46,SOSHA1003000101,Invoice,Invoiced,08/03/2025,,,,,,,,,,,,,,3,Picked,DTR Van-D,,,,,,,,
IN000980,7880336,CT0010047789,SHA1001,1,3249063,3249063,DETTOL SOAP SKINCARE 125G,OU,S,CA,3,0,11285.27,156.74,470.22,0,0,0,0,0,470.22,0,75.24,545.46,SOSHA1001000163,Invoice,Invoiced,14/03/2025,,,,,,,,,,,,,,3,Picked,DTR Van-D,,,,,,,,
IN000484,7880336,CT0010047145,SHA1007,2,3286535,3286535,HARPIC POWERPLUS 100ML,OU,S,CA,12,0,1552,43.11,517.32,139.68,46.56,0,0,46.56,470.76,0,75.32,546.08,SOSHA1007000067,Invoice,Invoiced,06/03/2025,,,,,,,,,,,,,,12,Picked,DTR Van-D,,,,,,,,
IN000493,7880336,CT0010047104,SHA1007,4,3286535,3286535,HARPIC POWERPLUS 100ML,OU,S,CA,12,0,1552,43.11,517.32,139.68,46.56,0,0,46.56,470.76,0,75.32,546.08,SOSHA1007000076,Invoice,Invoiced,06/03/2025,,,,,,,,,,,,,,12,Picked,DTR Van-D,,,,,,,,
IN000533,7880336,CT0010043857,SHA1003,2,3286535,3286535,HARPIC POWERPLUS 100ML,OU,S,CA,12,0,1552,43.11,517.32,139.68,46.56,0,0,46.56,470.76,0,75.32,546.08,SOSHA1003000099,Invoice,Invoiced,08/03/2025,,,,,,,,,,,,,,12,Picked,DTR Van-D,,,,,,,,
IN000539,7880336,CT0010043793,SHA1003,6,3286535,3286535,HARPIC POWERPLUS 100ML,OU,S,CA,12,0,1552,43.11,517.32,139.68,46.56,0,0,46.56,470.76,0,75.32,546.08,SOSHA1003000092,Invoice,Invoiced,08/03/2025,,,,,,,,,,,,,,12,Picked,DTR Van-D,,,,,,,,
IN000617,7880336,CT0010046003,SHA1002,2,3286535,3286535,HARPIC POWERPLUS 100ML,OU,S,CA,12,0,1552,43.11,517.32,139.68,46.56,0,0,46.56,470.76,0,75.32,546.08,SOSHA1002000119,Invoice,Invoiced,10/03/2025,,,,,,,,,,,,,,12,Picked,DTR Van-D,,,,,,,,
IN000628,7880336,CT0010046047,SHA1002,3,3286535,3286535,HARPIC POWERPLUS 100ML,OU,S,CA,12,0,1552,43.11,517.32,139.68,46.56,0,0,46.56,470.76,0,75.32,546.08,SOSHA1002000122,Invoice,Invoiced,10/03/2025,,,,,,,,,,,,,,12,Picked,DTR Van-D,,,,,,,,
IN000675,7880336,CT0010042508,SHA1006,3,3286535,3286535,HARPIC POWERPLUS 100ML,OU,S,CA,12,0,1552,43.11,517.32,139.68,46.56,0,0,46.56,470.76,0,75.32,546.08,SOSHA1006000129,Invoice,Invoiced,10/03/2025,,,,,,,,,,,,,,12,Picked,DTR Van-D,,,,,,,,
IN000727,7880336,CT0010045466,SHA1002,2,3286535,3286535,HARPIC POWERPLUS 100ML,OU,S,CA,12,0,1552,43.11,517.32,139.68,46.56,0,0,46.56,470.76,0,75.32,546.08,SOSHA1002000132,Invoice,Invoiced,11/03/2025,,,,,,,,,,,,,,12,Picked,DTR Van-D,,,,,,,,
IN000945,7880336,CT0010054416,SHA1005,3,3286535,3286535,HARPIC POWERPLUS 100ML,OU,S,CA,12,0,1552,43.11,517.32,139.68,46.56,0,0,46.56,470.76,0,75.32,546.08,SOSHA1005000120,Invoice,Invoiced,13/03/2025,,,,,,,,,,,,,,12,Picked,DTR Van-D,,,,,,,,
IN000983,7880336,CT0010047782,SHA1001,2,3286535,3286535,HARPIC POWERPLUS 100ML,OU,S,CA,12,0,1552,43.11,517.32,139.68,46.56,0,0,46.56,470.76,0,75.32,546.08,SOSHA1001000166,Invoice,Invoiced,14/03/2025,,,,,,,,,,,,,,12,Picked,DTR Van-D,,,,,,,,
IN001020,7880336,CT0010054459,SHA1004,1,3286535,3286535,HARPIC POWERPLUS 100ML,OU,S,CA,12,0,1552,43.11,517.32,139.68,46.56,0,0,46.56,470.76,0,75.32,546.08,SOSHA1004000169,Invoice,Invoiced,14/03/2025,,,,,,,,,,,,,,12,Picked,DTR Van-D,,,,,,,,
IN001056,7880336,CT0010046424,SHA1007,3,3286535,3286535,HARPIC POWERPLUS 100ML,OU,S,CA,12,0,1552,43.11,517.32,139.68,46.56,0,0,46.56,470.76,0,75.32,546.08,SOSHA1007000155,Invoice,Invoiced,14/03/2025,,,,,,,,,,,,,,12,Picked,DTR Van-D,,,,,,,,
IN001086,7880336,CT0010043506,SHA1002,3,3286535,3286535,HARPIC POWERPLUS 100ML,OU,S,CA,12,0,1552,43.11,517.32,139.68,46.56,0,0,46.56,470.76,0,75.32,546.08,SOSHA1002000178,Invoice,Invoiced,17/03/2025,,,,,,,,,,,,,,12,Picked,DTR Van-D,,,,,,,,
IN001095,7880336,CT0010041682,SHA1003,3,3286535,3286535,HARPIC POWERPLUS 100ML,OU,S,CA,12,0,1552,43.11,517.32,139.68,46.56,0,0,46.56,470.76,0,75.32,546.08,SOSHA1003000193,Invoice,Invoiced,17/03/2025,,,,,,,,,,,,,,12,Picked,DTR Van-D,,,,,,,,
IN001125,7880336,CT0010054569,SHA1005,9,3286535,3286535,HARPIC POWERPLUS 100ML,OU,S,CA,12,0,1552,43.11,517.32,139.68,46.56,0,0,46.56,470.76,0,75.32,546.08,SOSHA1005000154,Invoice,Invoiced,17/03/2025,,,,,,,,,,,,,,12,Picked,DTR Van-D,,,,,,,,
IN001139,7880336,CT0010054555,SHA1006,3,3286535,3286535,HARPIC POWERPLUS 100ML,OU,S,CA,12,0,1552,43.11,517.32,139.68,46.56,0,0,46.56,470.76,0,75.32,546.08,SOSHA1006000206,Invoice,Invoiced,17/03/2025,,,,,,,,,,,,,,12,Picked,DTR Van-D,,,,,,,,
IN001186,7880336,CT0010045088,SHA1002,4,3286535,3286535,HARPIC POWERPLUS 100ML,OU,S,CA,12,0,1552,43.11,517.32,139.68,46.56,0,0,46.56,470.76,0,75.32,546.08,SOSHA1002000189,Invoice,Invoiced,18/03/2025,,,,,,,,,,,,,,12,Picked,DTR Van-D,,,,,,,,
IN001228,7880336,CT0010054596,SHA1004,2,3286535,3286535,HARPIC POWERPLUS 100ML,OU,S,CA,12,0,1552,43.11,517.32,139.68,46.56,0,0,46.56,470.76,0,75.32,546.08,SOSHA1004000213,Invoice,Invoiced,18/03/2025,,,,,,,,,,,,,,12,Picked,DTR Van-A,,,,,,,,
IN001253,7880336,CT0010043311,SHA1005,1,3286535,3286535,HARPIC POWERPLUS 100ML,OU,S,CA,12,0,1552,43.11,517.32,139.68,46.56,0,0,46.56,470.76,0,75.32,546.08,SOSHA1005000179,Invoice,Invoiced,18/03/2025,,,,,,,,,,,,,,12,Picked,DTR Van-D,,,,,,,,
IN001264,7880336,CT0010046225,SHA1006,3,3286535,3286535,HARPIC POWERPLUS 100ML,OU,S,CA,12,0,1552,43.11,517.32,139.68,46.56,0,0,46.56,470.76,0,75.32,546.08,SOSHA1006000232,Invoice,Invoiced,18/03/2025,,,,,,,,,,,,,,12,Picked,DTR Van-D,,,,,,,,
IN001269,7880336,CT0010054033,SHA1006,8,3286535,3286535,HARPIC POWERPLUS 100ML,OU,S,CA,12,0,1552,43.11,517.32,139.68,46.56,0,0,46.56,470.76,0,75.32,546.08,SOSHA1006000236,Invoice,Invoiced,18/03/2025,,,,,,,,,,,,,,12,Picked,DTR Van-A,,,,,,,,
IN001477,7880336,CT0010044089,SHA1005,8,3286535,3286535,HARPIC POWERPLUS 100ML,OU,S,CA,12,0,1552,43.11,517.32,139.68,46.56,0,0,46.56,470.76,0,75.32,546.08,SOSHA1005000203,Invoice,Invoiced,21/03/2025,,,,,,,,,,,,,,12,Picked,DTR Van-D,,,,,,,,
IN001487,7880336,CT0010054140,SHA1005,2,3286535,3286535,HARPIC POWERPLUS 100ML,OU,S,CA,12,0,1552,43.11,517.32,139.68,46.56,0,0,46.56,470.76,0,75.32,546.08,SOSHA1005000215,Invoice,Invoiced,21/03/2025,,,,,,,,,,,,,,12,Picked,DTR Van-D,,,,,,,,
IN001044,7880336,CT0010054471,SHA1005,9,3298961,3298961,Dettol soap Skincare 85g,EA,S,EA,6,0,94,94,564,0,0,0,0,0,564,0,0,564,SOSHA1005000136,Invoice,Invoiced,14/03/2025,,,,,,,,,,,,,,6,Picked,DTR Van-D,,,,,,,,
IN000227,7880336,CT0010045031,SHA1002,1,238167,0238167,Jik Bleach Regular 70Ml *144,OU,S,CA,24,0,3218.39,22.35,536.4,289.68,48.28,0,0,48.28,488.12,0,78.1,566.22,SOSHA1002000051,Invoice,Invoiced,05/03/2025,,,,,,,,,,,,,,24,Picked,DTR Van-D,,,,,,,,
IN000230,7880336,CT0010045063,SHA1002,1,238167,0238167,Jik Bleach Regular 70Ml *144,OU,S,CA,24,0,3218.39,22.35,536.4,289.68,48.28,0,0,48.28,488.12,0,78.1,566.22,SOSHA1002000054,Invoice,Invoiced,05/03/2025,,,,,,,,,,,,,,24,Picked,DTR Van-D,,,,,,,,
IN000239,7880336,CT0010044644,SHA1004,1,238167,0238167,Jik Bleach Regular 70Ml *144,OU,S,CA,24,0,3218.39,22.35,536.4,289.68,48.28,0,0,48.28,488.12,0,78.1,566.22,SOSHA1004000029,Invoice,Invoiced,05/03/2025,,,,,,,,,,,,,,24,Picked,DTR Van-D,,,,,,,,
IN000244,7880336,CT0010044665,SHA1004,2,238167,0238167,Jik Bleach Regular 70Ml *144,OU,S,CA,24,0,3218.39,22.35,536.4,289.68,48.28,0,0,48.28,488.12,0,78.1,566.22,SOSHA1004000035,Invoice,Invoiced,05/03/2025,,,,,,,,,,,,,,24,Picked,DTR Van-D,,,,,,,,
IN000252,7880336,CT0010043461,SHA1005,1,238167,0238167,Jik Bleach Regular 70Ml *144,OU,S,CA,24,0,3218.39,22.35,536.4,289.68,48.28,0,0,48.28,488.12,0,78.1,566.22,SOSHA1005000026,Invoice,Invoiced,05/03/2025,,,,,,,,,,,,,,24,Picked,DTR Van-D,,,,,,,,
IN000303,7880336,CT0010047408,SHA1002,1,238167,0238167,Jik Bleach Regular 70Ml *144,OU,S,CA,24,0,3218.39,22.35,536.4,289.68,48.28,0,0,48.28,488.12,0,78.1,566.22,SOSHA1002000075,Invoice,Invoiced,06/03/2025,,,,,,,,,,,,,,24,Picked,DTR Van-D,,,,,,,,
IN000320,7880336,CT0010041660,SHA1003,1,238167,0238167,Jik Bleach Regular 70Ml *144,OU,S,CA,24,0,3218.39,22.35,536.4,289.68,48.28,0,0,48.28,488.12,0,78.1,566.22,SOSHA1003000074,Invoice,Invoiced,06/03/2025,,,,,,,,,,,,,,24,Picked,DTR Van-D,,,,,,,,
IN000345,7880336,CT0010044948,SHA1004,2,238167,0238167,Jik Bleach Regular 70Ml *144,OU,S,CA,24,0,3218.39,22.35,536.4,289.68,48.28,0,0,48.28,488.12,0,78.1,566.22,SOSHA1004000047,Invoice,Invoiced,06/03/2025,,,,,,,,,,,,,,24,Picked,DTR Van-D,,,,,,,,
IN000348,7880336,CT0010042069,SHA1005,2,238167,0238167,Jik Bleach Regular 70Ml *144,OU,S,CA,24,0,3218.39,22.35,536.4,289.68,48.28,0,0,48.28,488.12,0,78.1,566.22,SOSHA1005000035,Invoice,Invoiced,06/03/2025,,,,,,,,,,,,,,24,Picked,DTR Van-D,,,,,,,,
IN000374,7880336,CT0010046911,SHA1007,1,238167,0238167,Jik Bleach Regular 70Ml *144,OU,S,CA,24,0,3218.39,22.35,536.4,289.68,48.28,0,0,48.28,488.12,0,78.1,566.22,SOSHA1007000047,Invoice,Invoiced,06/03/2025,,,,,,,,,,,,,,24,Picked,DTR Van-D,,,,,,,,
IN000392,7880336,CT0010046786,SHA1001,1,238167,0238167,Jik Bleach Regular 70Ml *144,OU,S,CA,24,0,3218.39,22.35,536.4,289.68,48.28,0,0,48.28,488.12,0,78.1,566.22,SOSHA1001000065,Invoice,Invoiced,06/03/2025,,,,,,,,,,,,,,24,Picked,DTR Van-D,,,,,,,,
IN000401,7880336,CT0010047004,SHA1002,1,238167,0238167,Jik Bleach Regular 70Ml *144,OU,S,CA,24,0,3218.39,22.35,536.4,289.68,48.28,0,0,48.28,488.12,0,78.1,566.22,SOSHA1002000084,Invoice,Invoiced,06/03/2025,,,,,,,,,,,,,,24,Picked,DTR Van-D,,,,,,,,
IN000402,7880336,CT0010047003,SHA1002,1,238167,0238167,Jik Bleach Regular 70Ml *144,OU,S,CA,24,0,3218.39,22.35,536.4,289.68,48.28,0,0,48.28,488.12,0,78.1,566.22,SOSHA1002000085,Invoice,Invoiced,06/03/2025,,,,,,,,,,,,,,24,Picked,DTR Van-D,,,,,,,,
IN000424,7880336,CT0010046321,SHA1004,1,238167,0238167,Jik Bleach Regular 70Ml *144,OU,S,CA,24,0,3218.39,22.35,536.4,289.68,48.28,0,0,48.28,488.12,0,78.1,566.22,SOSHA1004000059,Invoice,Invoiced,06/03/2025,,,,,,,,,,,,,,24,Picked,DTR Van-D,,,,,,,,
IN000426,7880336,CT0010046250,SHA1004,2,238167,0238167,Jik Bleach Regular 70Ml *144,OU,S,CA,24,0,3218.39,22.35,536.4,289.68,48.28,0,0,48.28,488.12,0,78.1,566.22,SOSHA1004000061,Invoice,Invoiced,06/03/2025,,,,,,,,,,,,,,24,Picked,DTR Van-D,,,,,,,,
IN000431,7880336,CT0010046280,SHA1004,1,238167,0238167,Jik Bleach Regular 70Ml *144,OU,S,CA,24,0,3218.39,22.35,536.4,289.68,48.28,0,0,48.28,488.12,0,78.1,566.22,SOSHA1004000067,Invoice,Invoiced,06/03/2025,,,,,,,,,,,,,,24,Picked,DTR Van-D,,,,,,,,
IN000460,7880336,CT0010046542,SHA1005,2,238167,0238167,Jik Bleach Regular 70Ml *144,OU,S,CA,24,0,3218.39,22.35,536.4,289.68,48.28,0,0,48.28,488.12,0,78.1,566.22,SOSHA1005000057,Invoice,Invoiced,06/03/2025,,,,,,,,,,,,,,24,Picked,DTR Van-D,,,,,,,,
IN000545,7880336,CT0010045933,SHA1004,1,238167,0238167,Jik Bleach Regular 70Ml *144,OU,S,CA,24,0,3218.39,22.35,536.4,289.68,48.28,0,0,48.28,488.12,0,78.1,566.22,SOSHA1004000081,Invoice,Invoiced,08/03/2025,,,,,,,,,,,,,,24,Picked,DTR Van-D,,,,,,,,
IN000634,7880336,CT0010041692,SHA1003,1,238167,0238167,Jik Bleach Regular 70Ml *144,OU,S,CA,24,0,3218.39,22.35,536.4,289.68,48.28,0,0,48.28,488.12,0,78.1,566.22,SOSHA1003000109,Invoice,Invoiced,10/03/2025,,,,,,,,,,,,,,24,Picked,DTR Van-D,,,,,,,,
IN000645,7880336,CT0010045610,SHA1004,1,238167,0238167,Jik Bleach Regular 70Ml *144,OU,S,CA,24,0,3218.39,22.35,536.4,289.68,48.28,0,0,48.28,488.12,0,78.1,566.22,SOSHA1004000090,Invoice,Invoiced,10/03/2025,,,,,,,,,,,,,,24,Picked,DTR Van-D,,,,,,,,
IN000667,7880336,CT0010046373,SHA1005,1,238167,0238167,Jik Bleach Regular 70Ml *144,OU,S,CA,24,0,3218.39,22.35,536.4,289.68,48.28,0,0,48.28,488.12,0,78.1,566.22,SOSHA1005000073,Invoice,Invoiced,10/03/2025,,,,,,,,,,,,,,24,Picked,DTR Van-D,,,,,,,,
IN000679,7880336,CT0010042509,SHA1006,1,238167,0238167,Jik Bleach Regular 70Ml *144,OU,S,CA,24,0,3218.39,22.35,536.4,289.68,48.28,0,0,48.28,488.12,0,78.1,566.22,SOSHA1006000135,Invoice,Invoiced,10/03/2025,,,,,,,,,,,,,,24,Picked,DTR Van-D,,,,,,,,
IN000687,7880336,CT0010044419,SHA1007,1,238167,0238167,Jik Bleach Regular 70Ml *144,OU,S,CA,24,0,3218.39,22.35,536.4,289.68,48.28,0,0,48.28,488.12,0,78.1,566.22,SOSHA1007000107,Invoice,Invoiced,10/03/2025,,,,,,,,,,,,,,24,Picked,DTR Van-D,,,,,,,,
IN000700,7880336,CT0010044379,SHA1007,2,238167,0238167,Jik Bleach Regular 70Ml *144,OU,S,CA,24,0,3218.39,22.35,536.4,289.68,48.28,0,0,48.28,488.12,0,78.1,566.22,SOSHA1007000114,Invoice,Invoiced,10/03/2025,,,,,,,,,,,,,,24,Picked,DTR Van-D,,,,,,,,
IN000745,7880336,CT0010043772,SHA1003,1,238167,0238167,Jik Bleach Regular 70Ml *144,OU,S,CA,24,0,3218.39,22.35,536.4,289.68,48.28,0,0,48.28,488.12,0,78.1,566.22,SOSHA1003000130,Invoice,Invoiced,11/03/2025,,,,,,,,,,,,,,24,Picked,DTR Van-D,,,,,,,,
IN000763,7880336,CT0010052522,SHA1005,1,238167,0238167,Jik Bleach Regular 70Ml *144,OU,S,CA,24,0,3218.39,22.35,536.4,289.68,48.28,0,0,48.28,488.12,0,78.1,566.22,SOSHA1005000093,Invoice,Invoiced,11/03/2025,,,,,,,,,,,,,,24,Picked,DTR Van-D,,,,,,,,
IN000772,7880336,CT0010044521,SHA1006,1,238167,0238167,Jik Bleach Regular 70Ml *144,OU,S,CA,24,0,3218.39,22.35,536.4,289.68,48.28,0,0,48.28,488.12,0,78.1,566.22,SOSHA1006000139,Invoice,Invoiced,11/03/2025,,,,,,,,,,,,,,24,Picked,DTR Van-D,,,,,,,,
IN000824,7880336,CT0010054340,SHA1002,2,238167,0238167,Jik Bleach Regular 70Ml *144,OU,S,CA,24,0,3218.39,22.35,536.4,289.68,48.28,0,0,48.28,488.12,0,78.1,566.22,SOSHA1002000140,Invoice,Invoiced,12/03/2025,,,,,,,,,,,,,,24,Picked,DTR Van-D,,,,,,,,
IN000828,7880336,CT0010054338,SHA1002,1,238167,0238167,Jik Bleach Regular 70Ml *144,OU,S,CA,24,0,3218.39,22.35,536.4,289.68,48.28,0,0,48.28,488.12,0,78.1,566.22,SOSHA1002000144,Invoice,Invoiced,12/03/2025,,,,,,,,,,,,,,24,Picked,DTR Van-D,,,,,,,,
IN000833,7880336,CT0010042715,SHA1004,2,238167,0238167,Jik Bleach Regular 70Ml *144,OU,S,CA,24,0,3218.39,22.35,536.4,289.68,48.28,0,0,48.28,488.12,0,78.1,566.22,SOSHA1004000132,Invoice,Invoiced,12/03/2025,,,,,,,,,,,,,,24,Picked,DTR Van-D,,,,,,,,
IN000896,7880336,CT0010054360,SHA1006,2,238167,0238167,Jik Bleach Regular 70Ml *144,OU,S,CA,24,0,3218.39,22.35,536.4,289.68,48.28,0,0,48.28,488.12,0,78.1,566.22,SOSHA1006000163,Invoice,Invoiced,12/03/2025,,,,,,,,,,,,,,24,Picked,DTR Van-D,,,,,,,,
IN000915,7880336,CT0010041518,SHA1003,1,238167,0238167,Jik Bleach Regular 70Ml *144,OU,S,CA,24,0,3218.39,22.35,536.4,289.68,48.28,0,0,48.28,488.12,0,78.1,566.22,SOSHA1003000150,Invoice,Invoiced,13/03/2025,,,,,,,,,,,,,,24,Picked,DTR Van-D,,,,,,,,
IN000920,7880336,CT0010054420,SHA1003,1,238167,0238167,Jik Bleach Regular 70Ml *144,OU,S,CA,24,0,3218.39,22.35,536.4,289.68,48.28,0,0,48.28,488.12,0,78.1,566.22,SOSHA1003000155,Invoice,Invoiced,13/03/2025,,,,,,,,,,,,,,24,Picked,DTR Van-D,,,,,,,,
IN000929,7880336,CT0010042620,SHA1003,1,238167,0238167,Jik Bleach Regular 70Ml *144,OU,S,CA,24,0,3218.39,22.35,536.4,289.68,48.28,0,0,48.28,488.12,0,78.1,566.22,SOSHA1003000169,Invoice,Invoiced,13/03/2025,,,,,,,,,,,,,,24,Picked,DTR Van-D,,,,,,,,
IN000930,7880336,CT0010043941,SHA1003,1,238167,0238167,Jik Bleach Regular 70Ml *144,OU,S,CA,24,0,3218.39,22.35,536.4,289.68,48.28,0,0,48.28,488.12,0,78.1,566.22,SOSHA1003000171,Invoice,Invoiced,13/03/2025,,,,,,,,,,,,,,24,Picked,DTR Van-D,,,,,,,,
IN000934,7880336,CT0010054393,SHA1004,2,238167,0238167,Jik Bleach Regular 70Ml *144,OU,S,CA,24,0,3218.39,22.35,536.4,289.68,48.28,0,0,48.28,488.12,0,78.1,566.22,SOSHA1004000140,Invoice,Invoiced,13/03/2025,,,,,,,,,,,,,,24,Picked,DTR Van-D,,,,,,,,
IN000954,7880336,CT0010054432,SHA1006,2,238167,0238167,Jik Bleach Regular 70Ml *144,OU,S,CA,24,0,3218.39,22.35,536.4,289.68,48.28,0,0,48.28,488.12,0,78.1,566.22,SOSHA1006000179,Invoice,Invoiced,13/03/2025,,,,,,,,,,,,,,24,Picked,DTR Van-D,,,,,,,,
IN000987,7880336,CT0010047803,SHA1001,1,238167,0238167,Jik Bleach Regular 70Ml *144,OU,S,CA,24,0,3218.39,22.35,536.4,289.68,48.28,0,0,48.28,488.12,0,78.1,566.22,SOSHA1001000171,Invoice,Invoiced,14/03/2025,,,,,,,,,,,,,,24,Picked,DTR Van-D,,,,,,,,
IN001007,7880336,CT0010044580,SHA1004,1,238167,0238167,Jik Bleach Regular 70Ml *144,OU,S,CA,24,0,3218.39,22.35,536.4,289.68,48.28,0,0,48.28,488.12,0,78.1,566.22,SOSHA1004000156,Invoice,Invoiced,14/03/2025,,,,,,,,,,,,,,24,Picked,DTR Van-D,,,,,,,,
IN001087,7880336,CT0010054542,SHA1002,1,238167,0238167,Jik Bleach Regular 70Ml *144,OU,S,CA,24,0,3218.39,22.35,536.4,289.68,48.28,0,0,48.28,488.12,0,78.1,566.22,SOSHA1002000180,Invoice,Invoiced,17/03/2025,,,,,,,,,,,,,,24,Picked,DTR Van-D,,,,,,,,
IN001100,7880336,CT0010041691,SHA1003,1,238167,0238167,Jik Bleach Regular 70Ml *144,OU,S,CA,24,0,3218.39,22.35,536.4,289.68,48.28,0,0,48.28,488.12,0,78.1,566.22,SOSHA1003000197,Invoice,Invoiced,17/03/2025,,,,,,,,,,,,,,24,Picked,DTR Van-D,,,,,,,,
IN001109,7880336,CT0010054564,SHA1004,1,238167,0238167,Jik Bleach Regular 70Ml *144,OU,S,CA,24,0,3218.39,22.35,536.4,289.68,48.28,0,0,48.28,488.12,0,78.1,566.22,SOSHA1004000187,Invoice,Invoiced,17/03/2025,,,,,,,,,,,,,,24,Picked,DTR Van-D,,,,,,,,
IN001122,7880336,CT0010054544,SHA1005,1,238167,0238167,Jik Bleach Regular 70Ml *144,OU,S,CA,24,0,3218.39,22.35,536.4,289.68,48.28,0,0,48.28,488.12,0,78.1,566.22,SOSHA1005000150,Invoice,Invoiced,17/03/2025,,,,,,,,,,,,,,24,Picked,DTR Van-D,,,,,,,,
IN001154,7880336,CT0010054549,SHA1006,2,238167,0238167,Jik Bleach Regular 70Ml *144,OU,S,CA,24,0,3218.39,22.35,536.4,289.68,48.28,0,0,48.28,488.12,0,78.1,566.22,SOSHA1006000210,Invoice,Invoiced,17/03/2025,,,,,,,,,,,,,,24,Picked,DTR Van-D,,,,,,,,
IN001161,7880336,CT0010054561,SHA1007,2,238167,0238167,Jik Bleach Regular 70Ml *144,OU,S,CA,24,0,3218.39,22.35,536.4,289.68,48.28,0,0,48.28,488.12,0,78.1,566.22,SOSHA1007000176,Invoice,Invoiced,17/03/2025,,,,,,,,,,,,,,24,Picked,DTR Van-D,,,,,,,,
IN001165,7880336,CT0010054563,SHA1007,1,238167,0238167,Jik Bleach Regular 70Ml *144,OU,S,CA,24,0,3218.39,22.35,536.4,289.68,48.28,0,0,48.28,488.12,0,78.1,566.22,SOSHA1007000173,Invoice,Invoiced,17/03/2025,,,,,,,,,,,,,,24,Picked,DTR Van-D,,,,,,,,
IN001169,7880336,CT0010043352,SHA1001,1,238167,0238167,Jik Bleach Regular 70Ml *144,OU,S,CA,24,0,3218.39,22.35,536.4,289.68,48.28,0,0,48.28,488.12,0,78.1,566.22,SOSHA1001000194,Invoice,Invoiced,18/03/2025,,,,,,,,,,,,,,24,Picked,DTR Van-D,,,,,,,,
IN001174,7880336,CT0010054049,SHA1001,1,238167,0238167,Jik Bleach Regular 70Ml *144,OU,S,CA,24,0,3218.39,22.35,536.4,289.68,48.28,0,0,48.28,488.12,0,78.1,566.22,SOSHA1001000201,Invoice,Invoiced,18/03/2025,,,,,,,,,,,,,,24,Picked,DTR Van-D,,,,,,,,
IN001201,7880336,CT0010045051,SHA1002,2,238167,0238167,Jik Bleach Regular 70Ml *144,OU,S,CA,24,0,3218.39,22.35,536.4,289.68,48.28,0,0,48.28,488.12,0,78.1,566.22,SOSHA1002000192,Invoice,Invoiced,18/03/2025,,,,,,,,,,,,,,24,Picked,DTR Van-D,,,,,,,,
IN001202,7880336,CT0010054624,SHA1002,2,238167,0238167,Jik Bleach Regular 70Ml *144,OU,S,CA,24,0,3218.39,22.35,536.4,289.68,48.28,0,0,48.28,488.12,0,78.1,566.22,SOSHA1002000198,Invoice,Invoiced,18/03/2025,,,,,,,,,,,,,,24,Picked,DTR Van-D,,,,,,,,
IN001214,7880336,CT0010041753,SHA1003,1,238167,0238167,Jik Bleach Regular 70Ml *144,OU,S,CA,24,0,3218.39,22.35,536.4,289.68,48.28,0,0,48.28,488.12,0,78.1,566.22,SOSHA1003000202,Invoice,Invoiced,18/03/2025,,,,,,,,,,,,,,24,Picked,DTR Van-D,,,,,,,,
IN001240,7880336,CT0010054594,SHA1005,1,238167,0238167,Jik Bleach Regular 70Ml *144,OU,S,CA,24,0,3218.39,22.35,536.4,289.68,48.28,0,0,48.28,488.12,0,78.1,566.22,SOSHA1005000165,Invoice,Invoiced,18/03/2025,,,,,,,,,,,,,,24,Picked,DTR Van-D,,,,,,,,
IN001242,7880336,CT0010054593,SHA1005,1,238167,0238167,Jik Bleach Regular 70Ml *144,OU,S,CA,24,0,3218.39,22.35,536.4,289.68,48.28,0,0,48.28,488.12,0,78.1,566.22,SOSHA1005000167,Invoice,Invoiced,18/03/2025,,,,,,,,,,,,,,24,Picked,DTR Van-D,,,,,,,,
IN001257,7880336,CT0010046193,SHA1006,1,238167,0238167,Jik Bleach Regular 70Ml *144,OU,S,CA,24,0,3218.39,22.35,536.4,289.68,48.28,0,0,48.28,488.12,0,78.1,566.22,SOSHA1006000225,Invoice,Invoiced,18/03/2025,,,,,,,,,,,,,,24,Picked,DTR Van-D,,,,,,,,
IN001264,7880336,CT0010046225,SHA1006,1,238167,0238167,Jik Bleach Regular 70Ml *144,OU,S,CA,24,0,3218.39,22.35,536.4,289.68,48.28,0,0,48.28,488.12,0,78.1,566.22,SOSHA1006000232,Invoice,Invoiced,18/03/2025,,,,,,,,,,,,,,24,Picked,DTR Van-D,,,,,,,,
IN001269,7880336,CT0010054033,SHA1006,3,238167,0238167,Jik Bleach Regular 70Ml *144,OU,S,CA,24,0,3218.39,22.35,536.4,289.68,48.28,0,0,48.28,488.12,0,78.1,566.22,SOSHA1006000236,Invoice,Invoiced,18/03/2025,,,,,,,,,,,,,,24,Picked,DTR Van-A,,,,,,,,
IN001271,7880336,CT0010046214,SHA1006,1,238167,0238167,Jik Bleach Regular 70Ml *144,OU,S,CA,24,0,3218.39,22.35,536.4,289.68,48.28,0,0,48.28,488.12,0,78.1,566.22,SOSHA1006000238,Invoice,Invoiced,18/03/2025,,,,,,,,,,,,,,24,Picked,DTR Van-D,,,,,,,,
IN001336,7880336,CT0010041533,SHA1003,2,238167,0238167,Jik Bleach Regular 70Ml *144,OU,S,CA,24,0,3218.39,22.35,536.4,289.68,48.28,0,0,48.28,488.12,0,78.1,566.22,SOSHA1003000217,Invoice,Invoiced,20/03/2025,,,,,,,,,,,,,,24,Picked,DTR Van-D,,,,,,,,
IN001348,7880336,CT0010044900,SHA1004,1,238167,0238167,Jik Bleach Regular 70Ml *144,OU,S,CA,24,0,3218.39,22.35,536.4,289.68,48.28,0,0,48.28,488.12,0,78.1,566.22,SOSHA1004000225,Invoice,Invoiced,20/03/2025,,,,,,,,,,,,,,24,Picked,DTR Van-D,,,,,,,,
IN001377,7880336,CT0010054079,SHA1006,1,238167,0238167,Jik Bleach Regular 70Ml *144,OU,S,CA,24,0,3218.39,22.35,536.4,289.68,48.28,0,0,48.28,488.12,0,78.1,566.22,SOSHA1006000242,Invoice,Invoiced,20/03/2025,,,,,,,,,,,,,,24,Picked,DTR Van-A,,,,,,,,
IN001382,7880336,CT0010054089,SHA1006,2,238167,0238167,Jik Bleach Regular 70Ml *144,OU,S,CA,24,0,3218.39,22.35,536.4,289.68,48.28,0,0,48.28,488.12,0,78.1,566.22,SOSHA1006000251,Invoice,Invoiced,20/03/2025,,,,,,,,,,,,,,24,Picked,DTR Van-A,,,,,,,,
IN001386,7880336,CT0010046928,SHA1007,2,238167,0238167,Jik Bleach Regular 70Ml *144,OU,S,CA,24,0,3218.39,22.35,536.4,289.68,48.28,0,0,48.28,488.12,0,78.1,566.22,SOSHA1007000190,Invoice,Invoiced,20/03/2025,,,,,,,,,,,,,,24,Picked,DTR Van-D,,,,,,,,
IN001426,7880336,CT0010054134,SHA1002,1,238167,0238167,Jik Bleach Regular 70Ml *144,OU,S,CA,24,0,3218.39,22.35,536.4,289.68,48.28,0,0,48.28,488.12,0,78.1,566.22,SOSHA1002000235,Invoice,Invoiced,21/03/2025,,,,,,,,,,,,,,24,Picked,DTR Van-D,,,,,,,,
IN001460,7880336,CT0010046244,SHA1004,1,238167,0238167,Jik Bleach Regular 70Ml *144,OU,S,CA,24,0,3218.39,22.35,536.4,289.68,48.28,0,0,48.28,488.12,0,78.1,566.22,SOSHA1004000256,Invoice,Invoiced,21/03/2025,,,,,,,,,,,,,,24,Picked,DTR Van-D,,,,,,,,
IN001470,7880336,CT0010044077,SHA1005,1,238167,0238167,Jik Bleach Regular 70Ml *144,OU,S,CA,24,0,3218.39,22.35,536.4,289.68,48.28,0,0,48.28,488.12,0,78.1,566.22,SOSHA1005000199,Invoice,Invoiced,21/03/2025,,,,,,,,,,,,,,24,Picked,DTR Van-D,,,,,,,,
IN001482,7880336,CT0010046794,SHA1005,2,238167,0238167,Jik Bleach Regular 70Ml *144,OU,S,CA,24,0,3218.39,22.35,536.4,289.68,48.28,0,0,48.28,488.12,0,78.1,566.22,SOSHA1005000210,Invoice,Invoiced,21/03/2025,,,,,,,,,,,,,,24,Picked,DTR Van-D,,,,,,,,
IN001489,7880336,CT0010054716,SHA1006,2,238167,0238167,Jik Bleach Regular 70Ml *144,OU,S,CA,24,0,3218.39,22.35,536.4,289.68,48.28,0,0,48.28,488.12,0,78.1,566.22,SOSHA1006000256,Invoice,Invoiced,21/03/2025,,,,,,,,,,,,,,24,Picked,DTR Van-D,,,,,,,,
IN001492,7880336,CT0010045719,SHA1006,1,238167,0238167,Jik Bleach Regular 70Ml *144,OU,S,CA,24,0,3218.39,22.35,536.4,289.68,48.28,0,0,48.28,488.12,0,78.1,566.22,SOSHA1006000254,Invoice,Invoiced,21/03/2025,,,,,,,,,,,,,,24,Picked,DTR Van-D,,,,,,,,
IN001494,7880336,CT0010054712,SHA1006,1,238167,0238167,Jik Bleach Regular 70Ml *144,OU,S,CA,24,0,3218.39,22.35,536.4,289.68,48.28,0,0,48.28,488.12,0,78.1,566.22,SOSHA1006000260,Invoice,Invoiced,21/03/2025,,,,,,,,,,,,,,24,Picked,DTR Van-D,,,,,,,,
IN000963,7880336,CT0010054434,SHA1006,8,366163,0366163,Dettol Soap Original 72*60G,OU,S,CA,12,0,3986,55.36,664.32,478.32,79.72,0,0,79.72,584.6,0,0,584.6,SOSHA1006000187,Invoice,Invoiced,13/03/2025,,,,,,,,,,,,,,12,Picked,DTR Van-D,,,,,,,,
IN001105,7880336,CT0010054540,SHA1004,2,366163,0366163,Dettol Soap Original 72*60G,OU,S,CA,12,0,3986,55.36,664.32,478.32,79.72,0,0,79.72,584.6,0,0,584.6,SOSHA1004000183,Invoice,Invoiced,17/03/2025,,,,,,,,,,,,,,12,Picked,DTR Van-D,,,,,,,,
IN000304,7880336,CT0010047445,SHA1002,1,3049801,3049801,DETTOL LIQUID 96*50ML,OU,S,CA,6,0,9028.21,94.04,564.24,812.48,50.78,0,0,50.78,513.46,0,82.15,595.61,SOSHA1002000076,Invoice,Invoiced,06/03/2025,,,,,,,,,,,,,,6,Picked,DTR Van-D,,,,,,,,
IN000312,7880336,CT0010041882,SHA1003,3,3049801,3049801,DETTOL LIQUID 96*50ML,OU,S,CA,6,0,9028.21,94.04,564.24,812.48,50.78,0,0,50.78,513.46,0,82.15,595.61,SOSHA1003000064,Invoice,Invoiced,06/03/2025,,,,,,,,,,,,,,6,Picked,DTR Van-D,,,,,,,,
IN000372,7880336,CT0010046960,SHA1007,1,3049801,3049801,DETTOL LIQUID 96*50ML,OU,S,CA,6,0,9028.21,94.04,564.24,812.48,50.78,0,0,50.78,513.46,0,82.15,595.61,SOSHA1007000045,Invoice,Invoiced,06/03/2025,,,,,,,,,,,,,,6,Picked,DTR Van-D,,,,,,,,
IN000416,7880336,CT0010042492,SHA1003,1,3049801,3049801,DETTOL LIQUID 96*50ML,OU,S,CA,6,0,9028.21,94.04,564.24,812.48,50.78,0,0,50.78,513.46,0,82.15,595.61,SOSHA1003000082,Invoice,Invoiced,06/03/2025,,,,,,,,,,,,,,6,Picked,DTR Van-D,,,,,,,,
IN000418,7880336,CT0010042021,SHA1003,1,3049801,3049801,DETTOL LIQUID 96*50ML,OU,S,CA,6,0,9028.21,94.04,564.24,812.48,50.78,0,0,50.78,513.46,0,82.15,595.61,SOSHA1003000084,Invoice,Invoiced,06/03/2025,,,,,,,,,,,,,,6,Picked,DTR Van-D,,,,,,,,
IN000430,7880336,CT0010048105,SHA1004,1,3049801,3049801,DETTOL LIQUID 96*50ML,OU,S,CA,6,0,9028.21,94.04,564.24,812.48,50.78,0,0,50.78,513.46,0,82.15,595.61,SOSHA1004000066,Invoice,Invoiced,06/03/2025,,,,,,,,,,,,,,6,Picked,DTR Van-D,,,,,,,,
IN000437,7880336,CT0010046304,SHA1004,1,3049801,3049801,DETTOL LIQUID 96*50ML,OU,S,CA,6,0,9028.21,94.04,564.24,812.48,50.78,0,0,50.78,513.46,0,82.15,595.61,SOSHA1004000057,Invoice,Invoiced,06/03/2025,,,,,,,,,,,,,,6,Picked,DTR Van-D,,,,,,,,
IN000527,7880336,CT0010043791,SHA1003,1,3049801,3049801,DETTOL LIQUID 96*50ML,OU,S,CA,6,0,9028.21,94.04,564.24,812.48,50.78,0,0,50.78,513.46,0,82.15,595.61,SOSHA1003000093,Invoice,Invoiced,08/03/2025,,,,,,,,,,,,,,6,Picked,DTR Van-D,,,,,,,,
IN000626,7880336,CT0010046035,SHA1002,1,3049801,3049801,DETTOL LIQUID 96*50ML,OU,S,CA,6,0,9028.21,94.04,564.24,812.48,50.78,0,0,50.78,513.46,0,82.15,595.61,SOSHA1002000130,Invoice,Invoiced,10/03/2025,,,,,,,,,,,,,,6,Picked,DTR Van-D,,,,,,,,
IN000653,7880336,CT0010045536,SHA1004,1,3049801,3049801,DETTOL LIQUID 96*50ML,OU,S,CA,6,0,9028.21,94.04,564.24,812.48,50.78,0,0,50.78,513.46,0,82.15,595.61,SOSHA1004000098,Invoice,Invoiced,10/03/2025,,,,,,,,,,,,,,6,Picked,DTR Van-D,,,,,,,,
IN000688,7880336,CT0010044413,SHA1007,1,3049801,3049801,DETTOL LIQUID 96*50ML,OU,S,CA,6,0,9028.21,94.04,564.24,812.48,50.78,0,0,50.78,513.46,0,82.15,595.61,SOSHA1007000108,Invoice,Invoiced,10/03/2025,,,,,,,,,,,,,,6,Picked,DTR Van-D,,,,,,,,
IN000730,7880336,CT0010045167,SHA1002,2,3049801,3049801,DETTOL LIQUID 96*50ML,OU,S,CA,6,0,9028.21,94.04,564.24,812.48,50.78,0,0,50.78,513.46,0,82.15,595.61,SOSHA1002000135,Invoice,Invoiced,11/03/2025,,,,,,,,,,,,,,6,Picked,DTR Van-D,,,,,,,,
IN000743,7880336,CT0010043750,SHA1003,1,3049801,3049801,DETTOL LIQUID 96*50ML,OU,S,CA,6,0,9028.21,94.04,564.24,812.48,50.78,0,0,50.78,513.46,0,82.15,595.61,SOSHA1003000128,Invoice,Invoiced,11/03/2025,,,,,,,,,,,,,,6,Picked,DTR Van-D,,,,,,,,
IN000748,7880336,CT0010045491,SHA1004,1,3049801,3049801,DETTOL LIQUID 96*50ML,OU,S,CA,6,0,9028.21,94.04,564.24,812.48,50.78,0,0,50.78,513.46,0,82.15,595.61,SOSHA1004000113,Invoice,Invoiced,11/03/2025,,,,,,,,,,,,,,6,Picked,DTR Van-D,,,,,,,,
IN000758,7880336,CT0010043745,SHA1003,3,3049801,3049801,DETTOL LIQUID 96*50ML,OU,S,CA,6,0,9028.21,94.04,564.24,812.48,50.78,0,0,50.78,513.46,0,82.15,595.61,SOSHA1003000132,Invoice,Invoiced,11/03/2025,,,,,,,,,,,,,,6,Picked,DTR Van-D,,,,,,,,
IN000821,7880336,CT0010045207,SHA1001,1,3049801,3049801,DETTOL LIQUID 96*50ML,OU,S,CA,6,0,9028.21,94.04,564.24,812.48,50.78,0,0,50.78,513.46,0,82.15,595.61,SOSHA1001000146,Invoice,Invoiced,12/03/2025,,,,,,,,,,,,,,6,Picked,DTR Van-D,,,,,,,,
IN000822,7880336,CT0010050994,SHA1001,1,3049801,3049801,DETTOL LIQUID 96*50ML,OU,S,CA,6,0,9028.21,94.04,564.24,812.48,50.78,0,0,50.78,513.46,0,82.15,595.61,SOSHA1001000147,Invoice,Invoiced,12/03/2025,,,,,,,,,,,,,,6,Picked,DTR Van-D,,,,,,,,
IN000831,7880336,CT0010054359,SHA1004,1,3049801,3049801,DETTOL LIQUID 96*50ML,OU,S,CA,6,0,9028.21,94.04,564.24,812.48,50.78,0,0,50.78,513.46,0,82.15,595.61,SOSHA1004000127,Invoice,Invoiced,12/03/2025,,,,,,,,,,,,,,6,Picked,DTR Van-A,,,,,,,,
IN000832,7880336,CT0010043004,SHA1004,1,3049801,3049801,DETTOL LIQUID 96*50ML,OU,S,CA,6,0,9028.21,94.04,564.24,812.48,50.78,0,0,50.78,513.46,0,82.15,595.61,SOSHA1004000128,Invoice,Invoiced,12/03/2025,,,,,,,,,,,,,,6,Picked,DTR Van-D,,,,,,,,
IN000842,7880336,CT0010054341,SHA1005,1,3049801,3049801,DETTOL LIQUID 96*50ML,OU,S,CA,6,0,9028.21,94.04,564.24,812.48,50.78,0,0,50.78,513.46,0,82.15,595.61,SOSHA1005000103,Invoice,Invoiced,12/03/2025,,,,,,,,,,,,,,6,Picked,DTR Van-D,,,,,,,,
IN000880,7880336,CT0010042477,SHA1003,1,3049801,3049801,DETTOL LIQUID 96*50ML,OU,S,CA,6,0,9028.21,94.04,564.24,812.48,50.78,0,0,50.78,513.46,0,82.15,595.61,SOSHA1003000147,Invoice,Invoiced,12/03/2025,,,,,,,,,,,,,,6,Picked,DTR Van-D,,,,,,,,
IN000931,7880336,CT0010043841,SHA1004,1,3049801,3049801,DETTOL LIQUID 96*50ML,OU,S,CA,6,0,9028.21,94.04,564.24,812.48,50.78,0,0,50.78,513.46,0,82.15,595.61,SOSHA1004000137,Invoice,Invoiced,13/03/2025,,,,,,,,,,,,,,6,Picked,DTR Van-D,,,,,,,,
IN000932,7880336,CT0010043832,SHA1004,1,3049801,3049801,DETTOL LIQUID 96*50ML,OU,S,CA,6,0,9028.21,94.04,564.24,812.48,50.78,0,0,50.78,513.46,0,82.15,595.61,SOSHA1004000138,Invoice,Invoiced,13/03/2025,,,,,,,,,,,,,,6,Picked,DTR Van-D,,,,,,,,
IN000937,7880336,CT0010043864,SHA1004,1,3049801,3049801,DETTOL LIQUID 96*50ML,OU,S,CA,6,0,9028.21,94.04,564.24,812.48,50.78,0,0,50.78,513.46,0,82.15,595.61,SOSHA1004000143,Invoice,Invoiced,13/03/2025,,,,,,,,,,,,,,6,Picked,DTR Van-D,,,,,,,,
IN000943,7880336,CT0010054398,SHA1005,1,3049801,3049801,DETTOL LIQUID 96*50ML,OU,S,CA,6,0,9028.21,94.04,564.24,812.48,50.78,0,0,50.78,513.46,0,82.15,595.61,SOSHA1005000118,Invoice,Invoiced,13/03/2025,,,,,,,,,,,,,,6,Picked,DTR Van-D,,,,,,,,
IN000991,7880336,CT0010043955,SHA1003,1,3049801,3049801,DETTOL LIQUID 96*50ML,OU,S,CA,6,0,9028.21,94.04,564.24,812.48,50.78,0,0,50.78,513.46,0,82.15,595.61,SOSHA1003000172,Invoice,Invoiced,14/03/2025,,,,,,,,,,,,,,6,Picked,DTR Van-D,,,,,,,,
IN001008,7880336,CT0010044598,SHA1004,1,3049801,3049801,DETTOL LIQUID 96*50ML,OU,S,CA,6,0,9028.21,94.04,564.24,812.48,50.78,0,0,50.78,513.46,0,82.15,595.61,SOSHA1004000157,Invoice,Invoiced,14/03/2025,,,,,,,,,,,,,,6,Picked,DTR Van-D,,,,,,,,
IN001014,7880336,CT0010054493,SHA1004,1,3049801,3049801,DETTOL LIQUID 96*50ML,OU,S,CA,6,0,9028.21,94.04,564.24,812.48,50.78,0,0,50.78,513.46,0,82.15,595.61,SOSHA1004000163,Invoice,Invoiced,14/03/2025,,,,,,,,,,,,,,6,Picked,DTR Van-D,,,,,,,,
IN001021,7880336,CT0010044620,SHA1004,1,3049801,3049801,DETTOL LIQUID 96*50ML,OU,S,CA,6,0,9028.21,94.04,564.24,812.48,50.78,0,0,50.78,513.46,0,82.15,595.61,SOSHA1004000170,Invoice,Invoiced,14/03/2025,,,,,,,,,,,,,,6,Picked,DTR Van-D,,,,,,,,
IN001126,7880336,CT0010054576,SHA1005,2,3049801,3049801,DETTOL LIQUID 96*50ML,OU,S,CA,6,0,9028.21,94.04,564.24,812.48,50.78,0,0,50.78,513.46,0,82.15,595.61,SOSHA1005000155,Invoice,Invoiced,17/03/2025,,,,,,,,,,,,,,6,Picked,DTR Van-D,,,,,,,,
IN001159,7880336,CT0010054573,SHA1007,1,3049801,3049801,DETTOL LIQUID 96*50ML,OU,S,CA,6,0,9028.21,94.04,564.24,812.48,50.78,0,0,50.78,513.46,0,82.15,595.61,SOSHA1007000174,Invoice,Invoiced,17/03/2025,,,,,,,,,,,,,,6,Picked,DTR Van-D,,,,,,,,
IN001171,7880336,CT0010043263,SHA1001,1,3049801,3049801,DETTOL LIQUID 96*50ML,OU,S,CA,6,0,9028.21,94.04,564.24,812.48,50.78,0,0,50.78,513.46,0,82.15,595.61,SOSHA1001000196,Invoice,Invoiced,18/03/2025,,,,,,,,,,,,,,6,Picked,DTR Van-D,,,,,,,,
IN001182,7880336,CT0010045027,SHA1002,1,3049801,3049801,DETTOL LIQUID 96*50ML,OU,S,CA,6,0,9028.21,94.04,564.24,812.48,50.78,0,0,50.78,513.46,0,82.15,595.61,SOSHA1002000187,Invoice,Invoiced,18/03/2025,,,,,,,,,,,,,,6,Picked,DTR Van-D,,,,,,,,
IN001196,7880336,CT0010045089,SHA1002,1,3049801,3049801,DETTOL LIQUID 96*50ML,OU,S,CA,6,0,9028.21,94.04,564.24,812.48,50.78,0,0,50.78,513.46,0,82.15,595.61,SOSHA1002000201,Invoice,Invoiced,18/03/2025,,,,,,,,,,,,,,6,Picked,DTR Van-D,,,,,,,,
IN001237,7880336,CT0010043443,SHA1005,1,3049801,3049801,DETTOL LIQUID 96*50ML,OU,S,CA,6,0,9028.21,94.04,564.24,812.48,50.78,0,0,50.78,513.46,0,82.15,595.61,SOSHA1005000162,Invoice,Invoiced,18/03/2025,,,,,,,,,,,,,,6,Picked,DTR Van-D,,,,,,,,
IN001337,7880336,CT0010041578,SHA1003,1,3049801,3049801,DETTOL LIQUID 96*50ML,OU,S,CA,6,0,9028.21,94.04,564.24,812.48,50.78,0,0,50.78,513.46,0,82.15,595.61,SOSHA1003000220,Invoice,Invoiced,20/03/2025,,,,,,,,,,,,,,6,Picked,DTR Van-D,,,,,,,,
IN001347,7880336,CT0010044927,SHA1004,1,3049801,3049801,DETTOL LIQUID 96*50ML,OU,S,CA,6,0,9028.21,94.04,564.24,812.48,50.78,0,0,50.78,513.46,0,82.15,595.61,SOSHA1004000224,Invoice,Invoiced,20/03/2025,,,,,,,,,,,,,,6,Picked,DTR Van-D,,,,,,,,
IN001360,7880336,CT0010044909,SHA1004,1,3049801,3049801,DETTOL LIQUID 96*50ML,OU,S,CA,6,0,9028.21,94.04,564.24,812.48,50.78,0,0,50.78,513.46,0,82.15,595.61,SOSHA1004000239,Invoice,Invoiced,20/03/2025,,,,,,,,,,,,,,6,Picked,DTR Van-D,,,,,,,,
IN001394,7880336,CT0010046873,SHA1007,1,3049801,3049801,DETTOL LIQUID 96*50ML,OU,S,CA,6,0,9028.21,94.04,564.24,812.48,50.78,0,0,50.78,513.46,0,82.15,595.61,SOSHA1007000203,Invoice,Invoiced,20/03/2025,,,,,,,,,,,,,,6,Picked,DTR Van-D,,,,,,,,
IN001411,7880336,CT0010046573,SHA1001,1,3049801,3049801,DETTOL LIQUID 96*50ML,OU,S,CA,6,0,9028.21,94.04,564.24,812.48,50.78,0,0,50.78,513.46,0,82.15,595.61,SOSHA1001000229,Invoice,Invoiced,21/03/2025,,,,,,,,,,,,,,6,Picked,DTR Van-D,,,,,,,,
IN001435,7880336,CT0010047021,SHA1002,1,3049801,3049801,DETTOL LIQUID 96*50ML,OU,S,CA,6,0,9028.21,94.04,564.24,812.48,50.78,0,0,50.78,513.46,0,82.15,595.61,SOSHA1002000240,Invoice,Invoiced,21/03/2025,,,,,,,,,,,,,,6,Picked,DTR Van-D,,,,,,,,
IN001437,7880336,CT0010054698,SHA1002,1,3049801,3049801,DETTOL LIQUID 96*50ML,OU,S,CA,6,0,9028.21,94.04,564.24,812.48,50.78,0,0,50.78,513.46,0,82.15,595.61,SOSHA1002000245,Invoice,Invoiced,21/03/2025,,,,,,,,,,,,,,6,Picked,DTR Van-D,,,,,,,,
IN001459,7880336,CT0010046258,SHA1004,1,3049801,3049801,DETTOL LIQUID 96*50ML,OU,S,CA,6,0,9028.21,94.04,564.24,812.48,50.78,0,0,50.78,513.46,0,82.15,595.61,SOSHA1004000253,Invoice,Invoiced,21/03/2025,,,,,,,,,,,,,,6,Picked,DTR Van-D,,,,,,,,
IN001468,7880336,CT0010054114,SHA1005,1,3049801,3049801,DETTOL LIQUID 96*50ML,OU,S,CA,6,0,9028.21,94.04,564.24,812.48,50.78,0,0,50.78,513.46,0,82.15,595.61,SOSHA1005000196,Invoice,Invoiced,21/03/2025,,,,,,,,,,,,,,6,Picked,DTR Van-D,,,,,,,,
IN001479,7880336,CT0010054704,SHA1005,1,3049801,3049801,DETTOL LIQUID 96*50ML,OU,S,CA,6,0,9028.21,94.04,564.24,812.48,50.78,0,0,50.78,513.46,0,82.15,595.61,SOSHA1005000207,Invoice,Invoiced,21/03/2025,,,,,,,,,,,,,,6,Picked,DTR Van-A,,,,,,,,
IN001480,7880336,CT0010054705,SHA1005,1,3049801,3049801,DETTOL LIQUID 96*50ML,OU,S,CA,6,0,9028.21,94.04,564.24,812.48,50.78,0,0,50.78,513.46,0,82.15,595.61,SOSHA1005000208,Invoice,Invoiced,21/03/2025,,,,,,,,,,,,,,6,Picked,DTR Van-D,,,,,,,,
IN001503,7880336,CT0010054166,SHA1007,2,3049801,3049801,DETTOL LIQUID 96*50ML,OU,S,CA,6,0,9028.21,94.04,564.24,812.48,50.78,0,0,50.78,513.46,0,82.15,595.61,SOSHA1007000233,Invoice,Invoiced,21/03/2025,,,,,,,,,,,,,,6,Picked,DTR Van-D,,,,,,,,
IN001509,7880336,CT0010054698,SHA1002,1,3049801,3049801,DETTOL LIQUID 96*50ML,OU,S,CA,6,0,9028.21,94.04,564.24,812.48,50.78,0,0,50.78,513.46,0,82.15,595.61,SOSHA1002000255,Invoice,Invoiced,21/03/2025,,,,,,,,,,,,,,6,Picked,DTR Van-D,,,,,,,,
IN000156,7880336,CT0010043052,SHA1001,1,238167,0238167,Jik Bleach Regular 70Ml *144,OU,S,CA,23,0,3218.39,22.35,514.05,0,0,0,0,0,514.05,0,82.25,596.3,SOSHA1001000021,Invoice,Invoiced,04/03/2025,,,,,,,,,,,,,,23,Picked,DTR Van-D,,,,,,,,
IN000934,7880336,CT0010054393,SHA1004,3,299714,0299714,Harpic Power Plus 200Ml *36,OU,S,CA,4,0,4655,129.31,517.24,0,0,0,0,0,517.24,0,82.76,600,SOSHA1004000140,Invoice,Invoiced,13/03/2025,,,,,,,,,,,,,,4,Picked,DTR Van-D,,,,,,,,
IN001217,7880336,CT0010054630,SHA1003,6,299714,0299714,Harpic Power Plus 200Ml *36,OU,S,CA,4,0,4655,129.31,517.24,0,0,0,0,0,517.24,0,82.76,600,SOSHA1003000208,Invoice,Invoiced,18/03/2025,,,,,,,,,,,,,,4,Picked,DTR Van-D,,,,,,,,
IN000156,7880336,CT0010043052,SHA1001,3,3286535,3286535,HARPIC POWERPLUS 100ML,OU,S,CA,12,0,1552,43.11,517.32,0,0,0,0,0,517.32,0,82.77,600.09,SOSHA1001000021,Invoice,Invoiced,04/03/2025,,,,,,,,,,,,,,12,Picked,DTR Van-D,,,,,,,,
IN000157,7880336,CT0010043052,SHA1001,3,3286535,3286535,HARPIC POWERPLUS 100ML,OU,S,CA,12,0,1552,43.11,517.32,0,0,0,0,0,517.32,0,82.77,600.09,SOSHA1001000022,Invoice,Invoiced,04/03/2025,,,,,,,,,,,,,,12,Picked,DTR Van-D,,,,,,,,
IN000158,7880336,CT0010043052,SHA1001,3,3286535,3286535,HARPIC POWERPLUS 100ML,OU,S,CA,12,0,1552,43.11,517.32,0,0,0,0,0,517.32,0,82.77,600.09,SOSHA1001000024,Invoice,Invoiced,04/03/2025,,,,,,,,,,,,,,12,Picked,DTR Van-D,,,,,,,,
IN000179,7880336,CT0010043132,SHA1005,4,3286535,3286535,HARPIC POWERPLUS 100ML,OU,S,CA,12,0,1552,43.11,517.32,0,0,0,0,0,517.32,0,82.77,600.09,SOSHA1005000017,Invoice,Invoiced,04/03/2025,,,,,,,,,,,,,,12,Picked,DTR Van-D,,,,,,,,
IN000259,7880336,CT0010054033,SHA1006,8,3286535,3286535,HARPIC POWERPLUS 100ML,OU,S,CA,12,0,1552,43.11,517.32,0,0,0,0,0,517.32,0,82.77,600.09,SOSHA1006000068,Invoice,Invoiced,05/03/2025,,,,,,,,,,,,,,12,Picked,DTR Van-A,,,,,,,,
IN000263,7880336,CT0010054036,SHA1006,3,3286535,3286535,HARPIC POWERPLUS 100ML,OU,S,CA,12,0,1552,43.11,517.32,0,0,0,0,0,517.32,0,82.77,600.09,SOSHA1006000075,Invoice,Invoiced,05/03/2025,,,,,,,,,,,,,,12,Picked,DTR Van-A,,,,,,,,
IN000459,7880336,CT0010054143,SHA1005,4,3286535,3286535,HARPIC POWERPLUS 100ML,OU,S,CA,12,0,1552,43.11,517.32,0,0,0,0,0,517.32,0,82.77,600.09,SOSHA1005000056,Invoice,Invoiced,06/03/2025,,,,,,,,,,,,,,12,Picked,DTR Van-D,,,,,,,,
IN000330,7880336,CT0010044882,SHA1004,1,384658,0384658,Jik Bleach Regular 250Ml *18,OU,S,CA,4,0,2355.3,130.85,523.4,0,0,0,0,0,523.4,0,83.74,607.14,SOSHA1004000037,Invoice,Invoiced,06/03/2025,,,,,,,,,,,,,,4,Picked,DTR Van-D,,,,,,,,
IN000589,7880336,CT0010054189,SHA1007,1,384658,0384658,Jik Bleach Regular 250Ml *18,OU,S,CA,4,0,2355.3,130.85,523.4,0,0,0,0,0,523.4,0,83.74,607.14,SOSHA1007000092,Invoice,Invoiced,08/03/2025,,,,,,,,,,,,,,4,Picked,DTR Van-D,,,,,,,,
IN000867,7880336,CT0010054372,SHA1002,1,384658,0384658,Jik Bleach Regular 250Ml *18,OU,S,CA,4,0,2355.3,130.85,523.4,0,0,0,0,0,523.4,0,83.74,607.14,SOSHA1002000150,Invoice,Invoiced,12/03/2025,,,,,,,,,,,,,,4,Picked,DTR Van-D,,,,,,,,
IN000157,7880336,CT0010043052,SHA1001,1,238167,0238167,Jik Bleach Regular 70Ml *144,OU,S,CA,24,0,3218.39,22.35,536.4,0,0,0,0,0,536.4,0,85.82,622.22,SOSHA1001000022,Invoice,Invoiced,04/03/2025,,,,,,,,,,,,,,24,Picked,DTR Van-D,,,,,,,,
IN000158,7880336,CT0010043052,SHA1001,1,238167,0238167,Jik Bleach Regular 70Ml *144,OU,S,CA,24,0,3218.39,22.35,536.4,0,0,0,0,0,536.4,0,85.82,622.22,SOSHA1001000024,Invoice,Invoiced,04/03/2025,,,,,,,,,,,,,,24,Picked,DTR Van-D,,,,,,,,
IN000259,7880336,CT0010054033,SHA1006,3,238167,0238167,Jik Bleach Regular 70Ml *144,OU,S,CA,24,0,3218.39,22.35,536.4,0,0,0,0,0,536.4,0,85.82,622.22,SOSHA1006000068,Invoice,Invoiced,05/03/2025,,,,,,,,,,,,,,24,Picked,DTR Van-A,,,,,,,,
IN000439,7880336,CT0010054152,SHA1004,2,238167,0238167,Jik Bleach Regular 70Ml *144,OU,S,CA,24,0,3218.39,22.35,536.4,0,0,0,0,0,536.4,0,85.82,622.22,SOSHA1004000073,Invoice,Invoiced,06/03/2025,,,,,,,,,,,,,,24,Picked,DTR Van-A,,,,,,,,
IN000440,7880336,CT0010054147,SHA1004,2,238167,0238167,Jik Bleach Regular 70Ml *144,OU,S,CA,24,0,3218.39,22.35,536.4,0,0,0,0,0,536.4,0,85.82,622.22,SOSHA1004000074,Invoice,Invoiced,06/03/2025,,,,,,,,,,,,,,24,Picked,DTR Van-A,,,,,,,,
IN000441,7880336,CT0010054092,SHA1005,2,238167,0238167,Jik Bleach Regular 70Ml *144,OU,S,CA,24,0,3218.39,22.35,536.4,0,0,0,0,0,536.4,0,85.82,622.22,SOSHA1005000036,Invoice,Invoiced,06/03/2025,,,,,,,,,,,,,,24,Picked,DTR Van-D,,,,,,,,
IN000442,7880336,CT0010054092,SHA1005,1,238167,0238167,Jik Bleach Regular 70Ml *144,OU,S,CA,24,0,3218.39,22.35,536.4,0,0,0,0,0,536.4,0,85.82,622.22,SOSHA1005000037,Invoice,Invoiced,06/03/2025,,,,,,,,,,,,,,24,Picked,DTR Van-D,,,,,,,,
IN000443,7880336,CT0010054092,SHA1005,1,238167,0238167,Jik Bleach Regular 70Ml *144,OU,S,CA,24,0,3218.39,22.35,536.4,0,0,0,0,0,536.4,0,85.82,622.22,SOSHA1005000038,Invoice,Invoiced,06/03/2025,,,,,,,,,,,,,,24,Picked,DTR Van-D,,,,,,,,
IN000463,7880336,CT0010054120,SHA1006,2,238167,0238167,Jik Bleach Regular 70Ml *144,OU,S,CA,24,0,3218.39,22.35,536.4,0,0,0,0,0,536.4,0,85.82,622.22,SOSHA1006000102,Invoice,Invoiced,06/03/2025,,,,,,,,,,,,,,24,Picked,DTR Van-A,,,,,,,,
IN000558,7880336,CT0010054210,SHA1005,1,238167,0238167,Jik Bleach Regular 70Ml *144,OU,S,CA,24,0,3218.39,22.35,536.4,0,0,0,0,0,536.4,0,85.82,622.22,SOSHA1005000065,Invoice,Invoiced,08/03/2025,,,,,,,,,,,,,,24,Picked,DTR Van-D,,,,,,,,
IN000572,7880336,CT0010054201,SHA1006,1,238167,0238167,Jik Bleach Regular 70Ml *144,OU,S,CA,24,0,3218.39,22.35,536.4,0,0,0,0,0,536.4,0,85.82,622.22,SOSHA1006000124,Invoice,Invoiced,08/03/2025,,,,,,,,,,,,,,24,Picked,DTR Van-D,,,,,,,,
IN000611,7880336,CT0010054261,SHA1001,1,238167,0238167,Jik Bleach Regular 70Ml *144,OU,S,CA,24,0,3218.39,22.35,536.4,0,0,0,0,0,536.4,0,85.82,622.22,SOSHA1001000104,Invoice,Invoiced,10/03/2025,,,,,,,,,,,,,,24,Picked,DTR Van-D,,,,,,,,
IN000674,7880336,CT0010054246,SHA1005,1,238167,0238167,Jik Bleach Regular 70Ml *144,OU,S,CA,24,0,3218.39,22.35,536.4,0,0,0,0,0,536.4,0,85.82,622.22,SOSHA1005000080,Invoice,Invoiced,10/03/2025,,,,,,,,,,,,,,24,Picked,DTR Van-D,,,,,,,,
IN000776,7880336,CT0010054290,SHA1005,3,238167,0238167,Jik Bleach Regular 70Ml *144,OU,S,CA,24,0,3218.39,22.35,536.4,0,0,0,0,0,536.4,0,85.82,622.22,SOSHA1005000090,Invoice,Invoiced,11/03/2025,,,,,,,,,,,,,,24,Picked,DTR Van-D,,,,,,,,
IN001072,7880336,CT0010054538,SHA1001,1,238167,0238167,Jik Bleach Regular 70Ml *144,OU,S,CA,24,0,3218.39,22.35,536.4,0,0,0,0,0,536.4,0,85.82,622.22,SOSHA1001000186,Invoice,Invoiced,17/03/2025,,,,,,,,,,,,,,24,Picked,DTR Van-D,,,,,,,,
IN000178,7880336,CT0010043128,SHA1005,1,349130,0349130,Mortein Doom P.Gard Aik Lemon 12*100Ml,OU,S,CA,3,0,2163.01,180.25,540.75,0,0,0,0,0,540.75,0,86.52,627.27,SOSHA1005000016,Invoice,Invoiced,04/03/2025,,,,,,,,,,,,,,3,Picked,DTR Van-D,,,,,,,,
IN000233,7880336,CT0010045051,SHA1002,1,349130,0349130,Mortein Doom P.Gard Aik Lemon 12*100Ml,OU,S,CA,3,0,2163.01,180.25,540.75,0,0,0,0,0,540.75,0,86.52,627.27,SOSHA1002000057,Invoice,Invoiced,05/03/2025,,,,,,,,,,,,,,3,Picked,DTR Van-D,,,,,,,,
IN000298,7880336,CT0010047440,SHA1002,1,349130,0349130,Mortein Doom P.Gard Aik Lemon 12*100Ml,OU,S,CA,3,0,2163.01,180.25,540.75,0,0,0,0,0,540.75,0,86.52,627.27,SOSHA1002000070,Invoice,Invoiced,06/03/2025,,,,,,,,,,,,,,3,Picked,DTR Van-D,,,,,,,,
IN000382,7880336,CT0010046912,SHA1007,1,349130,0349130,Mortein Doom P.Gard Aik Lemon 12*100Ml,OU,S,CA,3,0,2163.01,180.25,540.75,0,0,0,0,0,540.75,0,86.52,627.27,SOSHA1007000055,Invoice,Invoiced,06/03/2025,,,,,,,,,,,,,,3,Picked,DTR Van-D,,,,,,,,
IN000521,7880336,CT0010042880,SHA1002,1,349130,0349130,Mortein Doom P.Gard Aik Lemon 12*100Ml,OU,S,CA,3,0,2163.01,180.25,540.75,0,0,0,0,0,540.75,0,86.52,627.27,SOSHA1002000107,Invoice,Invoiced,08/03/2025,,,,,,,,,,,,,,3,Picked,DTR Van-D,,,,,,,,
IN000534,7880336,CT0010043850,SHA1003,1,349130,0349130,Mortein Doom P.Gard Aik Lemon 12*100Ml,OU,S,CA,3,0,2163.01,180.25,540.75,0,0,0,0,0,540.75,0,86.52,627.27,SOSHA1003000100,Invoice,Invoiced,08/03/2025,,,,,,,,,,,,,,3,Picked,DTR Van-D,,,,,,,,
IN000819,7880336,CT0010045204,SHA1001,1,349130,0349130,Mortein Doom P.Gard Aik Lemon 12*100Ml,OU,S,CA,3,0,2163.01,180.25,540.75,0,0,0,0,0,540.75,0,86.52,627.27,SOSHA1001000144,Invoice,Invoiced,12/03/2025,,,,,,,,,,,,,,3,Picked,DTR Van-D,,,,,,,,
IN000827,7880336,CT0010054348,SHA1002,1,349130,0349130,Mortein Doom P.Gard Aik Lemon 12*100Ml,OU,S,CA,3,0,2163.01,180.25,540.75,0,0,0,0,0,540.75,0,86.52,627.27,SOSHA1002000143,Invoice,Invoiced,12/03/2025,,,,,,,,,,,,,,3,Picked,DTR Van-D,,,,,,,,
IN001059,7880336,CT0010043921,SHA1003,1,349130,0349130,Mortein Doom P.Gard Aik Lemon 12*100Ml,OU,S,CA,3,0,2163.01,180.25,540.75,0,0,0,0,0,540.75,0,86.52,627.27,SOSHA1003000186,Invoice,Invoiced,15/03/2025,,,,,,,,,,,,,,3,Unpick,DTR Van-D,,,,,,,,
IN001443,7880336,CT0010041859,SHA1003,1,349130,0349130,Mortein Doom P.Gard Aik Lemon 12*100Ml,OU,S,CA,3,0,2163.01,180.25,540.75,0,0,0,0,0,540.75,0,86.52,627.27,SOSHA1003000241,Invoice,Invoiced,21/03/2025,,,,,,,,,,,,,,3,Picked,DTR Van-D,,,,,,,,
IN000174,7880336,CT0010045388,SHA1004,11,3298961,3298961,Dettol soap Skincare 85g,EA,S,EA,6,0,94,94,564,0,0,0,0,0,564,0,90.24,654.24,SOSHA1004000011,Invoice,Invoiced,04/03/2025,,,,,,,,,,,,,,6,Picked,DTR Van-D,,,,,,,,
IN000177,7880336,CT0010045382,SHA1004,2,3298961,3298961,Dettol soap Skincare 85g,EA,S,EA,6,0,94,94,564,0,0,0,0,0,564,0,90.24,654.24,SOSHA1004000014,Invoice,Invoiced,04/03/2025,,,,,,,,,,,,,,6,Picked,DTR Van-D,,,,,,,,
IN000179,7880336,CT0010043132,SHA1005,2,3298961,3298961,Dettol soap Skincare 85g,EA,S,EA,6,0,94,94,564,0,0,0,0,0,564,0,90.24,654.24,SOSHA1005000017,Invoice,Invoiced,04/03/2025,,,,,,,,,,,,,,6,Picked,DTR Van-D,,,,,,,,
IN000436,7880336,CT0010054102,SHA1004,6,3298961,3298961,Dettol soap Skincare 85g,EA,S,EA,6,0,94,94,564,0,0,0,0,0,564,0,90.24,654.24,SOSHA1004000053,Invoice,Invoiced,06/03/2025,,,,,,,,,,,,,,6,Picked,DTR Van-A,,,,,,,,
IN000807,7880336,CT0010054284,SHA1006,7,3298961,3298961,Dettol soap Skincare 85g,EA,S,EA,6,0,94,94,564,0,0,0,0,0,564,0,90.24,654.24,SOSHA1006000148,Invoice,Invoiced,12/03/2025,,,,,,,,,,,,,,6,Picked,DTR Van-D,,,,,,,,
IN000989,7880336,CT0010047784,SHA1001,5,3298961,3298961,Dettol soap Skincare 85g,EA,S,EA,6,0,94,94,564,0,0,0,0,0,564,0,90.24,654.24,SOSHA1001000168,Invoice,Invoiced,14/03/2025,,,,,,,,,,,,,,6,Picked,DTR Van-D,,,,,,,,
IN001074,7880336,CT0010043170,SHA1001,3,3298961,3298961,Dettol soap Skincare 85g,EA,S,EA,6,0,94,94,564,0,0,0,0,0,564,0,90.24,654.24,SOSHA1001000188,Invoice,Invoiced,17/03/2025,,,,,,,,,,,,,,6,Picked,DTR Van-D,,,,,,,,
IN001241,7880336,CT0010043426,SHA1005,2,3298961,3298961,Dettol soap Skincare 85g,EA,S,EA,6,0,94,94,564,0,0,0,0,0,564,0,90.24,654.24,SOSHA1005000166,Invoice,Invoiced,18/03/2025,,,,,,,,,,,,,,6,Picked,DTR Van-D,,,,,,,,
IN001291,7880336,CT0010046529,SHA1001,2,3298961,3298961,Dettol soap Skincare 85g,EA,S,EA,6,0,94,94,564,0,0,0,0,0,564,0,90.24,654.24,SOSHA1001000212,Invoice,Invoiced,20/03/2025,,,,,,,,,,,,,,6,Picked,DTR Van-D,,,,,,,,
IN001301,7880336,CT0010046600,SHA1001,14,3298961,3298961,Dettol soap Skincare 85g,EA,S,EA,6,0,94,94,564,0,0,0,0,0,564,0,90.24,654.24,SOSHA1001000222,Invoice,Invoiced,20/03/2025,,,,,,,,,,,,,,6,Picked,DTR Van-D,,,,,,,,
IN001357,7880336,CT0010054677,SHA1004,1,3298961,3298961,Dettol soap Skincare 85g,EA,S,EA,6,0,94,94,564,0,0,0,0,0,564,0,90.24,654.24,SOSHA1004000233,Invoice,Invoiced,20/03/2025,,,,,,,,,,,,,,6,Picked,DTR Van-D,,,,,,,,
IN001386,7880336,CT0010046928,SHA1007,6,3298961,3298961,Dettol soap Skincare 85g,EA,S,EA,6,0,94,94,564,0,0,0,0,0,564,0,90.24,654.24,SOSHA1007000190,Invoice,Invoiced,20/03/2025,,,,,,,,,,,,,,6,Picked,DTR Van-D,,,,,,,,
IN001475,7880336,CT0010054117,SHA1005,2,3298961,3298961,Dettol soap Skincare 85g,EA,S,EA,6,0,94,94,564,0,0,0,0,0,564,0,90.24,654.24,SOSHA1005000198,Invoice,Invoiced,21/03/2025,,,,,,,,,,,,,,6,Picked,DTR Van-D,,,,,,,,
IN001476,7880336,CT0010044090,SHA1005,15,3298961,3298961,Dettol soap Skincare 85g,EA,S,EA,6,0,94,94,564,0,0,0,0,0,564,0,90.24,654.24,SOSHA1005000202,Invoice,Invoiced,21/03/2025,,,,,,,,,,,,,,6,Picked,DTR Van-D,,,,,,,,
IN001501,7880336,CT0010054722,SHA1007,8,3298961,3298961,Dettol soap Skincare 85g,EA,S,EA,6,0,94,94,564,0,0,0,0,0,564,0,90.24,654.24,SOSHA1007000223,Invoice,Invoiced,21/03/2025,,,,,,,,,,,,,,6,Picked,DTR Van-D,,,,,,,,
IN000145,7880336,CT0010045001,SHA1001,1,3049801,3049801,DETTOL LIQUID 96*50ML,OU,S,CA,6,0,9028.21,94.04,564.24,0,0,0,0,0,564.24,0,90.28,654.52,SOSHA1001000008,Invoice,Invoiced,04/03/2025,,,,,,,,,,,,,,6,Picked,DTR Van-D,,,,,,,,
IN000188,7880336,CT0010043571,SHA1007,1,3049801,3049801,DETTOL LIQUID 96*50ML,OU,S,CA,6,0,9028.21,94.04,564.24,0,0,0,0,0,564.24,0,90.28,654.52,SOSHA1007000029,Invoice,Invoiced,04/03/2025,,,,,,,,,,,,,,6,Picked,DTR Van-D,,,,,,,,
IN000215,7880336,CT0010043379,SHA1001,1,3049801,3049801,DETTOL LIQUID 96*50ML,OU,S,CA,6,0,9028.21,94.04,564.24,0,0,0,0,0,564.24,0,90.28,654.52,SOSHA1001000028,Invoice,Invoiced,05/03/2025,,,,,,,,,,,,,,6,Picked,DTR Van-D,,,,,,,,
IN000234,7880336,CT0010045067,SHA1002,2,3049801,3049801,DETTOL LIQUID 96*50ML,OU,S,CA,6,0,9028.21,94.04,564.24,0,0,0,0,0,564.24,0,90.28,654.52,SOSHA1002000058,Invoice,Invoiced,05/03/2025,,,,,,,,,,,,,,6,Picked,DTR Van-D,,,,,,,,
IN000254,7880336,CT0010043429,SHA1005,1,3049801,3049801,DETTOL LIQUID 96*50ML,OU,S,CA,6,0,9028.21,94.04,564.24,0,0,0,0,0,564.24,0,90.28,654.52,SOSHA1005000028,Invoice,Invoiced,05/03/2025,,,,,,,,,,,,,,6,Picked,DTR Van-D,,,,,,,,
IN000452,7880336,CT0010054115,SHA1005,1,3049801,3049801,DETTOL LIQUID 96*50ML,OU,S,CA,6,0,9028.21,94.04,564.24,0,0,0,0,0,564.24,0,90.28,654.52,SOSHA1005000050,Invoice,Invoiced,06/03/2025,,,,,,,,,,,,,,6,Picked,DTR Van-D,,,,,,,,
IN000489,7880336,CT0010054125,SHA1007,1,3049801,3049801,DETTOL LIQUID 96*50ML,OU,S,CA,6,0,9028.21,94.04,564.24,0,0,0,0,0,564.24,0,90.28,654.52,SOSHA1007000072,Invoice,Invoiced,06/03/2025,,,,,,,,,,,,,,6,Picked,DTR Van-D,,,,,,,,
IN000662,7880336,CT0010054230,SHA1004,1,3049801,3049801,DETTOL LIQUID 96*50ML,OU,S,CA,6,0,9028.21,94.04,564.24,0,0,0,0,0,564.24,0,90.28,654.52,SOSHA1004000106,Invoice,Invoiced,10/03/2025,,,,,,,,,,,,,,6,Picked,DTR Van-A,,,,,,,,
IN000713,7880336,CT0010054296,SHA1001,1,3049801,3049801,DETTOL LIQUID 96*50ML,OU,S,CA,6,0,9028.21,94.04,564.24,0,0,0,0,0,564.24,0,90.28,654.52,SOSHA1001000118,Invoice,Invoiced,11/03/2025,,,,,,,,,,,,,,6,Picked,DTR Van-D,,,,,,,,
IN000753,7880336,CT0010054275,SHA1004,1,3049801,3049801,DETTOL LIQUID 96*50ML,OU,S,CA,6,0,9028.21,94.04,564.24,0,0,0,0,0,564.24,0,90.28,654.52,SOSHA1004000119,Invoice,Invoiced,11/03/2025,,,,,,,,,,,,,,6,Picked,DTR Van-A,,,,,,,,
IN000812,7880336,CT0010054334,SHA1001,1,3049801,3049801,DETTOL LIQUID 96*50ML,OU,S,CA,6,0,9028.21,94.04,564.24,0,0,0,0,0,564.24,0,90.28,654.52,SOSHA1001000137,Invoice,Invoiced,12/03/2025,,,,,,,,,,,,,,6,Picked,DTR Van-D,,,,,,,,
IN000814,7880336,CT0010054336,SHA1001,1,3049801,3049801,DETTOL LIQUID 96*50ML,OU,S,CA,6,0,9028.21,94.04,564.24,0,0,0,0,0,564.24,0,90.28,654.52,SOSHA1001000139,Invoice,Invoiced,12/03/2025,,,,,,,,,,,,,,6,Picked,DTR Van-D,,,,,,,,
IN001289,7880336,CT0010054648,SHA1001,1,3049801,3049801,DETTOL LIQUID 96*50ML,OU,S,CA,6,0,9028.21,94.04,564.24,0,0,0,0,0,564.24,0,90.28,654.52,SOSHA1001000210,Invoice,Invoiced,20/03/2025,,,,,,,,,,,,,,6,Picked,DTR Van-D,,,,,,,,
IN001420,7880336,CT0010054694,SHA1001,1,3049801,3049801,DETTOL LIQUID 96*50ML,OU,S,CA,6,0,9028.21,94.04,564.24,0,0,0,0,0,564.24,0,90.28,654.52,SOSHA1001000230,Invoice,Invoiced,21/03/2025,,,,,,,,,,,,,,6,Picked,DTR Van-D,,,,,,,,
IN001081,7880336,CT0010041993,SHA1002,1,8132348,8132348,Dettol Shower Gel Skincare 12*500Ml,OU,S,CA,1,0,6869,572.42,572.42,0,0,0,0,0,572.42,0,91.59,664.01,SOSHA1002000173,Invoice,Invoiced,17/03/2025,,,,,,,,,,,,,,1,Picked,DTR Van-D,,,,,,,,
IN001184,7880336,CT0010054026,SHA1002,2,8132348,8132348,Dettol Shower Gel Skincare 12*500Ml,OU,S,CA,1,0,6869,572.42,572.42,0,0,0,0,0,572.42,0,91.59,664.01,SOSHA1002000185,Invoice,Invoiced,18/03/2025,,,,,,,,,,,,,,1,Picked,DUKA,,,,,,,,
IN000592,7880336,CT0010054213,SHA1007,1,366163,0366163,Dettol Soap Original 72*60G,OU,S,CA,12,0,3986,55.36,664.32,0,0,0,0,0,664.32,0,0,664.32,SOSHA1007000096,Invoice,Invoiced,08/03/2025,,,,,,,,,,,,,,12,Picked,DTR Van-D,,,,,,,,
IN000963,7880336,CT0010054434,SHA1006,10,366183,0366183,Dettol Soap Cool 72*60G,OU,S,CA,12,0,3986,55.36,664.32,0,0,0,0,0,664.32,0,0,664.32,SOSHA1006000187,Invoice,Invoiced,13/03/2025,,,,,,,,,,,,,,12,Picked,DTR Van-D,,,,,,,,
IN000135,7880336,CT0010045474,SHA1002,6,366177,0366177,Dettol Soap Skincare 72*90G,OU,S,CA,6,0,9028,125.39,752.34,963,80.25,0,0,80.25,672.09,0,0,672.09,SOSHA1002000026,Invoice,Invoiced,04/03/2025,,,,,,,,,,,,,,6,Unpick,DTR Van-D,,,,,,,,
IN000395,7880336,CT0010046666,SHA1001,4,366163,0366163,Dettol Soap Original 72*60G,OU,S,CA,12,0,3986,55.36,664.32,478.32,79.72,0,0,79.72,584.6,0,93.54,678.14,SOSHA1001000068,Invoice,Invoiced,06/03/2025,,,,,,,,,,,,,,12,Picked,DTR Van-D,,,,,,,,
IN000406,7880336,CT0010047007,SHA1002,3,366163,0366163,Dettol Soap Original 72*60G,OU,S,CA,12,0,3986,55.36,664.32,478.32,79.72,0,0,79.72,584.6,0,93.54,678.14,SOSHA1002000092,Invoice,Invoiced,06/03/2025,,,,,,,,,,,,,,12,Picked,DTR Van-D,,,,,,,,
IN000424,7880336,CT0010046321,SHA1004,2,366163,0366163,Dettol Soap Original 72*60G,OU,S,CA,12,0,3986,55.36,664.32,478.32,79.72,0,0,79.72,584.6,0,93.54,678.14,SOSHA1004000059,Invoice,Invoiced,06/03/2025,,,,,,,,,,,,,,12,Picked,DTR Van-D,,,,,,,,
IN000462,7880336,CT0010045719,SHA1006,1,366163,0366163,Dettol Soap Original 72*60G,OU,S,CA,12,0,3986,55.36,664.32,478.32,79.72,0,0,79.72,584.6,0,93.54,678.14,SOSHA1006000101,Invoice,Invoiced,06/03/2025,,,,,,,,,,,,,,12,Picked,DTR Van-D,,,,,,,,
IN000482,7880336,CT0010047231,SHA1007,1,366163,0366163,Dettol Soap Original 72*60G,OU,S,CA,12,0,3986,55.36,664.32,478.32,79.72,0,0,79.72,584.6,0,93.54,678.14,SOSHA1007000065,Invoice,Invoiced,06/03/2025,,,,,,,,,,,,,,12,Picked,DTR Van-D,,,,,,,,
IN000486,7880336,CT0010041508,SHA1007,2,366163,0366163,Dettol Soap Original 72*60G,OU,S,CA,12,0,3986,55.36,664.32,478.32,79.72,0,0,79.72,584.6,0,93.54,678.14,SOSHA1007000069,Invoice,Invoiced,06/03/2025,,,,,,,,,,,,,,12,Picked,DTR Van-D,,,,,,,,
IN000488,7880336,CT0010047287,SHA1007,1,366163,0366163,Dettol Soap Original 72*60G,OU,S,CA,12,0,3986,55.36,664.32,478.32,79.72,0,0,79.72,584.6,0,93.54,678.14,SOSHA1007000071,Invoice,Invoiced,06/03/2025,,,,,,,,,,,,,,12,Picked,DTR Van-D,,,,,,,,
IN000493,7880336,CT0010047104,SHA1007,2,366163,0366163,Dettol Soap Original 72*60G,OU,S,CA,12,0,3986,55.36,664.32,478.32,79.72,0,0,79.72,584.6,0,93.54,678.14,SOSHA1007000076,Invoice,Invoiced,06/03/2025,,,,,,,,,,,,,,12,Picked,DTR Van-D,,,,,,,,
IN000507,7880336,CT0010042841,SHA1001,1,366163,0366163,Dettol Soap Original 72*60G,OU,S,CA,12,0,3986,55.36,664.32,478.32,79.72,0,0,79.72,584.6,0,93.54,678.14,SOSHA1001000080,Invoice,Invoiced,08/03/2025,,,,,,,,,,,,,,12,Picked,DTR Van-D,,,,,,,,
IN000516,7880336,CT0010044997,SHA1002,1,366163,0366163,Dettol Soap Original 72*60G,OU,S,CA,12,0,3986,55.36,664.32,478.32,79.72,0,0,79.72,584.6,0,93.54,678.14,SOSHA1002000102,Invoice,Invoiced,08/03/2025,,,,,,,,,,,,,,12,Picked,DTR Van-D,,,,,,,,
IN000517,7880336,CT0010045018,SHA1002,2,366163,0366163,Dettol Soap Original 72*60G,OU,S,CA,12,0,3986,55.36,664.32,478.32,79.72,0,0,79.72,584.6,0,93.54,678.14,SOSHA1002000103,Invoice,Invoiced,08/03/2025,,,,,,,,,,,,,,12,Picked,DTR Van-D,,,,,,,,
IN000520,7880336,CT0010044983,SHA1002,1,366163,0366163,Dettol Soap Original 72*60G,OU,S,CA,12,0,3986,55.36,664.32,478.32,79.72,0,0,79.72,584.6,0,93.54,678.14,SOSHA1002000106,Invoice,Invoiced,08/03/2025,,,,,,,,,,,,,,12,Picked,DTR Van-D,,,,,,,,
IN000524,7880336,CT0010042820,SHA1002,1,366163,0366163,Dettol Soap Original 72*60G,OU,S,CA,12,0,3986,55.36,664.32,478.32,79.72,0,0,79.72,584.6,0,93.54,678.14,SOSHA1002000110,Invoice,Invoiced,08/03/2025,,,,,,,,,,,,,,12,Picked,DTR Van-D,,,,,,,,
IN000536,7880336,CT0010043800,SHA1003,3,366163,0366163,Dettol Soap Original 72*60G,OU,S,CA,12,0,3986,55.36,664.32,478.32,79.72,0,0,79.72,584.6,0,93.54,678.14,SOSHA1003000102,Invoice,Invoiced,08/03/2025,,,,,,,,,,,,,,12,Picked,DTR Van-D,,,,,,,,
IN000550,7880336,CT0010045969,SHA1004,3,366163,0366163,Dettol Soap Original 72*60G,OU,S,CA,12,0,3986,55.36,664.32,478.32,79.72,0,0,79.72,584.6,0,93.54,678.14,SOSHA1004000084,Invoice,Invoiced,08/03/2025,,,,,,,,,,,,,,12,Picked,DTR Van-D,,,,,,,,
IN000575,7880336,CT0010044244,SHA1006,1,366163,0366163,Dettol Soap Original 72*60G,OU,S,CA,12,0,3986,55.36,664.32,478.32,79.72,0,0,79.72,584.6,0,93.54,678.14,SOSHA1006000118,Invoice,Invoiced,08/03/2025,,,,,,,,,,,,,,12,Picked,DTR Van-D,,,,,,,,
IN000617,7880336,CT0010046003,SHA1002,1,366163,0366163,Dettol Soap Original 72*60G,OU,S,CA,12,0,3986,55.36,664.32,478.32,79.72,0,0,79.72,584.6,0,93.54,678.14,SOSHA1002000119,Invoice,Invoiced,10/03/2025,,,,,,,,,,,,,,12,Picked,DTR Van-D,,,,,,,,
IN000619,7880336,CT0010045998,SHA1002,1,366163,0366163,Dettol Soap Original 72*60G,OU,S,CA,12,0,3986,55.36,664.32,478.32,79.72,0,0,79.72,584.6,0,93.54,678.14,SOSHA1002000121,Invoice,Invoiced,10/03/2025,,,,,,,,,,,,,,12,Picked,DTR Van-D,,,,,,,,
IN000621,7880336,CT0010046025,SHA1002,1,366163,0366163,Dettol Soap Original 72*60G,OU,S,CA,12,0,3986,55.36,664.32,478.32,79.72,0,0,79.72,584.6,0,93.54,678.14,SOSHA1002000125,Invoice,Invoiced,10/03/2025,,,,,,,,,,,,,,12,Picked,DTR Van-D,,,,,,,,
IN000622,7880336,CT0010046019,SHA1002,1,366163,0366163,Dettol Soap Original 72*60G,OU,S,CA,12,0,3986,55.36,664.32,478.32,79.72,0,0,79.72,584.6,0,93.54,678.14,SOSHA1002000126,Invoice,Invoiced,10/03/2025,,,,,,,,,,,,,,12,Picked,DTR Van-D,,,,,,,,
IN000630,7880336,CT0010041681,SHA1003,1,366163,0366163,Dettol Soap Original 72*60G,OU,S,CA,12,0,3986,55.36,664.32,478.32,79.72,0,0,79.72,584.6,0,93.54,678.14,SOSHA1003000105,Invoice,Invoiced,10/03/2025,,,,,,,,,,,,,,12,Picked,DTR Van-D,,,,,,,,
IN000644,7880336,CT0010045606,SHA1004,1,366163,0366163,Dettol Soap Original 72*60G,OU,S,CA,12,0,3986,55.36,664.32,478.32,79.72,0,0,79.72,584.6,0,93.54,678.14,SOSHA1004000089,Invoice,Invoiced,10/03/2025,,,,,,,,,,,,,,12,Picked,DTR Van-D,,,,,,,,
IN000671,7880336,CT0010046378,SHA1005,2,366163,0366163,Dettol Soap Original 72*60G,OU,S,CA,12,0,3986,55.36,664.32,478.32,79.72,0,0,79.72,584.6,0,93.54,678.14,SOSHA1005000077,Invoice,Invoiced,10/03/2025,,,,,,,,,,,,,,12,Picked,DTR Van-D,,,,,,,,
IN000680,7880336,CT0010042499,SHA1006,1,366163,0366163,Dettol Soap Original 72*60G,OU,S,CA,12,0,3986,55.36,664.32,478.32,79.72,0,0,79.72,584.6,0,93.54,678.14,SOSHA1006000130,Invoice,Invoiced,10/03/2025,,,,,,,,,,,,,,12,Picked,DTR Van-D,,,,,,,,
IN000681,7880336,CT0010042500,SHA1006,4,366163,0366163,Dettol Soap Original 72*60G,OU,S,CA,12,0,3986,55.36,664.32,478.32,79.72,0,0,79.72,584.6,0,93.54,678.14,SOSHA1006000134,Invoice,Invoiced,10/03/2025,,,,,,,,,,,,,,12,Picked,DTR Van-D,,,,,,,,
IN000690,7880336,CT0010044368,SHA1007,1,366163,0366163,Dettol Soap Original 72*60G,OU,S,CA,12,0,3986,55.36,664.32,478.32,79.72,0,0,79.72,584.6,0,93.54,678.14,SOSHA1007000111,Invoice,Invoiced,10/03/2025,,,,,,,,,,,,,,12,Picked,DTR Van-D,,,,,,,,
IN000691,7880336,CT0010041500,SHA1007,2,366163,0366163,Dettol Soap Original 72*60G,OU,S,CA,12,0,3986,55.36,664.32,478.32,79.72,0,0,79.72,584.6,0,93.54,678.14,SOSHA1007000112,Invoice,Invoiced,10/03/2025,,,,,,,,,,,,,,12,Picked,DTR Van-D,,,,,,,,
IN000693,7880336,CT0010044400,SHA1007,1,366163,0366163,Dettol Soap Original 72*60G,OU,S,CA,12,0,3986,55.36,664.32,478.32,79.72,0,0,79.72,584.6,0,93.54,678.14,SOSHA1007000115,Invoice,Invoiced,10/03/2025,,,,,,,,,,,,,,12,Picked,DTR Van-D,,,,,,,,
IN000699,7880336,CT0010044425,SHA1007,1,366163,0366163,Dettol Soap Original 72*60G,OU,S,CA,12,0,3986,55.36,664.32,478.32,79.72,0,0,79.72,584.6,0,93.54,678.14,SOSHA1007000109,Invoice,Invoiced,10/03/2025,,,,,,,,,,,,,,12,Picked,DTR Van-D,,,,,,,,
IN000700,7880336,CT0010044379,SHA1007,4,366163,0366163,Dettol Soap Original 72*60G,OU,S,CA,12,0,3986,55.36,664.32,478.32,79.72,0,0,79.72,584.6,0,93.54,678.14,SOSHA1007000114,Invoice,Invoiced,10/03/2025,,,,,,,,,,,,,,12,Picked,DTR Van-D,,,,,,,,
IN000709,7880336,CT0010042957,SHA1001,1,366163,0366163,Dettol Soap Original 72*60G,OU,S,CA,12,0,3986,55.36,664.32,478.32,79.72,0,0,79.72,584.6,0,93.54,678.14,SOSHA1001000114,Invoice,Invoiced,11/03/2025,,,,,,,,,,,,,,12,Picked,DTR Van-D,,,,,,,,
IN000717,7880336,CT0010042921,SHA1001,1,366163,0366163,Dettol Soap Original 72*60G,OU,S,CA,12,0,3986,55.36,664.32,478.32,79.72,0,0,79.72,584.6,0,93.54,678.14,SOSHA1001000122,Invoice,Invoiced,11/03/2025,,,,,,,,,,,,,,12,Picked,DTR Van-D,,,,,,,,
IN000728,7880336,CT0010045165,SHA1002,3,366163,0366163,Dettol Soap Original 72*60G,OU,S,CA,12,0,3986,55.36,664.32,478.32,79.72,0,0,79.72,584.6,0,93.54,678.14,SOSHA1002000133,Invoice,Invoiced,11/03/2025,,,,,,,,,,,,,,12,Picked,DTR Van-D,,,,,,,,
IN000738,7880336,CT0010042949,SHA1001,3,366163,0366163,Dettol Soap Original 72*60G,OU,S,CA,12,0,3986,55.36,664.32,478.32,79.72,0,0,79.72,584.6,0,93.54,678.14,SOSHA1001000130,Invoice,Invoiced,11/03/2025,,,,,,,,,,,,,,12,Picked,DTR Van-D,,,,,,,,
IN000739,7880336,CT0010042951,SHA1001,4,366163,0366163,Dettol Soap Original 72*60G,OU,S,CA,12,0,3986,55.36,664.32,478.32,79.72,0,0,79.72,584.6,0,93.54,678.14,SOSHA1001000131,Invoice,Invoiced,11/03/2025,,,,,,,,,,,,,,12,Picked,DTR Van-D,,,,,,,,
IN000740,7880336,CT0010042942,SHA1001,11,366163,0366163,Dettol Soap Original 72*60G,OU,S,CA,12,0,3986,55.36,664.32,478.32,79.72,0,0,79.72,584.6,0,93.54,678.14,SOSHA1001000132,Invoice,Invoiced,11/03/2025,,,,,,,,,,,,,,12,Picked,DTR Van-D,,,,,,,,
IN000775,7880336,CT0010044819,SHA1007,2,366163,0366163,Dettol Soap Original 72*60G,OU,S,CA,12,0,3986,55.36,664.32,478.32,79.72,0,0,79.72,584.6,0,93.54,678.14,SOSHA1007000123,Invoice,Invoiced,11/03/2025,,,,,,,,,,,,,,12,Picked,DTR Van-D,,,,,,,,
IN000787,7880336,CT0010044848,SHA1007,1,366163,0366163,Dettol Soap Original 72*60G,OU,S,CA,12,0,3986,55.36,664.32,478.32,79.72,0,0,79.72,584.6,0,93.54,678.14,SOSHA1007000134,Invoice,Invoiced,11/03/2025,,,,,,,,,,,,,,12,Picked,DTR Van-D,,,,,,,,
IN000797,7880336,CT0010054253,SHA1006,4,366163,0366163,Dettol Soap Original 72*60G,OU,S,CA,12,0,3986,55.36,664.32,478.32,79.72,0,0,79.72,584.6,0,93.54,678.14,SOSHA1006000144,Invoice,Invoiced,12/03/2025,,,,,,,,,,,,,,12,Picked,DTR Van-D,,,,,,,,
IN000803,7880336,CT0010054327,SHA1006,1,366163,0366163,Dettol Soap Original 72*60G,OU,S,CA,12,0,3986,55.36,664.32,478.32,79.72,0,0,79.72,584.6,0,93.54,678.14,SOSHA1006000153,Invoice,Invoiced,12/03/2025,,,,,,,,,,,,,,12,Picked,DTR Van-D,,,,,,,,
IN000805,7880336,CT0010054328,SHA1006,7,366163,0366163,Dettol Soap Original 72*60G,OU,S,CA,12,0,3986,55.36,664.32,478.32,79.72,0,0,79.72,584.6,0,93.54,678.14,SOSHA1006000155,Invoice,Invoiced,12/03/2025,,,,,,,,,,,,,,12,Picked,DTR Van-D,,,,,,,,
IN000809,7880336,CT0010054307,SHA1006,1,366163,0366163,Dettol Soap Original 72*60G,OU,S,CA,12,0,3986,55.36,664.32,478.32,79.72,0,0,79.72,584.6,0,93.54,678.14,SOSHA1006000151,Invoice,Invoiced,12/03/2025,,,,,,,,,,,,,,12,Picked,DTR Van-D,,,,,,,,
IN000823,7880336,CT0010041963,SHA1001,1,366163,0366163,Dettol Soap Original 72*60G,OU,S,CA,12,0,3986,55.36,664.32,478.32,79.72,0,0,79.72,584.6,0,93.54,678.14,SOSHA1001000148,Invoice,Invoiced,12/03/2025,,,,,,,,,,,,,,12,Picked,DTR Van-D,,,,,,,,
IN000824,7880336,CT0010054340,SHA1002,4,366163,0366163,Dettol Soap Original 72*60G,OU,S,CA,12,0,3986,55.36,664.32,478.32,79.72,0,0,79.72,584.6,0,93.54,678.14,SOSHA1002000140,Invoice,Invoiced,12/03/2025,,,,,,,,,,,,,,12,Picked,DTR Van-D,,,,,,,,
IN000825,7880336,CT0010045896,SHA1002,2,366163,0366163,Dettol Soap Original 72*60G,OU,S,CA,12,0,3986,55.36,664.32,478.32,79.72,0,0,79.72,584.6,0,93.54,678.14,SOSHA1002000141,Invoice,Invoiced,12/03/2025,,,,,,,,,,,,,,12,Picked,DTR Van-D,,,,,,,,
IN000830,7880336,CT0010042663,SHA1004,2,366163,0366163,Dettol Soap Original 72*60G,OU,S,CA,12,0,3986,55.36,664.32,478.32,79.72,0,0,79.72,584.6,0,93.54,678.14,SOSHA1004000125,Invoice,Invoiced,12/03/2025,,,,,,,,,,,,,,12,Picked,DTR Van-D,,,,,,,,
IN000840,7880336,CT0010043603,SHA1005,2,366163,0366163,Dettol Soap Original 72*60G,OU,S,CA,12,0,3986,55.36,664.32,478.32,79.72,0,0,79.72,584.6,0,93.54,678.14,SOSHA1005000101,Invoice,Invoiced,12/03/2025,,,,,,,,,,,,,,12,Picked,DTR Van-D,,,,,,,,
IN000843,7880336,CT0010054342,SHA1005,2,366163,0366163,Dettol Soap Original 72*60G,OU,S,CA,12,0,3986,55.36,664.32,478.32,79.72,0,0,79.72,584.6,0,93.54,678.14,SOSHA1005000104,Invoice,Invoiced,12/03/2025,,,,,,,,,,,,,,12,Picked,DTR Van-D,,,,,,,,
IN000845,7880336,CT0010043581,SHA1005,4,366163,0366163,Dettol Soap Original 72*60G,OU,S,CA,12,0,3986,55.36,664.32,478.32,79.72,0,0,79.72,584.6,0,93.54,678.14,SOSHA1005000106,Invoice,Invoiced,12/03/2025,,,,,,,,,,,,,,12,Picked,DTR Van-D,,,,,,,,
IN000848,7880336,CT0010042648,SHA1004,1,366163,0366163,Dettol Soap Original 72*60G,OU,S,CA,12,0,3986,55.36,664.32,478.32,79.72,0,0,79.72,584.6,0,93.54,678.14,SOSHA1004000131,Invoice,Invoiced,12/03/2025,,,,,,,,,,,,,,12,Picked,DTR Van-D,,,,,,,,
IN000849,7880336,CT0010043599,SHA1005,2,366163,0366163,Dettol Soap Original 72*60G,OU,S,CA,12,0,3986,55.36,664.32,478.32,79.72,0,0,79.72,584.6,0,93.54,678.14,SOSHA1005000107,Invoice,Invoiced,12/03/2025,,,,,,,,,,,,,,12,Picked,DTR Van-D,,,,,,,,
IN000853,7880336,CT0010045883,SHA1007,2,366163,0366163,Dettol Soap Original 72*60G,OU,S,CA,12,0,3986,55.36,664.32,478.32,79.72,0,0,79.72,584.6,0,93.54,678.14,SOSHA1007000138,Invoice,Invoiced,12/03/2025,,,,,,,,,,,,,,12,Picked,DTR Van-D,,,,,,,,
IN000872,7880336,CT0010042641,SHA1003,2,366163,0366163,Dettol Soap Original 72*60G,OU,S,CA,12,0,3986,55.36,664.32,478.32,79.72,0,0,79.72,584.6,0,93.54,678.14,SOSHA1003000139,Invoice,Invoiced,12/03/2025,,,,,,,,,,,,,,12,Picked,DTR Van-D,,,,,,,,
IN000874,7880336,CT0010041573,SHA1003,1,366163,0366163,Dettol Soap Original 72*60G,OU,S,CA,12,0,3986,55.36,664.32,478.32,79.72,0,0,79.72,584.6,0,93.54,678.14,SOSHA1003000141,Invoice,Invoiced,12/03/2025,,,,,,,,,,,,,,12,Picked,DTR Van-D,,,,,,,,
IN000882,7880336,CT0010043587,SHA1005,2,366163,0366163,Dettol Soap Original 72*60G,OU,S,CA,12,0,3986,55.36,664.32,478.32,79.72,0,0,79.72,584.6,0,93.54,678.14,SOSHA1005000108,Invoice,Invoiced,12/03/2025,,,,,,,,,,,,,,12,Picked,DTR Van-D,,,,,,,,
IN000885,7880336,CT0010044743,SHA1005,2,366163,0366163,Dettol Soap Original 72*60G,OU,S,CA,12,0,3986,55.36,664.32,478.32,79.72,0,0,79.72,584.6,0,93.54,678.14,SOSHA1005000111,Invoice,Invoiced,12/03/2025,,,,,,,,,,,,,,12,Picked,DTR Van-D,,,,,,,,
IN000886,7880336,CT0010044729,SHA1005,2,366163,0366163,Dettol Soap Original 72*60G,OU,S,CA,12,0,3986,55.36,664.32,478.32,79.72,0,0,79.72,584.6,0,93.54,678.14,SOSHA1005000112,Invoice,Invoiced,12/03/2025,,,,,,,,,,,,,,12,Picked,DTR Van-D,,,,,,,,
IN000895,7880336,CT0010054346,SHA1006,1,366163,0366163,Dettol Soap Original 72*60G,OU,S,CA,12,0,3986,55.36,664.32,478.32,79.72,0,0,79.72,584.6,0,93.54,678.14,SOSHA1006000162,Invoice,Invoiced,12/03/2025,,,,,,,,,,,,,,12,Picked,DTR Van-D,,,,,,,,
IN000898,7880336,CT0010054362,SHA1006,2,366163,0366163,Dettol Soap Original 72*60G,OU,S,CA,12,0,3986,55.36,664.32,478.32,79.72,0,0,79.72,584.6,0,93.54,678.14,SOSHA1006000165,Invoice,Invoiced,12/03/2025,,,,,,,,,,,,,,12,Picked,DTR Van-D,,,,,,,,
IN000899,7880336,CT0010054363,SHA1006,1,366163,0366163,Dettol Soap Original 72*60G,OU,S,CA,12,0,3986,55.36,664.32,478.32,79.72,0,0,79.72,584.6,0,93.54,678.14,SOSHA1006000166,Invoice,Invoiced,12/03/2025,,,,,,,,,,,,,,12,Picked,DTR Van-D,,,,,,,,
IN000905,7880336,CT0010047868,SHA1001,2,366163,0366163,Dettol Soap Original 72*60G,OU,S,CA,12,0,3986,55.36,664.32,478.32,79.72,0,0,79.72,584.6,0,93.54,678.14,SOSHA1001000149,Invoice,Invoiced,13/03/2025,,,,,,,,,,,,,,12,Picked,DTR Van-D,,,,,,,,
IN000906,7880336,CT0010047871,SHA1001,1,366163,0366163,Dettol Soap Original 72*60G,OU,S,CA,12,0,3986,55.36,664.32,478.32,79.72,0,0,79.72,584.6,0,93.54,678.14,SOSHA1001000150,Invoice,Invoiced,13/03/2025,,,,,,,,,,,,,,12,Picked,DTR Van-D,,,,,,,,
IN000943,7880336,CT0010054398,SHA1005,3,366163,0366163,Dettol Soap Original 72*60G,OU,S,CA,12,0,3986,55.36,664.32,478.32,79.72,0,0,79.72,584.6,0,93.54,678.14,SOSHA1005000118,Invoice,Invoiced,13/03/2025,,,,,,,,,,,,,,12,Picked,DTR Van-D,,,,,,,,
IN000946,7880336,CT0010054404,SHA1006,1,366163,0366163,Dettol Soap Original 72*60G,OU,S,CA,12,0,3986,55.36,664.32,478.32,79.72,0,0,79.72,584.6,0,93.54,678.14,SOSHA1006000171,Invoice,Invoiced,13/03/2025,,,,,,,,,,,,,,12,Picked,DTR Van-D,,,,,,,,
IN000954,7880336,CT0010054432,SHA1006,3,366163,0366163,Dettol Soap Original 72*60G,OU,S,CA,12,0,3986,55.36,664.32,478.32,79.72,0,0,79.72,584.6,0,93.54,678.14,SOSHA1006000179,Invoice,Invoiced,13/03/2025,,,,,,,,,,,,,,12,Picked,DTR Van-D,,,,,,,,
IN000957,7880336,CT0010054429,SHA1006,1,366163,0366163,Dettol Soap Original 72*60G,OU,S,CA,12,0,3986,55.36,664.32,478.32,79.72,0,0,79.72,584.6,0,93.54,678.14,SOSHA1006000182,Invoice,Invoiced,13/03/2025,,,,,,,,,,,,,,12,Picked,DTR Van-D,,,,,,,,
IN000960,7880336,CT0010054425,SHA1006,1,366163,0366163,Dettol Soap Original 72*60G,OU,S,CA,12,0,3986,55.36,664.32,478.32,79.72,0,0,79.72,584.6,0,93.54,678.14,SOSHA1006000185,Invoice,Invoiced,13/03/2025,,,,,,,,,,,,,,12,Picked,DTR Van-D,,,,,,,,
IN000973,7880336,CT0010042753,SHA1002,2,366163,0366163,Dettol Soap Original 72*60G,OU,S,CA,12,0,3986,55.36,664.32,478.32,79.72,0,0,79.72,584.6,0,93.54,678.14,SOSHA1002000165,Invoice,Invoiced,13/03/2025,,,,,,,,,,,,,,12,Picked,DTR Van-D,,,,,,,,
IN000999,7880336,CT0010043998,SHA1003,2,366163,0366163,Dettol Soap Original 72*60G,OU,S,CA,12,0,3986,55.36,664.32,478.32,79.72,0,0,79.72,584.6,0,93.54,678.14,SOSHA1003000180,Invoice,Invoiced,14/03/2025,,,,,,,,,,,,,,12,Picked,DTR Van-D,,,,,,,,
IN001001,7880336,CT0010043986,SHA1003,2,366163,0366163,Dettol Soap Original 72*60G,OU,S,CA,12,0,3986,55.36,664.32,478.32,79.72,0,0,79.72,584.6,0,93.54,678.14,SOSHA1003000182,Invoice,Invoiced,14/03/2025,,,,,,,,,,,,,,12,Picked,DTR Van-D,,,,,,,,
IN001007,7880336,CT0010044580,SHA1004,3,366163,0366163,Dettol Soap Original 72*60G,OU,S,CA,12,0,3986,55.36,664.32,478.32,79.72,0,0,79.72,584.6,0,93.54,678.14,SOSHA1004000156,Invoice,Invoiced,14/03/2025,,,,,,,,,,,,,,12,Picked,DTR Van-D,,,,,,,,
IN001029,7880336,CT0010054475,SHA1005,2,366163,0366163,Dettol Soap Original 72*60G,OU,S,CA,12,0,3986,55.36,664.32,478.32,79.72,0,0,79.72,584.6,0,93.54,678.14,SOSHA1005000124,Invoice,Invoiced,14/03/2025,,,,,,,,,,,,,,12,Picked,DTR Van-D,,,,,,,,
IN001031,7880336,CT0010054474,SHA1005,2,366163,0366163,Dettol Soap Original 72*60G,OU,S,CA,12,0,3986,55.36,664.32,478.32,79.72,0,0,79.72,584.6,0,93.54,678.14,SOSHA1005000128,Invoice,Invoiced,14/03/2025,,,,,,,,,,,,,,12,Picked,DTR Van-D,,,,,,,,
IN001033,7880336,CT0010054482,SHA1005,4,366163,0366163,Dettol Soap Original 72*60G,OU,S,CA,12,0,3986,55.36,664.32,478.32,79.72,0,0,79.72,584.6,0,93.54,678.14,SOSHA1005000131,Invoice,Invoiced,14/03/2025,,,,,,,,,,,,,,12,Picked,DTR Van-D,,,,,,,,
IN001034,7880336,CT0010054490,SHA1005,1,366163,0366163,Dettol Soap Original 72*60G,OU,S,CA,12,0,3986,55.36,664.32,478.32,79.72,0,0,79.72,584.6,0,93.54,678.14,SOSHA1005000132,Invoice,Invoiced,14/03/2025,,,,,,,,,,,,,,12,Picked,DTR Van-D,,,,,,,,
IN001042,7880336,CT0010054489,SHA1005,4,366163,0366163,Dettol Soap Original 72*60G,OU,S,CA,12,0,3986,55.36,664.32,478.32,79.72,0,0,79.72,584.6,0,93.54,678.14,SOSHA1005000133,Invoice,Invoiced,14/03/2025,,,,,,,,,,,,,,12,Picked,DTR Van-D,,,,,,,,
IN001048,7880336,CT0010054467,SHA1006,3,366163,0366163,Dettol Soap Original 72*60G,OU,S,CA,12,0,3986,55.36,664.32,478.32,79.72,0,0,79.72,584.6,0,93.54,678.14,SOSHA1006000194,Invoice,Invoiced,14/03/2025,,,,,,,,,,,,,,12,Picked,DTR Van-D,,,,,,,,
IN001055,7880336,CT0010042391,SHA1006,1,366163,0366163,Dettol Soap Original 72*60G,OU,S,CA,12,0,3986,55.36,664.32,478.32,79.72,0,0,79.72,584.6,0,93.54,678.14,SOSHA1006000190,Invoice,Invoiced,14/03/2025,,,,,,,,,,,,,,12,Picked,DTR Van-D,,,,,,,,
IN001074,7880336,CT0010043170,SHA1001,2,366163,0366163,Dettol Soap Original 72*60G,OU,S,CA,12,0,3986,55.36,664.32,478.32,79.72,0,0,79.72,584.6,0,93.54,678.14,SOSHA1001000188,Invoice,Invoiced,17/03/2025,,,,,,,,,,,,,,12,Picked,DTR Van-D,,,,,,,,
IN001078,7880336,CT0010043496,SHA1000,13,366163,0366163,Dettol Soap Original 72*60G,OU,S,CA,12,0,3986,55.36,664.32,478.32,79.72,0,0,79.72,584.6,0,93.54,678.14,SOSHA1000000024,Invoice,Invoiced,17/03/2025,,,,,,,,,,,,,,12,Picked,DTR Van-D,,,,,,,,
IN001086,7880336,CT0010043506,SHA1002,2,366163,0366163,Dettol Soap Original 72*60G,OU,S,CA,12,0,3986,55.36,664.32,478.32,79.72,0,0,79.72,584.6,0,93.54,678.14,SOSHA1002000178,Invoice,Invoiced,17/03/2025,,,,,,,,,,,,,,12,Picked,DTR Van-D,,,,,,,,
IN001112,7880336,CT0010054565,SHA1004,1,366163,0366163,Dettol Soap Original 72*60G,OU,S,CA,12,0,3986,55.36,664.32,478.32,79.72,0,0,79.72,584.6,0,93.54,678.14,SOSHA1004000190,Invoice,Invoiced,17/03/2025,,,,,,,,,,,,,,12,Picked,DTR Van-D,,,,,,,,
IN001116,7880336,CT0010054527,SHA1005,2,366163,0366163,Dettol Soap Original 72*60G,OU,S,CA,12,0,3986,55.36,664.32,478.32,79.72,0,0,79.72,584.6,0,93.54,678.14,SOSHA1005000142,Invoice,Invoiced,17/03/2025,,,,,,,,,,,,,,12,Picked,DTR Van-D,,,,,,,,
IN001119,7880336,CT0010043161,SHA1005,4,366163,0366163,Dettol Soap Original 72*60G,OU,S,CA,12,0,3986,55.36,664.32,478.32,79.72,0,0,79.72,584.6,0,93.54,678.14,SOSHA1005000146,Invoice,Invoiced,17/03/2025,,,,,,,,,,,,,,12,Picked,DTR Van-D,,,,,,,,
IN001120,7880336,CT0010054541,SHA1005,2,366163,0366163,Dettol Soap Original 72*60G,OU,S,CA,12,0,3986,55.36,664.32,478.32,79.72,0,0,79.72,584.6,0,93.54,678.14,SOSHA1005000148,Invoice,Invoiced,17/03/2025,,,,,,,,,,,,,,12,Picked,DTR Van-D,,,,,,,,
IN001125,7880336,CT0010054569,SHA1005,6,366163,0366163,Dettol Soap Original 72*60G,OU,S,CA,12,0,3986,55.36,664.32,478.32,79.72,0,0,79.72,584.6,0,93.54,678.14,SOSHA1005000154,Invoice,Invoiced,17/03/2025,,,,,,,,,,,,,,12,Picked,DTR Van-D,,,,,,,,
IN001130,7880336,CT0010043166,SHA1005,2,366163,0366163,Dettol Soap Original 72*60G,OU,S,CA,12,0,3986,55.36,664.32,478.32,79.72,0,0,79.72,584.6,0,93.54,678.14,SOSHA1005000160,Invoice,Invoiced,17/03/2025,,,,,,,,,,,,,,12,Picked,DTR Van-D,,,,,,,,
IN001131,7880336,CT0010053988,SHA1006,2,366163,0366163,Dettol Soap Original 72*60G,OU,S,CA,12,0,3986,55.36,664.32,478.32,79.72,0,0,79.72,584.6,0,93.54,678.14,SOSHA1006000202,Invoice,Invoiced,17/03/2025,,,,,,,,,,,,,,12,Picked,DTR Van-D,,,,,,,,
IN001136,7880336,CT0010043181,SHA1005,2,366163,0366163,Dettol Soap Original 72*60G,OU,S,CA,12,0,3986,55.36,664.32,478.32,79.72,0,0,79.72,584.6,0,93.54,678.14,SOSHA1005000153,Invoice,Invoiced,17/03/2025,,,,,,,,,,,,,,12,Picked,DTR Van-D,,,,,,,,
IN001139,7880336,CT0010054555,SHA1006,1,366163,0366163,Dettol Soap Original 72*60G,OU,S,CA,12,0,3986,55.36,664.32,478.32,79.72,0,0,79.72,584.6,0,93.54,678.14,SOSHA1006000206,Invoice,Invoiced,17/03/2025,,,,,,,,,,,,,,12,Picked,DTR Van-D,,,,,,,,
IN001145,7880336,CT0010054554,SHA1006,3,366163,0366163,Dettol Soap Original 72*60G,OU,S,CA,12,0,3986,55.36,664.32,478.32,79.72,0,0,79.72,584.6,0,93.54,678.14,SOSHA1006000214,Invoice,Invoiced,17/03/2025,,,,,,,,,,,,,,12,Picked,DTR Van-D,,,,,,,,
IN001151,7880336,CT0010054560,SHA1006,1,366163,0366163,Dettol Soap Original 72*60G,OU,S,CA,12,0,3986,55.36,664.32,478.32,79.72,0,0,79.72,584.6,0,93.54,678.14,SOSHA1006000221,Invoice,Invoiced,17/03/2025,,,,,,,,,,,,,,12,Picked,DTR Van-D,,,,,,,,
IN001154,7880336,CT0010054549,SHA1006,5,366163,0366163,Dettol Soap Original 72*60G,OU,S,CA,12,0,3986,55.36,664.32,478.32,79.72,0,0,79.72,584.6,0,93.54,678.14,SOSHA1006000210,Invoice,Invoiced,17/03/2025,,,,,,,,,,,,,,12,Picked,DTR Van-D,,,,,,,,
IN001155,7880336,CT0010054551,SHA1006,1,366163,0366163,Dettol Soap Original 72*60G,OU,S,CA,12,0,3986,55.36,664.32,478.32,79.72,0,0,79.72,584.6,0,93.54,678.14,SOSHA1006000211,Invoice,Invoiced,17/03/2025,,,,,,,,,,,,,,12,Picked,DTR Van-D,,,,,,,,
IN001165,7880336,CT0010054563,SHA1007,2,366163,0366163,Dettol Soap Original 72*60G,OU,S,CA,12,0,3986,55.36,664.32,478.32,79.72,0,0,79.72,584.6,0,93.54,678.14,SOSHA1007000173,Invoice,Invoiced,17/03/2025,,,,,,,,,,,,,,12,Picked,DTR Van-D,,,,,,,,
IN001174,7880336,CT0010054049,SHA1001,2,366163,0366163,Dettol Soap Original 72*60G,OU,S,CA,12,0,3986,55.36,664.32,478.32,79.72,0,0,79.72,584.6,0,93.54,678.14,SOSHA1001000201,Invoice,Invoiced,18/03/2025,,,,,,,,,,,,,,12,Picked,DTR Van-D,,,,,,,,
IN001176,7880336,CT0010054620,SHA1001,1,366163,0366163,Dettol Soap Original 72*60G,OU,S,CA,12,0,3986,55.36,664.32,478.32,79.72,0,0,79.72,584.6,0,93.54,678.14,SOSHA1001000206,Invoice,Invoiced,18/03/2025,,,,,,,,,,,,,,12,Picked,DTR Van-D,,,,,,,,
IN001182,7880336,CT0010045027,SHA1002,2,366163,0366163,Dettol Soap Original 72*60G,OU,S,CA,12,0,3986,55.36,664.32,478.32,79.72,0,0,79.72,584.6,0,93.54,678.14,SOSHA1002000187,Invoice,Invoiced,18/03/2025,,,,,,,,,,,,,,12,Picked,DTR Van-D,,,,,,,,
IN001193,7880336,CT0010054606,SHA1002,2,366163,0366163,Dettol Soap Original 72*60G,OU,S,CA,12,0,3986,55.36,664.32,478.32,79.72,0,0,79.72,584.6,0,93.54,678.14,SOSHA1002000197,Invoice,Invoiced,18/03/2025,,,,,,,,,,,,,,12,Picked,DTR Van-D,,,,,,,,
IN001194,7880336,CT0010054625,SHA1002,2,366163,0366163,Dettol Soap Original 72*60G,OU,S,CA,12,0,3986,55.36,664.32,478.32,79.72,0,0,79.72,584.6,0,93.54,678.14,SOSHA1002000199,Invoice,Invoiced,18/03/2025,,,,,,,,,,,,,,12,Picked,DTR Van-D,,,,,,,,
IN001195,7880336,CT0010045045,SHA1002,2,366163,0366163,Dettol Soap Original 72*60G,OU,S,CA,12,0,3986,55.36,664.32,478.32,79.72,0,0,79.72,584.6,0,93.54,678.14,SOSHA1002000200,Invoice,Invoiced,18/03/2025,,,,,,,,,,,,,,12,Picked,DTR Van-D,,,,,,,,
IN001196,7880336,CT0010045089,SHA1002,3,366163,0366163,Dettol Soap Original 72*60G,OU,S,CA,12,0,3986,55.36,664.32,478.32,79.72,0,0,79.72,584.6,0,93.54,678.14,SOSHA1002000201,Invoice,Invoiced,18/03/2025,,,,,,,,,,,,,,12,Picked,DTR Van-D,,,,,,,,
IN001197,7880336,CT0010054626,SHA1002,1,366163,0366163,Dettol Soap Original 72*60G,OU,S,CA,12,0,3986,55.36,664.32,478.32,79.72,0,0,79.72,584.6,0,93.54,678.14,SOSHA1002000202,Invoice,Invoiced,18/03/2025,,,,,,,,,,,,,,12,Picked,DTR Van-D,,,,,,,,
IN001210,7880336,CT0010044709,SHA1004,1,366163,0366163,Dettol Soap Original 72*60G,OU,S,CA,12,0,3986,55.36,664.32,478.32,79.72,0,0,79.72,584.6,0,93.54,678.14,SOSHA1004000196,Invoice,Invoiced,18/03/2025,,,,,,,,,,,,,,12,Picked,DTR Van-D,,,,,,,,
IN001214,7880336,CT0010041753,SHA1003,2,366163,0366163,Dettol Soap Original 72*60G,OU,S,CA,12,0,3986,55.36,664.32,478.32,79.72,0,0,79.72,584.6,0,93.54,678.14,SOSHA1003000202,Invoice,Invoiced,18/03/2025,,,,,,,,,,,,,,12,Picked,DTR Van-D,,,,,,,,
IN001236,7880336,CT0010043443,SHA1005,3,366163,0366163,Dettol Soap Original 72*60G,OU,S,CA,12,0,3986,55.36,664.32,478.32,79.72,0,0,79.72,584.6,0,93.54,678.14,SOSHA1005000161,Invoice,Invoiced,18/03/2025,,,,,,,,,,,,,,12,Picked,DTR Van-D,,,,,,,,
IN001237,7880336,CT0010043443,SHA1005,2,366163,0366163,Dettol Soap Original 72*60G,OU,S,CA,12,0,3986,55.36,664.32,478.32,79.72,0,0,79.72,584.6,0,93.54,678.14,SOSHA1005000162,Invoice,Invoiced,18/03/2025,,,,,,,,,,,,,,12,Picked,DTR Van-D,,,,,,,,
IN001238,7880336,CT0010043431,SHA1005,1,366163,0366163,Dettol Soap Original 72*60G,OU,S,CA,12,0,3986,55.36,664.32,478.32,79.72,0,0,79.72,584.6,0,93.54,678.14,SOSHA1005000163,Invoice,Invoiced,18/03/2025,,,,,,,,,,,,,,12,Picked,DTR Van-D,,,,,,,,
IN001242,7880336,CT0010054593,SHA1005,2,366163,0366163,Dettol Soap Original 72*60G,OU,S,CA,12,0,3986,55.36,664.32,478.32,79.72,0,0,79.72,584.6,0,93.54,678.14,SOSHA1005000167,Invoice,Invoiced,18/03/2025,,,,,,,,,,,,,,12,Picked,DTR Van-D,,,,,,,,
IN001248,7880336,CT0010054042,SHA1005,2,366163,0366163,Dettol Soap Original 72*60G,OU,S,CA,12,0,3986,55.36,664.32,478.32,79.72,0,0,79.72,584.6,0,93.54,678.14,SOSHA1005000173,Invoice,Invoiced,18/03/2025,,,,,,,,,,,,,,12,Picked,DTR Van,,,,,,,,
IN001255,7880336,CT0010054644,SHA1005,1,366163,0366163,Dettol Soap Original 72*60G,OU,S,CA,12,0,3986,55.36,664.32,478.32,79.72,0,0,79.72,584.6,0,93.54,678.14,SOSHA1005000181,Invoice,Invoiced,18/03/2025,,,,,,,,,,,,,,12,Picked,DTR Van-D,,,,,,,,
IN001263,7880336,CT0010046197,SHA1006,2,366163,0366163,Dettol Soap Original 72*60G,OU,S,CA,12,0,3986,55.36,664.32,478.32,79.72,0,0,79.72,584.6,0,93.54,678.14,SOSHA1006000231,Invoice,Invoiced,18/03/2025,,,,,,,,,,,,,,12,Picked,DTR Van-D,,,,,,,,
IN001264,7880336,CT0010046225,SHA1006,2,366163,0366163,Dettol Soap Original 72*60G,OU,S,CA,12,0,3986,55.36,664.32,478.32,79.72,0,0,79.72,584.6,0,93.54,678.14,SOSHA1006000232,Invoice,Invoiced,18/03/2025,,,,,,,,,,,,,,12,Picked,DTR Van-D,,,,,,,,
IN001278,7880336,CT0010054040,SHA1007,1,366163,0366163,Dettol Soap Original 72*60G,OU,S,CA,12,0,3986,55.36,664.32,478.32,79.72,0,0,79.72,584.6,0,93.54,678.14,SOSHA1007000182,Invoice,Invoiced,18/03/2025,,,,,,,,,,,,,,12,Picked,DTR Van-A,,,,,,,,
IN001293,7880336,CT0010054065,SHA1001,1,366163,0366163,Dettol Soap Original 72*60G,OU,S,CA,12,0,3986,55.36,664.32,478.32,79.72,0,0,79.72,584.6,0,93.54,678.14,SOSHA1001000214,Invoice,Invoiced,20/03/2025,,,,,,,,,,,,,,12,Picked,DTR Van-D,,,,,,,,
IN001298,7880336,CT0010046828,SHA1001,1,366163,0366163,Dettol Soap Original 72*60G,OU,S,CA,12,0,3986,55.36,664.32,478.32,79.72,0,0,79.72,584.6,0,93.54,678.14,SOSHA1001000220,Invoice,Invoiced,20/03/2025,,,,,,,,,,,,,,12,Picked,DTR Van-D,,,,,,,,
IN001300,7880336,CT0010046730,SHA1001,6,366163,0366163,Dettol Soap Original 72*60G,OU,S,CA,12,0,3986,55.36,664.32,478.32,79.72,0,0,79.72,584.6,0,93.54,678.14,SOSHA1001000221,Invoice,Invoiced,20/03/2025,,,,,,,,,,,,,,12,Picked,DTR Van-D,,,,,,,,
IN001301,7880336,CT0010046600,SHA1001,7,366163,0366163,Dettol Soap Original 72*60G,OU,S,CA,12,0,3986,55.36,664.32,478.32,79.72,0,0,79.72,584.6,0,93.54,678.14,SOSHA1001000222,Invoice,Invoiced,20/03/2025,,,,,,,,,,,,,,12,Picked,DTR Van-D,,,,,,,,
IN001303,7880336,CT0010047411,SHA1002,1,366163,0366163,Dettol Soap Original 72*60G,OU,S,CA,12,0,3986,55.36,664.32,478.32,79.72,0,0,79.72,584.6,0,93.54,678.14,SOSHA1002000210,Invoice,Invoiced,20/03/2025,,,,,,,,,,,,,,12,Picked,DTR Van-D,,,,,,,,
IN001304,7880336,CT0010047395,SHA1002,2,366163,0366163,Dettol Soap Original 72*60G,OU,S,CA,12,0,3986,55.36,664.32,478.32,79.72,0,0,79.72,584.6,0,93.54,678.14,SOSHA1002000211,Invoice,Invoiced,20/03/2025,,,,,,,,,,,,,,12,Picked,DTR Van-D,,,,,,,,
IN001308,7880336,CT0010054670,SHA1002,2,366163,0366163,Dettol Soap Original 72*60G,OU,S,CA,12,0,3986,55.36,664.32,478.32,79.72,0,0,79.72,584.6,0,93.54,678.14,SOSHA1002000215,Invoice,Invoiced,20/03/2025,,,,,,,,,,,,,,12,Picked,DTR Van-D,,,,,,,,
IN001311,7880336,CT0010047456,SHA1002,3,366163,0366163,Dettol Soap Original 72*60G,OU,S,CA,12,0,3986,55.36,664.32,478.32,79.72,0,0,79.72,584.6,0,93.54,678.14,SOSHA1002000218,Invoice,Invoiced,20/03/2025,,,,,,,,,,,,,,12,Picked,DTR Van-D,,,,,,,,
IN000138,7880336,CT0010041564,SHA1003,5,366195,0366195,Dettol Soap Herbal 72*90Gm,OU,S,CA,6,0,9028,125.39,752.34,812.52,67.71,0,0,67.71,684.63,0,0,684.63,SOSHA1003000024,Invoice,Invoiced,04/03/2025,,,,,,,,,,,,,,6,Unpick,DTR Van-D,,,,,,,,
IN000451,7880336,CT0010054140,SHA1005,3,384683,0384683,Jik Colours 250Ml *18,OU,S,CA,3,0,3740.76,207.82,623.46,0,0,0,0,0,623.46,0,99.75,723.21,SOSHA1005000047,Invoice,Invoiced,06/03/2025,,,,,,,,,,,,,,3,Picked,DTR Van-D,,,,,,,,
IN000521,7880336,CT0010042880,SHA1002,3,384683,0384683,Jik Colours 250Ml *18,OU,S,CA,3,0,3740.76,207.82,623.46,0,0,0,0,0,623.46,0,99.75,723.21,SOSHA1002000107,Invoice,Invoiced,08/03/2025,,,,,,,,,,,,,,3,Picked,DTR Van-D,,,,,,,,
IN000642,7880336,CT0010041954,SHA1003,2,384683,0384683,Jik Colours 250Ml *18,OU,S,CA,3,0,3740.76,207.82,623.46,0,0,0,0,0,623.46,0,99.75,723.21,SOSHA1003000114,Invoice,Invoiced,10/03/2025,,,,,,,,,,,,,,3,Picked,DTR Van-D,,,,,,,,
IN000878,7880336,CT0010054376,SHA1003,2,384683,0384683,Jik Colours 250Ml *18,OU,S,CA,3,0,3740.76,207.82,623.46,0,0,0,0,0,623.46,0,99.75,723.21,SOSHA1003000145,Invoice,Invoiced,12/03/2025,,,,,,,,,,,,,,3,Picked,DTR Van-D,,,,,,,,
IN000881,7880336,CT0010042658,SHA1004,1,384683,0384683,Jik Colours 250Ml *18,OU,S,CA,3,0,3740.76,207.82,623.46,0,0,0,0,0,623.46,0,99.75,723.21,SOSHA1004000124,Invoice,Invoiced,12/03/2025,,,,,,,,,,,,,,3,Picked,DTR Van-D,,,,,,,,
IN000967,7880336,CT0010054413,SHA1007,2,384683,0384683,Jik Colours 250Ml *18,OU,S,CA,3,0,3740.76,207.82,623.46,0,0,0,0,0,623.46,0,99.75,723.21,SOSHA1007000152,Invoice,Invoiced,13/03/2025,,,,,,,,,,,,,,3,Picked,DTR Van-D,,,,,,,,
IN000160,7880336,CT0010043034,SHA1001,4,3249064,3249064,DETTOL SOAP HERBAL 125G,OU,S,CA,4,0,11285.27,156.74,626.96,0,0,0,0,0,626.96,0,100.31,727.27,SOSHA1001000012,Invoice,Invoiced,04/03/2025,,,,,,,,,,,,,,4,Picked,DTR Van-D,,,,,,,,
IN000981,7880336,CT0010047772,SHA1001,4,3249063,3249063,DETTOL SOAP SKINCARE 125G,OU,S,CA,4,0,11285.27,156.74,626.96,0,0,0,0,0,626.96,0,100.31,727.27,SOSHA1001000164,Invoice,Invoiced,14/03/2025,,,,,,,,,,,,,,4,Picked,DTR Van-D,,,,,,,,
IN001301,7880336,CT0010046600,SHA1001,12,3249064,3249064,DETTOL SOAP HERBAL 125G,OU,S,CA,4,0,11285.27,156.74,626.96,0,0,0,0,0,626.96,0,100.31,727.27,SOSHA1001000222,Invoice,Invoiced,20/03/2025,,,,,,,,,,,,,,4,Picked,DTR Van-D,,,,,,,,
IN001301,7880336,CT0010046600,SHA1001,13,3249065,3249065,DETTOL SOAP COOL 125G,OU,S,CA,4,0,11285.27,156.74,626.96,0,0,0,0,0,626.96,0,100.31,727.27,SOSHA1001000222,Invoice,Invoiced,20/03/2025,,,,,,,,,,,,,,4,Picked,DTR Van-D,,,,,,,,
IN001501,7880336,CT0010054722,SHA1007,7,3249064,3249064,DETTOL SOAP HERBAL 125G,OU,S,CA,4,0,11285.27,156.74,626.96,0,0,0,0,0,626.96,0,100.31,727.27,SOSHA1007000223,Invoice,Invoiced,21/03/2025,,,,,,,,,,,,,,4,Picked,DTR Van-D,,,,,,,,
IN001097,7880336,CT0010045135,SHA1002,1,3049805,3049805,DETTOL LIQUID 72*125ML,OU,S,CA,2,0,22571,313.49,626.98,0,0,0,0,0,626.98,0,100.32,727.3,SOSHA1002000170,Invoice,Invoiced,17/03/2025,,,,,,,,,,,,,,2,Picked,DTR Van-D,,,,,,,,
IN000509,7880336,CT0010042870,SHA1001,3,3325468,3325468,DETTOL SOAP 90G ORIGINAL - 5+1,EA,S,CA,1,0,7524.51,627.04,627.04,0,0,0,0,0,627.04,0,100.33,727.37,SOSHA1001000087,Invoice,Invoiced,08/03/2025,,,,,,,,,,,,,,1,Picked,DTR Van-D,,,,,,,,
IN000510,7880336,CT0010045010,SHA1001,5,3325468,3325468,DETTOL SOAP 90G ORIGINAL - 5+1,EA,S,CA,1,0,7524.51,627.04,627.04,0,0,0,0,0,627.04,0,100.33,727.37,SOSHA1001000088,Invoice,Invoiced,08/03/2025,,,,,,,,,,,,,,1,Picked,DTR Van-D,,,,,,,,
IN000652,7880336,CT0010045535,SHA1004,2,3325468,3325468,DETTOL SOAP 90G ORIGINAL - 5+1,EA,S,CA,1,0,7524.51,627.04,627.04,0,0,0,0,0,627.04,0,100.33,727.37,SOSHA1004000097,Invoice,Invoiced,10/03/2025,,,,,,,,,,,,,,1,Picked,DTR Van-D,,,,,,,,
IN000656,7880336,CT0010054248,SHA1004,2,3325468,3325468,DETTOL SOAP 90G ORIGINAL - 5+1,EA,S,CA,1,0,7524.51,627.04,627.04,0,0,0,0,0,627.04,0,100.33,727.37,SOSHA1004000101,Invoice,Invoiced,10/03/2025,,,,,,,,,,,,,,1,Picked,DTR Van-A,,,,,,,,
IN000135,7880336,CT0010045474,SHA1002,9,299714,0299714,Harpic Power Plus 200Ml *36,OU,S,CA,6,0,4655,129.31,775.86,279.3,46.55,0,0,46.55,729.31,0,0,729.31,SOSHA1002000026,Invoice,Invoiced,04/03/2025,,,,,,,,,,,,,,6,Unpick,DTR Van-D,,,,,,,,
IN000137,7880336,CT0010041567,SHA1003,1,299714,0299714,Harpic Power Plus 200Ml *36,OU,S,CA,6,0,4655,129.31,775.86,279.3,46.55,0,0,46.55,729.31,0,0,729.31,SOSHA1003000012,Invoice,Invoiced,04/03/2025,,,,,,,,,,,,,,6,Unpick,DTR Van-D,,,,,,,,
IN000139,7880336,CT0010041859,SHA1003,3,299714,0299714,Harpic Power Plus 200Ml *36,OU,S,CA,6,0,4655,129.31,775.86,279.3,46.55,0,0,46.55,729.31,0,0,729.31,SOSHA1003000025,Invoice,Invoiced,04/03/2025,,,,,,,,,,,,,,6,Unpick,DTR Van-D,,,,,,,,
IN000201,7880336,CT0010043772,SHA1003,4,299714,0299714,Harpic Power Plus 200Ml *36,OU,S,CA,6,0,4655,129.31,775.86,279.3,46.55,0,0,46.55,729.31,0,0,729.31,SOSHA1003000049,Invoice,Invoiced,05/03/2025,,,,,,,,,,,,,,6,Unpick,DTR Van-D,,,,,,,,
IN000195,7880336,CT0010041885,SHA1003,1,384658,0384658,Jik Bleach Regular 250Ml *18,OU,S,CA,6,0,2355.3,130.85,785.1,141.33,47.11,0,0,47.11,737.99,0,0,737.99,SOSHA1003000047,Invoice,Invoiced,05/03/2025,,,,,,,,,,,,,,6,Unpick,DTR Van-D,,,,,,,,
IN001015,7880336,CT0010054496,SHA1004,1,384658,0384658,Jik Bleach Regular 250Ml *18,OU,S,CA,6,0,2355.3,130.85,785.1,141.33,47.11,0,0,47.11,737.99,0,0,737.99,SOSHA1004000164,Invoice,Invoiced,14/03/2025,,,,,,,,,,,,,,6,Picked,DTR Van-D,,,,,,,,
IN000199,7880336,CT0010041796,SHA1006,1,328895,0328895,STREPSILS HONEY&LEMON 50*2(NEW STOCK *24 UNIT,OU,S,EA,25,0,33.83,33.83,845.75,3.8972,97.43,0,0,97.43,748.32,0,0,748.32,SOSHA1006000013,Invoice,Invoiced,05/03/2025,,,,,,,,,,,,,,25,Unpick,DTR Van-D,,,,,,,,
IN000414,7880336,CT0010054132,SHA1002,1,366159,0366159,Dettol Soap Original 72*90Gm,OU,S,CA,6,0,9028,125.39,752.34,0,0,0,0,0,752.34,0,0,752.34,SOSHA1002000091,Invoice,Invoiced,06/03/2025,,,,,,,,,,,,,,6,Picked,DTR Van-A,,,,,,,,
IN000456,7880336,CT0010054160,SHA1005,1,366159,0366159,Dettol Soap Original 72*90Gm,OU,S,CA,6,0,9028,125.39,752.34,0,0,0,0,0,752.34,0,0,752.34,SOSHA1005000054,Invoice,Invoiced,06/03/2025,,,,,,,,,,,,,,6,Picked,DTR Van-D,,,,,,,,
IN001015,7880336,CT0010054496,SHA1004,2,366159,0366159,Dettol Soap Original 72*90Gm,OU,S,CA,6,0,9028,125.39,752.34,0,0,0,0,0,752.34,0,0,752.34,SOSHA1004000164,Invoice,Invoiced,14/03/2025,,,,,,,,,,,,,,6,Picked,DTR Van-D,,,,,,,,
IN001044,7880336,CT0010054471,SHA1005,7,366195,0366195,Dettol Soap Herbal 72*90Gm,OU,S,CA,6,0,9028,125.39,752.34,0,0,0,0,0,752.34,0,0,752.34,SOSHA1005000136,Invoice,Invoiced,14/03/2025,,,,,,,,,,,,,,6,Picked,DTR Van-D,,,,,,,,
IN000255,7880336,CT0010043429,SHA1005,1,3049801,3049801,DETTOL LIQUID 96*50ML,OU,S,CA,7,0,9028.21,94.04,658.28,0,0,0,0,0,658.28,0,105.32,763.6,SOSHA1005000029,Invoice,Invoiced,05/03/2025,,,,,,,,,,,,,,7,Picked,DTR Van-D,,,,,,,,
IN001306,7880336,CT0010047396,SHA1002,2,3178721,3178721,JIK REGULAR 750ML + COLORS 750ML,OU,S,CA,1,0,5948,660.89,660.89,0,0,0,0,0,660.89,0,105.74,766.63,SOSHA1002000212,Invoice,Invoiced,20/03/2025,,,,,,,,,,,,,,1,Picked,DTR Van-D,,,,,,,,
IN000409,7880336,CT0010047048,SHA1002,3,384660,0384660,Jik Bleach Regular 750Ml *18,OU,S,CA,2,0,5957.51,330.97,661.94,0,0,0,0,0,661.94,0,105.91,767.85,SOSHA1002000095,Invoice,Invoiced,06/03/2025,,,,,,,,,,,,,,2,Picked,DTR Van-D,,,,,,,,
IN000336,7880336,CT0010044926,SHA1004,2,3277707,3277707,JIK REGULAR 750ML + 250ML,OU,S,CA,2,0,3972,331,662,0,0,0,0,0,662,0,105.92,767.92,SOSHA1004000043,Invoice,Invoiced,06/03/2025,,,,,,,,,,,,,,2,Picked,DTR Van-D,,,,,,,,
IN000908,7880336,CT0010047872,SHA1001,2,3277708,3277708,JIK REGULAR 750ML (2+1),OU,S,CA,1,0,3972,662,662,0,0,0,0,0,662,0,105.92,767.92,SOSHA1001000155,Invoice,Invoiced,13/03/2025,,,,,,,,,,,,,,1,Picked,DTR Van-D,,,,,,,,
IN000149,7880336,CT0010043048,SHA1001,1,366163,0366163,Dettol Soap Original 72*60G,OU,S,CA,12,0,3986,55.36,664.32,0,0,0,0,0,664.32,0,106.29,770.61,SOSHA1001000013,Invoice,Invoiced,04/03/2025,,,,,,,,,,,,,,12,Picked,DTR Van-D,,,,,,,,
IN000151,7880336,CT0010054009,SHA1001,8,366183,0366183,Dettol Soap Cool 72*60G,OU,S,CA,12,0,3986,55.36,664.32,0,0,0,0,0,664.32,0,106.29,770.61,SOSHA1001000016,Invoice,Invoiced,04/03/2025,,,,,,,,,,,,,,12,Picked,DTR Van-D,,,,,,,,
IN000151,7880336,CT0010054009,SHA1001,10,366194,0366194,Dettol Soap Herbal 72*60G,OU,S,CA,12,0,3986,55.36,664.32,0,0,0,0,0,664.32,0,106.29,770.61,SOSHA1001000016,Invoice,Invoiced,04/03/2025,,,,,,,,,,,,,,12,Picked,DTR Van-D,,,,,,,,
IN000162,7880336,CT0010045104,SHA1002,1,366163,0366163,Dettol Soap Original 72*60G,OU,S,CA,12,0,3986,55.36,664.32,0,0,0,0,0,664.32,0,106.29,770.61,SOSHA1002000033,Invoice,Invoiced,04/03/2025,,,,,,,,,,,,,,12,Picked,DTR Van-D,,,,,,,,
IN000174,7880336,CT0010045388,SHA1004,8,366163,0366163,Dettol Soap Original 72*60G,OU,S,CA,12,0,3986,55.36,664.32,0,0,0,0,0,664.32,0,106.29,770.61,SOSHA1004000011,Invoice,Invoiced,04/03/2025,,,,,,,,,,,,,,12,Picked,DTR Van-D,,,,,,,,
IN000174,7880336,CT0010045388,SHA1004,9,366194,0366194,Dettol Soap Herbal 72*60G,OU,S,CA,12,0,3986,55.36,664.32,0,0,0,0,0,664.32,0,106.29,770.61,SOSHA1004000011,Invoice,Invoiced,04/03/2025,,,,,,,,,,,,,,12,Picked,DTR Van-D,,,,,,,,
IN000175,7880336,CT0010045377,SHA1004,1,366163,0366163,Dettol Soap Original 72*60G,OU,S,CA,12,0,3986,55.36,664.32,0,0,0,0,0,664.32,0,106.29,770.61,SOSHA1004000012,Invoice,Invoiced,04/03/2025,,,,,,,,,,,,,,12,Picked,DTR Van-D,,,,,,,,
IN000186,7880336,CT0010043530,SHA1007,3,366163,0366163,Dettol Soap Original 72*60G,OU,S,CA,12,0,3986,55.36,664.32,0,0,0,0,0,664.32,0,106.29,770.61,SOSHA1007000027,Invoice,Invoiced,04/03/2025,,,,,,,,,,,,,,12,Picked,DTR Van-D,,,,,,,,
IN000216,7880336,CT0010043370,SHA1001,1,366163,0366163,Dettol Soap Original 72*60G,OU,S,CA,12,0,3986,55.36,664.32,0,0,0,0,0,664.32,0,106.29,770.61,SOSHA1001000029,Invoice,Invoiced,05/03/2025,,,,,,,,,,,,,,12,Picked,DTR Van-D,,,,,,,,
IN000229,7880336,CT0010045035,SHA1002,2,366163,0366163,Dettol Soap Original 72*60G,OU,S,CA,12,0,3986,55.36,664.32,0,0,0,0,0,664.32,0,106.29,770.61,SOSHA1002000053,Invoice,Invoiced,05/03/2025,,,,,,,,,,,,,,12,Picked,DTR Van-D,,,,,,,,
IN000244,7880336,CT0010044665,SHA1004,4,366163,0366163,Dettol Soap Original 72*60G,OU,S,CA,12,0,3986,55.36,664.32,0,0,0,0,0,664.32,0,106.29,770.61,SOSHA1004000035,Invoice,Invoiced,05/03/2025,,,,,,,,,,,,,,12,Picked,DTR Van-D,,,,,,,,
IN000247,7880336,CT0010044654,SHA1004,2,366163,0366163,Dettol Soap Original 72*60G,OU,S,CA,12,0,3986,55.36,664.32,0,0,0,0,0,664.32,0,106.29,770.61,SOSHA1004000024,Invoice,Invoiced,05/03/2025,,,,,,,,,,,,,,12,Picked,DTR Van-D,,,,,,,,
IN000265,7880336,CT0010046203,SHA1006,1,366163,0366163,Dettol Soap Original 72*60G,OU,S,CA,12,0,3986,55.36,664.32,0,0,0,0,0,664.32,0,106.29,770.61,SOSHA1006000069,Invoice,Invoiced,05/03/2025,,,,,,,,,,,,,,12,Picked,DTR Van-D,,,,,,,,
IN000268,7880336,CT0010054037,SHA1006,1,366163,0366163,Dettol Soap Original 72*60G,OU,S,CA,12,0,3986,55.36,664.32,0,0,0,0,0,664.32,0,106.29,770.61,SOSHA1006000076,Invoice,Invoiced,05/03/2025,,,,,,,,,,,,,,12,Picked,DTR Van-A,,,,,,,,
IN000270,7880336,CT0010045407,SHA1007,3,366163,0366163,Dettol Soap Original 72*60G,OU,S,CA,12,0,3986,55.36,664.32,0,0,0,0,0,664.32,0,106.29,770.61,SOSHA1007000039,Invoice,Invoiced,05/03/2025,,,,,,,,,,,,,,12,Picked,DTR Van-D,,,,,,,,
IN000272,7880336,CT0010054040,SHA1007,1,366163,0366163,Dettol Soap Original 72*60G,OU,S,CA,12,0,3986,55.36,664.32,0,0,0,0,0,664.32,0,106.29,770.61,SOSHA1007000041,Invoice,Invoiced,05/03/2025,,,,,,,,,,,,,,12,Picked,DTR Van-A,,,,,,,,
IN000287,7880336,CT0010054097,SHA1001,2,366163,0366163,Dettol Soap Original 72*60G,OU,S,CA,12,0,3986,55.36,664.32,0,0,0,0,0,664.32,0,106.29,770.61,SOSHA1001000055,Invoice,Invoiced,06/03/2025,,,,,,,,,,,,,,12,Picked,DTR Van-D,,,,,,,,
IN000289,7880336,CT0010047437,SHA1002,1,366163,0366163,Dettol Soap Original 72*60G,OU,S,CA,12,0,3986,55.36,664.32,0,0,0,0,0,664.32,0,106.29,770.61,SOSHA1002000062,Invoice,Invoiced,06/03/2025,,,,,,,,,,,,,,12,Picked,DTR Van-D,,,,,,,,
IN000290,7880336,CT0010047476,SHA1002,1,366163,0366163,Dettol Soap Original 72*60G,OU,S,CA,12,0,3986,55.36,664.32,0,0,0,0,0,664.32,0,106.29,770.61,SOSHA1002000063,Invoice,Invoiced,06/03/2025,,,,,,,,,,,,,,12,Picked,DTR Van-D,,,,,,,,
IN000293,7880336,CT0010047447,SHA1002,1,366163,0366163,Dettol Soap Original 72*60G,OU,S,CA,12,0,3986,55.36,664.32,0,0,0,0,0,664.32,0,106.29,770.61,SOSHA1002000065,Invoice,Invoiced,06/03/2025,,,,,,,,,,,,,,12,Picked,DTR Van-D,,,,,,,,
IN000294,7880336,CT0010047433,SHA1002,1,366163,0366163,Dettol Soap Original 72*60G,OU,S,CA,12,0,3986,55.36,664.32,0,0,0,0,0,664.32,0,106.29,770.61,SOSHA1002000066,Invoice,Invoiced,06/03/2025,,,,,,,,,,,,,,12,Picked,DTR Van-D,,,,,,,,
IN000295,7880336,CT0010045162,SHA1002,2,366163,0366163,Dettol Soap Original 72*60G,OU,S,CA,12,0,3986,55.36,664.32,0,0,0,0,0,664.32,0,106.29,770.61,SOSHA1002000067,Invoice,Invoiced,06/03/2025,,,,,,,,,,,,,,12,Picked,DTR Van-D,,,,,,,,
IN000297,7880336,CT0010047449,SHA1002,1,366163,0366163,Dettol Soap Original 72*60G,OU,S,CA,12,0,3986,55.36,664.32,0,0,0,0,0,664.32,0,106.29,770.61,SOSHA1002000069,Invoice,Invoiced,06/03/2025,,,,,,,,,,,,,,12,Picked,DTR Van-D,,,,,,,,
IN000301,7880336,CT0010047444,SHA1002,2,366163,0366163,Dettol Soap Original 72*60G,OU,S,CA,12,0,3986,55.36,664.32,0,0,0,0,0,664.32,0,106.29,770.61,SOSHA1002000073,Invoice,Invoiced,06/03/2025,,,,,,,,,,,,,,12,Picked,DTR Van-D,,,,,,,,
IN000302,7880336,CT0010047455,SHA1002,2,366163,0366163,Dettol Soap Original 72*60G,OU,S,CA,12,0,3986,55.36,664.32,0,0,0,0,0,664.32,0,106.29,770.61,SOSHA1002000074,Invoice,Invoiced,06/03/2025,,,,,,,,,,,,,,12,Picked,DTR Van-D,,,,,,,,
IN000303,7880336,CT0010047408,SHA1002,2,366163,0366163,Dettol Soap Original 72*60G,OU,S,CA,12,0,3986,55.36,664.32,0,0,0,0,0,664.32,0,106.29,770.61,SOSHA1002000075,Invoice,Invoiced,06/03/2025,,,,,,,,,,,,,,12,Picked,DTR Van-D,,,,,,,,
IN000304,7880336,CT0010047445,SHA1002,3,366163,0366163,Dettol Soap Original 72*60G,OU,S,CA,12,0,3986,55.36,664.32,0,0,0,0,0,664.32,0,106.29,770.61,SOSHA1002000076,Invoice,Invoiced,06/03/2025,,,,,,,,,,,,,,12,Picked,DTR Van-D,,,,,,,,
IN000306,7880336,CT0010047393,SHA1002,2,366163,0366163,Dettol Soap Original 72*60G,OU,S,CA,12,0,3986,55.36,664.32,0,0,0,0,0,664.32,0,106.29,770.61,SOSHA1002000078,Invoice,Invoiced,06/03/2025,,,,,,,,,,,,,,12,Picked,DTR Van-D,,,,,,,,
IN000308,7880336,CT0010047412,SHA1002,1,366163,0366163,Dettol Soap Original 72*60G,OU,S,CA,12,0,3986,55.36,664.32,0,0,0,0,0,664.32,0,106.29,770.61,SOSHA1002000080,Invoice,Invoiced,06/03/2025,,,,,,,,,,,,,,12,Picked,DTR Van-D,,,,,,,,
IN000309,7880336,CT0010047458,SHA1002,2,366163,0366163,Dettol Soap Original 72*60G,OU,S,CA,12,0,3986,55.36,664.32,0,0,0,0,0,664.32,0,106.29,770.61,SOSHA1002000081,Invoice,Invoiced,06/03/2025,,,,,,,,,,,,,,12,Picked,DTR Van-D,,,,,,,,
IN000310,7880336,CT0010047421,SHA1002,1,366163,0366163,Dettol Soap Original 72*60G,OU,S,CA,12,0,3986,55.36,664.32,0,0,0,0,0,664.32,0,106.29,770.61,SOSHA1002000082,Invoice,Invoiced,06/03/2025,,,,,,,,,,,,,,12,Picked,DTR Van-D,,,,,,,,
IN000334,7880336,CT0010044949,SHA1004,2,366163,0366163,Dettol Soap Original 72*60G,OU,S,CA,12,0,3986,55.36,664.32,0,0,0,0,0,664.32,0,106.29,770.61,SOSHA1004000041,Invoice,Invoiced,06/03/2025,,,,,,,,,,,,,,12,Picked,DTR Van-D,,,,,,,,
IN000335,7880336,CT0010044957,SHA1004,2,366163,0366163,Dettol Soap Original 72*60G,OU,S,CA,12,0,3986,55.36,664.32,0,0,0,0,0,664.32,0,106.29,770.61,SOSHA1004000042,Invoice,Invoiced,06/03/2025,,,,,,,,,,,,,,12,Picked,DTR Van-D,,,,,,,,
IN000349,7880336,CT0010054058,SHA1006,2,366163,0366163,Dettol Soap Original 72*60G,OU,S,CA,12,0,3986,55.36,664.32,0,0,0,0,0,664.32,0,106.29,770.61,SOSHA1006000079,Invoice,Invoiced,06/03/2025,,,,,,,,,,,,,,12,Picked,DTR Van-A,,,,,,,,
IN000349,7880336,CT0010054058,SHA1006,3,366194,0366194,Dettol Soap Herbal 72*60G,OU,S,CA,12,0,3986,55.36,664.32,0,0,0,0,0,664.32,0,106.29,770.61,SOSHA1006000079,Invoice,Invoiced,06/03/2025,,,,,,,,,,,,,,12,Picked,DTR Van-A,,,,,,,,
IN000351,7880336,CT0010054084,SHA1006,4,366163,0366163,Dettol Soap Original 72*60G,OU,S,CA,12,0,3986,55.36,664.32,0,0,0,0,0,664.32,0,106.29,770.61,SOSHA1006000082,Invoice,Invoiced,06/03/2025,,,,,,,,,,,,,,12,Picked,DTR Van-A,,,,,,,,
IN000352,7880336,CT0010054079,SHA1006,7,366163,0366163,Dettol Soap Original 72*60G,OU,S,CA,12,0,3986,55.36,664.32,0,0,0,0,0,664.32,0,106.29,770.61,SOSHA1006000080,Invoice,Invoiced,06/03/2025,,,,,,,,,,,,,,12,Picked,DTR Van-A,,,,,,,,
IN000357,7880336,CT0010054086,SHA1006,3,366163,0366163,Dettol Soap Original 72*60G,OU,S,CA,12,0,3986,55.36,664.32,0,0,0,0,0,664.32,0,106.29,770.61,SOSHA1006000087,Invoice,Invoiced,06/03/2025,,,,,,,,,,,,,,12,Picked,DTR Van-A,,,,,,,,
IN000358,7880336,CT0010043525,SHA1006,1,366163,0366163,Dettol Soap Original 72*60G,OU,S,CA,12,0,3986,55.36,664.32,0,0,0,0,0,664.32,0,106.29,770.61,SOSHA1006000088,Invoice,Invoiced,06/03/2025,,,,,,,,,,,,,,12,Picked,DTR Van-D,,,,,,,,
IN000363,7880336,CT0010054094,SHA1006,1,366163,0366163,Dettol Soap Original 72*60G,OU,S,CA,12,0,3986,55.36,664.32,0,0,0,0,0,664.32,0,106.29,770.61,SOSHA1006000093,Invoice,Invoiced,06/03/2025,,,,,,,,,,,,,,12,Picked,DTR Van-A,,,,,,,,
IN000373,7880336,CT0010046991,SHA1007,2,366163,0366163,Dettol Soap Original 72*60G,OU,S,CA,12,0,3986,55.36,664.32,0,0,0,0,0,664.32,0,106.29,770.61,SOSHA1007000046,Invoice,Invoiced,06/03/2025,,,,,,,,,,,,,,12,Picked,DTR Van-D,,,,,,,,
IN000376,7880336,CT0010046987,SHA1007,1,366163,0366163,Dettol Soap Original 72*60G,OU,S,CA,12,0,3986,55.36,664.32,0,0,0,0,0,664.32,0,106.29,770.61,SOSHA1007000049,Invoice,Invoiced,06/03/2025,,,,,,,,,,,,,,12,Picked,DTR Van-D,,,,,,,,
IN000385,7880336,CT0010054128,SHA1001,3,366163,0366163,Dettol Soap Original 72*60G,OU,S,CA,12,0,3986,55.36,664.32,0,0,0,0,0,664.32,0,106.29,770.61,SOSHA1001000057,Invoice,Invoiced,06/03/2025,,,,,,,,,,,,,,12,Picked,DTR Van-D,,,,,,,,
IN000433,7880336,CT0010054158,SHA1004,2,366163,0366163,Dettol Soap Original 72*60G,OU,S,CA,12,0,3986,55.36,664.32,0,0,0,0,0,664.32,0,106.29,770.61,SOSHA1004000070,Invoice,Invoiced,06/03/2025,,,,,,,,,,,,,,12,Picked,DTR Van-A,,,,,,,,
IN000455,7880336,CT0010054139,SHA1005,4,366163,0366163,Dettol Soap Original 72*60G,OU,S,CA,12,0,3986,55.36,664.32,0,0,0,0,0,664.32,0,106.29,770.61,SOSHA1005000053,Invoice,Invoiced,06/03/2025,,,,,,,,,,,,,,12,Picked,DTR Van-D,,,,,,,,
IN000463,7880336,CT0010054120,SHA1006,3,366163,0366163,Dettol Soap Original 72*60G,OU,S,CA,12,0,3986,55.36,664.32,0,0,0,0,0,664.32,0,106.29,770.61,SOSHA1006000102,Invoice,Invoiced,06/03/2025,,,,,,,,,,,,,,12,Picked,DTR Van-A,,,,,,,,
IN000467,7880336,CT0010054121,SHA1006,4,366163,0366163,Dettol Soap Original 72*60G,OU,S,CA,12,0,3986,55.36,664.32,0,0,0,0,0,664.32,0,106.29,770.61,SOSHA1006000106,Invoice,Invoiced,06/03/2025,,,,,,,,,,,,,,12,Picked,DTR Van-A,,,,,,,,
IN000470,7880336,CT0010054122,SHA1006,1,366163,0366163,Dettol Soap Original 72*60G,OU,S,CA,12,0,3986,55.36,664.32,0,0,0,0,0,664.32,0,106.29,770.61,SOSHA1006000108,Invoice,Invoiced,06/03/2025,,,,,,,,,,,,,,12,Picked,DTR Van-A,,,,,,,,
IN000471,7880336,CT0010054151,SHA1006,1,366163,0366163,Dettol Soap Original 72*60G,OU,S,CA,12,0,3986,55.36,664.32,0,0,0,0,0,664.32,0,106.29,770.61,SOSHA1006000109,Invoice,Invoiced,06/03/2025,,,,,,,,,,,,,,12,Picked,DTR Van-A,,,,,,,,
IN000472,7880336,CT0010054162,SHA1006,2,366163,0366163,Dettol Soap Original 72*60G,OU,S,CA,12,0,3986,55.36,664.32,0,0,0,0,0,664.32,0,106.29,770.61,SOSHA1006000112,Invoice,Invoiced,06/03/2025,,,,,,,,,,,,,,12,Picked,DTR Van-A,,,,,,,,
IN000480,7880336,CT0010054111,SHA1007,2,366163,0366163,Dettol Soap Original 72*60G,OU,S,CA,12,0,3986,55.36,664.32,0,0,0,0,0,664.32,0,106.29,770.61,SOSHA1007000063,Invoice,Invoiced,06/03/2025,,,,,,,,,,,,,,12,Picked,DTR Van-D,,,,,,,,
IN000489,7880336,CT0010054125,SHA1007,3,366163,0366163,Dettol Soap Original 72*60G,OU,S,CA,12,0,3986,55.36,664.32,0,0,0,0,0,664.32,0,106.29,770.61,SOSHA1007000072,Invoice,Invoiced,06/03/2025,,,,,,,,,,,,,,12,Picked,DTR Van-D,,,,,,,,
IN000490,7880336,CT0010054146,SHA1007,1,366163,0366163,Dettol Soap Original 72*60G,OU,S,CA,12,0,3986,55.36,664.32,0,0,0,0,0,664.32,0,106.29,770.61,SOSHA1007000073,Invoice,Invoiced,06/03/2025,,,,,,,,,,,,,,12,Picked,DTR Van-D,,,,,,,,
IN000499,7880336,CT0010053994,SHA1004,2,366163,0366163,Dettol Soap Original 72*60G,OU,S,CA,12,0,3986,55.36,664.32,0,0,0,0,0,664.32,0,106.29,770.61,SOSHA1004000016,Invoice,Invoiced,07/03/2025,,,,,,,,,,,,,,12,Picked,DTR Van-C,,,,,,,,
IN000500,7880336,CT0010054012,SHA1004,1,366183,0366183,Dettol Soap Cool 72*60G,OU,S,CA,12,0,3986,55.36,664.32,0,0,0,0,0,664.32,0,106.29,770.61,SOSHA1004000017,Invoice,Invoiced,07/03/2025,,,,,,,,,,,,,,12,Picked,DTR Van-D,,,,,,,,
IN000547,7880336,CT0010054188,SHA1004,1,366163,0366163,Dettol Soap Original 72*60G,OU,S,CA,12,0,3986,55.36,664.32,0,0,0,0,0,664.32,0,106.29,770.61,SOSHA1004000083,Invoice,Invoiced,08/03/2025,,,,,,,,,,,,,,12,Picked,DTR Van-A,,,,,,,,
IN000556,7880336,CT0010054194,SHA1005,3,366163,0366163,Dettol Soap Original 72*60G,OU,S,CA,12,0,3986,55.36,664.32,0,0,0,0,0,664.32,0,106.29,770.61,SOSHA1005000063,Invoice,Invoiced,08/03/2025,,,,,,,,,,,,,,12,Picked,DTR Van-D,,,,,,,,
IN000559,7880336,CT0010054212,SHA1005,1,366163,0366163,Dettol Soap Original 72*60G,OU,S,CA,12,0,3986,55.36,664.32,0,0,0,0,0,664.32,0,106.29,770.61,SOSHA1005000066,Invoice,Invoiced,08/03/2025,,,,,,,,,,,,,,12,Picked,DTR Van-D,,,,,,,,
IN000560,7880336,CT0010054216,SHA1005,1,366163,0366163,Dettol Soap Original 72*60G,OU,S,CA,12,0,3986,55.36,664.32,0,0,0,0,0,664.32,0,106.29,770.61,SOSHA1005000067,Invoice,Invoiced,08/03/2025,,,,,,,,,,,,,,12,Picked,DTR Van-D,,,,,,,,
IN000561,7880336,CT0010054217,SHA1005,1,366163,0366163,Dettol Soap Original 72*60G,OU,S,CA,12,0,3986,55.36,664.32,0,0,0,0,0,664.32,0,106.29,770.61,SOSHA1005000068,Invoice,Invoiced,08/03/2025,,,,,,,,,,,,,,12,Picked,DTR Van-D,,,,,,,,
IN000566,7880336,CT0010054176,SHA1006,2,366163,0366163,Dettol Soap Original 72*60G,OU,S,CA,12,0,3986,55.36,664.32,0,0,0,0,0,664.32,0,106.29,770.61,SOSHA1006000116,Invoice,Invoiced,08/03/2025,,,,,,,,,,,,,,12,Picked,DTR Van-D,,,,,,,,
IN000569,7880336,CT0010054197,SHA1006,1,366183,0366183,Dettol Soap Cool 72*60G,OU,S,CA,12,0,3986,55.36,664.32,0,0,0,0,0,664.32,0,106.29,770.61,SOSHA1006000120,Invoice,Invoiced,08/03/2025,,,,,,,,,,,,,,12,Picked,DTR Van-A,,,,,,,,
IN000575,7880336,CT0010044244,SHA1006,2,366194,0366194,Dettol Soap Herbal 72*60G,OU,S,CA,12,0,3986,55.36,664.32,0,0,0,0,0,664.32,0,106.29,770.61,SOSHA1006000118,Invoice,Invoiced,08/03/2025,,,,,,,,,,,,,,12,Picked,DTR Van-D,,,,,,,,
IN000578,7880336,CT0010051751,SHA1006,2,366194,0366194,Dettol Soap Herbal 72*60G,OU,S,CA,12,0,3986,55.36,664.32,0,0,0,0,0,664.32,0,106.29,770.61,SOSHA1006000127,Invoice,Invoiced,08/03/2025,,,,,,,,,,,,,,12,Picked,DTR Van-D,,,,,,,,
IN000585,7880336,CT0010054180,SHA1007,4,366163,0366163,Dettol Soap Original 72*60G,OU,S,CA,12,0,3986,55.36,664.32,0,0,0,0,0,664.32,0,106.29,770.61,SOSHA1007000088,Invoice,Invoiced,08/03/2025,,,,,,,,,,,,,,12,Picked,DTR Van-D,,,,,,,,
IN000588,7880336,CT0010054191,SHA1007,1,366163,0366163,Dettol Soap Original 72*60G,OU,S,CA,12,0,3986,55.36,664.32,0,0,0,0,0,664.32,0,106.29,770.61,SOSHA1007000091,Invoice,Invoiced,08/03/2025,,,,,,,,,,,,,,12,Picked,DTR Van-D,,,,,,,,
IN000590,7880336,CT0010054193,SHA1007,1,366163,0366163,Dettol Soap Original 72*60G,OU,S,CA,12,0,3986,55.36,664.32,0,0,0,0,0,664.32,0,106.29,770.61,SOSHA1007000094,Invoice,Invoiced,08/03/2025,,,,,,,,,,,,,,12,Picked,DTR Van-D,,,,,,,,
IN000596,7880336,CT0010054192,SHA1007,1,366163,0366163,Dettol Soap Original 72*60G,OU,S,CA,12,0,3986,55.36,664.32,0,0,0,0,0,664.32,0,106.29,770.61,SOSHA1007000093,Invoice,Invoiced,08/03/2025,,,,,,,,,,,,,,12,Picked,DTR Van-D,,,,,,,,
IN000600,7880336,CT0010047840,SHA1001,1,366194,0366194,Dettol Soap Herbal 72*60G,OU,S,CA,12,0,3986,55.36,664.32,0,0,0,0,0,664.32,0,106.29,770.61,SOSHA1001000093,Invoice,Invoiced,10/03/2025,,,,,,,,,,,,,,12,Picked,DTR Van-D,,,,,,,,
IN000609,7880336,CT0010054259,SHA1001,1,366163,0366163,Dettol Soap Original 72*60G,OU,S,CA,12,0,3986,55.36,664.32,0,0,0,0,0,664.32,0,106.29,770.61,SOSHA1001000102,Invoice,Invoiced,10/03/2025,,,,,,,,,,,,,,12,Picked,DTR Van-D,,,,,,,,
IN000610,7880336,CT0010054260,SHA1001,2,366163,0366163,Dettol Soap Original 72*60G,OU,S,CA,12,0,3986,55.36,664.32,0,0,0,0,0,664.32,0,106.29,770.61,SOSHA1001000103,Invoice,Invoiced,10/03/2025,,,,,,,,,,,,,,12,Picked,DTR Van-D,,,,,,,,
IN000611,7880336,CT0010054261,SHA1001,4,366163,0366163,Dettol Soap Original 72*60G,OU,S,CA,12,0,3986,55.36,664.32,0,0,0,0,0,664.32,0,106.29,770.61,SOSHA1001000104,Invoice,Invoiced,10/03/2025,,,,,,,,,,,,,,12,Picked,DTR Van-D,,,,,,,,
IN000681,7880336,CT0010042500,SHA1006,5,366194,0366194,Dettol Soap Herbal 72*60G,OU,S,CA,12,0,3986,55.36,664.32,0,0,0,0,0,664.32,0,106.29,770.61,SOSHA1006000134,Invoice,Invoiced,10/03/2025,,,,,,,,,,,,,,12,Picked,DTR Van-D,,,,,,,,
IN000684,7880336,CT0010053976,SHA1007,2,366163,0366163,Dettol Soap Original 72*60G,OU,S,CA,12,0,3986,55.36,664.32,0,0,0,0,0,664.32,0,106.29,770.61,SOSHA1007000104,Invoice,Invoiced,10/03/2025,,,,,,,,,,,,,,12,Picked,DTR Van-D,,,,,,,,
IN000695,7880336,CT0010054250,SHA1007,1,366163,0366163,Dettol Soap Original 72*60G,OU,S,CA,12,0,3986,55.36,664.32,0,0,0,0,0,664.32,0,106.29,770.61,SOSHA1007000117,Invoice,Invoiced,10/03/2025,,,,,,,,,,,,,,12,Picked,DTR Van-D,,,,,,,,
IN000710,7880336,CT0010042980,SHA1001,2,366194,0366194,Dettol Soap Herbal 72*60G,OU,S,CA,12,0,3986,55.36,664.32,0,0,0,0,0,664.32,0,106.29,770.61,SOSHA1001000115,Invoice,Invoiced,11/03/2025,,,,,,,,,,,,,,12,Picked,DTR Van-D,,,,,,,,
IN000711,7880336,CT0010054295,SHA1001,1,366163,0366163,Dettol Soap Original 72*60G,OU,S,CA,12,0,3986,55.36,664.32,0,0,0,0,0,664.32,0,106.29,770.61,SOSHA1001000116,Invoice,Invoiced,11/03/2025,,,,,,,,,,,,,,12,Picked,DTR Van-D,,,,,,,,
IN000712,7880336,CT0010042978,SHA1001,2,366194,0366194,Dettol Soap Herbal 72*60G,OU,S,CA,12,0,3986,55.36,664.32,0,0,0,0,0,664.32,0,106.29,770.61,SOSHA1001000117,Invoice,Invoiced,11/03/2025,,,,,,,,,,,,,,12,Picked,DTR Van-D,,,,,,,,
IN000718,7880336,CT0010054301,SHA1001,3,366163,0366163,Dettol Soap Original 72*60G,OU,S,CA,12,0,3986,55.36,664.32,0,0,0,0,0,664.32,0,106.29,770.61,SOSHA1001000123,Invoice,Invoiced,11/03/2025,,,,,,,,,,,,,,12,Picked,DTR Van-D,,,,,,,,
IN000720,7880336,CT0010054303,SHA1001,2,366163,0366163,Dettol Soap Original 72*60G,OU,S,CA,12,0,3986,55.36,664.32,0,0,0,0,0,664.32,0,106.29,770.61,SOSHA1001000125,Invoice,Invoiced,11/03/2025,,,,,,,,,,,,,,12,Picked,DTR Van-D,,,,,,,,
IN000721,7880336,CT0010054234,SHA1000,12,366194,0366194,Dettol Soap Herbal 72*60G,OU,S,CA,12,0,3986,55.36,664.32,0,0,0,0,0,664.32,0,106.29,770.61,SOSHA1000000014,Invoice,Invoiced,11/03/2025,,,,,,,,,,,,,,12,Picked,Other Supermarts-D,,,,,,,,
IN000722,7880336,CT0010054304,SHA1001,3,366163,0366163,Dettol Soap Original 72*60G,OU,S,CA,12,0,3986,55.36,664.32,0,0,0,0,0,664.32,0,106.29,770.61,SOSHA1001000126,Invoice,Invoiced,11/03/2025,,,,,,,,,,,,,,12,Picked,DTR Van-D,,,,,,,,
IN000723,7880336,CT0010054305,SHA1001,2,366163,0366163,Dettol Soap Original 72*60G,OU,S,CA,12,0,3986,55.36,664.32,0,0,0,0,0,664.32,0,106.29,770.61,SOSHA1001000127,Invoice,Invoiced,11/03/2025,,,,,,,,,,,,,,12,Picked,DTR Van-D,,,,,,,,
IN000724,7880336,CT0010054314,SHA1001,4,366163,0366163,Dettol Soap Original 72*60G,OU,S,CA,12,0,3986,55.36,664.32,0,0,0,0,0,664.32,0,106.29,770.61,SOSHA1001000128,Invoice,Invoiced,11/03/2025,,,,,,,,,,,,,,12,Picked,DTR Van-D,,,,,,,,
IN000726,7880336,CT0010054320,SHA1001,1,366163,0366163,Dettol Soap Original 72*60G,OU,S,CA,12,0,3986,55.36,664.32,0,0,0,0,0,664.32,0,106.29,770.61,SOSHA1001000133,Invoice,Invoiced,11/03/2025,,,,,,,,,,,,,,12,Picked,DTR Van-D,,,,,,,,
IN000732,7880336,CT0010054277,SHA1002,4,366163,0366163,Dettol Soap Original 72*60G,OU,S,CA,12,0,3986,55.36,664.32,0,0,0,0,0,664.32,0,106.29,770.61,SOSHA1002000137,Invoice,Invoiced,11/03/2025,,,,,,,,,,,,,,12,Picked,DTR Van-D,,,,,,,,
IN000738,7880336,CT0010042949,SHA1001,5,366194,0366194,Dettol Soap Herbal 72*60G,OU,S,CA,12,0,3986,55.36,664.32,0,0,0,0,0,664.32,0,106.29,770.61,SOSHA1001000130,Invoice,Invoiced,11/03/2025,,,,,,,,,,,,,,12,Picked,DTR Van-D,,,,,,,,
IN000739,7880336,CT0010042951,SHA1001,6,366194,0366194,Dettol Soap Herbal 72*60G,OU,S,CA,12,0,3986,55.36,664.32,0,0,0,0,0,664.32,0,106.29,770.61,SOSHA1001000131,Invoice,Invoiced,11/03/2025,,,,,,,,,,,,,,12,Picked,DTR Van-D,,,,,,,,
IN000740,7880336,CT0010042942,SHA1001,13,366194,0366194,Dettol Soap Herbal 72*60G,OU,S,CA,12,0,3986,55.36,664.32,0,0,0,0,0,664.32,0,106.29,770.61,SOSHA1001000132,Invoice,Invoiced,11/03/2025,,,,,,,,,,,,,,12,Picked,DTR Van-D,,,,,,,,
IN000747,7880336,CT0010045490,SHA1004,6,366194,0366194,Dettol Soap Herbal 72*60G,OU,S,CA,12,0,3986,55.36,664.32,0,0,0,0,0,664.32,0,106.29,770.61,SOSHA1004000112,Invoice,Invoiced,11/03/2025,,,,,,,,,,,,,,12,Picked,DTR Van-D,,,,,,,,
IN000748,7880336,CT0010045491,SHA1004,2,366194,0366194,Dettol Soap Herbal 72*60G,OU,S,CA,12,0,3986,55.36,664.32,0,0,0,0,0,664.32,0,106.29,770.61,SOSHA1004000113,Invoice,Invoiced,11/03/2025,,,,,,,,,,,,,,12,Picked,DTR Van-D,,,,,,,,
IN000758,7880336,CT0010043745,SHA1003,15,366183,0366183,Dettol Soap Cool 72*60G,OU,S,CA,12,0,3986,55.36,664.32,0,0,0,0,0,664.32,0,106.29,770.61,SOSHA1003000132,Invoice,Invoiced,11/03/2025,,,,,,,,,,,,,,12,Picked,DTR Van-D,,,,,,,,
IN000758,7880336,CT0010043745,SHA1003,17,366194,0366194,Dettol Soap Herbal 72*60G,OU,S,CA,12,0,3986,55.36,664.32,0,0,0,0,0,664.32,0,106.29,770.61,SOSHA1003000132,Invoice,Invoiced,11/03/2025,,,,,,,,,,,,,,12,Picked,DTR Van-D,,,,,,,,
IN000785,7880336,CT0010054324,SHA1007,1,366163,0366163,Dettol Soap Original 72*60G,OU,S,CA,12,0,3986,55.36,664.32,0,0,0,0,0,664.32,0,106.29,770.61,SOSHA1007000132,Invoice,Invoiced,11/03/2025,,,,,,,,,,,,,,12,Picked,DTR Van-D,,,,,,,,
IN000789,7880336,CT0010054311,SHA1007,1,366163,0366163,Dettol Soap Original 72*60G,OU,S,CA,12,0,3986,55.36,664.32,0,0,0,0,0,664.32,0,106.29,770.61,SOSHA1007000130,Invoice,Invoiced,11/03/2025,,,,,,,,,,,,,,12,Picked,DTR Van-D,,,,,,,,
IN000795,7880336,CT0010054262,SHA1003,2,366183,0366183,Dettol Soap Cool 72*60G,OU,S,CA,12,0,3986,55.36,664.32,0,0,0,0,0,664.32,0,106.29,770.61,SOSHA1003000137,Invoice,Invoiced,12/03/2025,,,,,,,,,,,,,,12,Picked,DTR Van-D,,,,,,,,
IN000795,7880336,CT0010054262,SHA1003,3,366194,0366194,Dettol Soap Herbal 72*60G,OU,S,CA,12,0,3986,55.36,664.32,0,0,0,0,0,664.32,0,106.29,770.61,SOSHA1003000137,Invoice,Invoiced,12/03/2025,,,,,,,,,,,,,,12,Picked,DTR Van-D,,,,,,,,
IN000805,7880336,CT0010054328,SHA1006,8,366183,0366183,Dettol Soap Cool 72*60G,OU,S,CA,12,0,3986,55.36,664.32,0,0,0,0,0,664.32,0,106.29,770.61,SOSHA1006000155,Invoice,Invoiced,12/03/2025,,,,,,,,,,,,,,12,Picked,DTR Van-D,,,,,,,,
IN000805,7880336,CT0010054328,SHA1006,9,366194,0366194,Dettol Soap Herbal 72*60G,OU,S,CA,12,0,3986,55.36,664.32,0,0,0,0,0,664.32,0,106.29,770.61,SOSHA1006000155,Invoice,Invoiced,12/03/2025,,,,,,,,,,,,,,12,Picked,DTR Van-D,,,,,,,,
IN000816,7880336,CT0010054367,SHA1001,1,366163,0366163,Dettol Soap Original 72*60G,OU,S,CA,12,0,3986,55.36,664.32,0,0,0,0,0,664.32,0,106.29,770.61,SOSHA1001000141,Invoice,Invoiced,12/03/2025,,,,,,,,,,,,,,12,Picked,DTR Van-D,,,,,,,,
IN000899,7880336,CT0010054363,SHA1006,2,366194,0366194,Dettol Soap Herbal 72*60G,OU,S,CA,12,0,3986,55.36,664.32,0,0,0,0,0,664.32,0,106.29,770.61,SOSHA1006000166,Invoice,Invoiced,12/03/2025,,,,,,,,,,,,,,12,Picked,DTR Van-D,,,,,,,,
IN000962,7880336,CT0010054433,SHA1006,24,366183,0366183,Dettol Soap Cool 72*60G,OU,S,CA,12,0,3986,55.36,664.32,0,0,0,0,0,664.32,0,106.29,770.61,SOSHA1006000186,Invoice,Invoiced,13/03/2025,,,,,,,,,,,,,,12,Picked,DTR Van-D,,,,,,,,
IN000962,7880336,CT0010054433,SHA1006,25,366194,0366194,Dettol Soap Herbal 72*60G,OU,S,CA,12,0,3986,55.36,664.32,0,0,0,0,0,664.32,0,106.29,770.61,SOSHA1006000186,Invoice,Invoiced,13/03/2025,,,,,,,,,,,,,,12,Picked,DTR Van-D,,,,,,,,
IN000974,7880336,CT0010054414,SHA1002,5,366194,0366194,Dettol Soap Herbal 72*60G,OU,S,CA,12,0,3986,55.36,664.32,0,0,0,0,0,664.32,0,106.29,770.61,SOSHA1002000160,Invoice,Invoiced,13/03/2025,,,,,,,,,,,,,,12,Picked,DTR Van-D,,,,,,,,
IN000978,7880336,CT0010050026,SHA1000,6,366163,0366163,Dettol Soap Original 72*60G,OU,S,CA,12,0,3986,55.36,664.32,0,0,0,0,0,664.32,0,106.29,770.61,SOSHA1000000023,Invoice,Invoiced,14/03/2025,,,,,,,,,,,,,,12,Picked,Other Supermarts-D,,,,,,,,
IN000978,7880336,CT0010050026,SHA1000,7,366183,0366183,Dettol Soap Cool 72*60G,OU,S,CA,12,0,3986,55.36,664.32,0,0,0,0,0,664.32,0,106.29,770.61,SOSHA1000000023,Invoice,Invoiced,14/03/2025,,,,,,,,,,,,,,12,Picked,Other Supermarts-D,,,,,,,,
IN000978,7880336,CT0010050026,SHA1000,8,366194,0366194,Dettol Soap Herbal 72*60G,OU,S,CA,12,0,3986,55.36,664.32,0,0,0,0,0,664.32,0,106.29,770.61,SOSHA1000000023,Invoice,Invoiced,14/03/2025,,,,,,,,,,,,,,12,Picked,Other Supermarts-D,,,,,,,,
IN001035,7880336,CT0010054486,SHA1005,2,366183,0366183,Dettol Soap Cool 72*60G,OU,S,CA,12,0,3986,55.36,664.32,0,0,0,0,0,664.32,0,106.29,770.61,SOSHA1005000134,Invoice,Invoiced,14/03/2025,,,,,,,,,,,,,,12,Picked,DTR Van-D,,,,,,,,
IN001054,7880336,CT0010054457,SHA1006,29,366183,0366183,Dettol Soap Cool 72*60G,OU,S,CA,12,0,3986,55.36,664.32,0,0,0,0,0,664.32,0,106.29,770.61,SOSHA1006000189,Invoice,Invoiced,14/03/2025,,,,,,,,,,,,,,12,Picked,DTR Van-D,,,,,,,,
IN001054,7880336,CT0010054457,SHA1006,30,366194,0366194,Dettol Soap Herbal 72*60G,OU,S,CA,12,0,3986,55.36,664.32,0,0,0,0,0,664.32,0,106.29,770.61,SOSHA1006000189,Invoice,Invoiced,14/03/2025,,,,,,,,,,,,,,12,Picked,DTR Van-D,,,,,,,,
IN001057,7880336,CT0010046427,SHA1007,1,366194,0366194,Dettol Soap Herbal 72*60G,OU,S,CA,12,0,3986,55.36,664.32,0,0,0,0,0,664.32,0,106.29,770.61,SOSHA1007000156,Invoice,Invoiced,14/03/2025,,,,,,,,,,,,,,12,Picked,DTR Van-D,,,,,,,,
IN001065,7880336,CT0010054523,SHA1001,1,366163,0366163,Dettol Soap Original 72*60G,OU,S,CA,12,0,3986,55.36,664.32,0,0,0,0,0,664.32,0,106.29,770.61,SOSHA1001000178,Invoice,Invoiced,17/03/2025,,,,,,,,,,,,,,12,Picked,DTR Van-D,,,,,,,,
IN001068,7880336,CT0010054531,SHA1001,2,366163,0366163,Dettol Soap Original 72*60G,OU,S,CA,12,0,3986,55.36,664.32,0,0,0,0,0,664.32,0,106.29,770.61,SOSHA1001000181,Invoice,Invoiced,17/03/2025,,,,,,,,,,,,,,12,Picked,DTR Van-D,,,,,,,,
IN001078,7880336,CT0010043496,SHA1000,15,366183,0366183,Dettol Soap Cool 72*60G,OU,S,CA,12,0,3986,55.36,664.32,0,0,0,0,0,664.32,0,106.29,770.61,SOSHA1000000024,Invoice,Invoiced,17/03/2025,,,,,,,,,,,,,,12,Picked,DTR Van-D,,,,,,,,
IN001089,7880336,CT0010041709,SHA1003,1,366194,0366194,Dettol Soap Herbal 72*60G,OU,S,CA,12,0,3986,55.36,664.32,0,0,0,0,0,664.32,0,106.29,770.61,SOSHA1003000187,Invoice,Invoiced,17/03/2025,,,,,,,,,,,,,,12,Picked,DTR Van-D,,,,,,,,
IN001104,7880336,CT0010054012,SHA1004,1,366183,0366183,Dettol Soap Cool 72*60G,OU,S,CA,12,0,3986,55.36,664.32,0,0,0,0,0,664.32,0,106.29,770.61,SOSHA1004000182,Invoice,Invoiced,17/03/2025,,,,,,,,,,,,,,12,Picked,DTR Van-D,,,,,,,,
IN001109,7880336,CT0010054564,SHA1004,2,366183,0366183,Dettol Soap Cool 72*60G,OU,S,CA,12,0,3986,55.36,664.32,0,0,0,0,0,664.32,0,106.29,770.61,SOSHA1004000187,Invoice,Invoiced,17/03/2025,,,,,,,,,,,,,,12,Picked,DTR Van-D,,,,,,,,
IN001167,7880336,CT0010054584,SHA1001,1,366163,0366163,Dettol Soap Original 72*60G,OU,S,CA,12,0,3986,55.36,664.32,0,0,0,0,0,664.32,0,106.29,770.61,SOSHA1001000192,Invoice,Invoiced,18/03/2025,,,,,,,,,,,,,,12,Picked,DTR Van-D,,,,,,,,
IN001203,7880336,CT0010041538,SHA1003,3,366194,0366194,Dettol Soap Herbal 72*60G,OU,S,CA,12,0,3986,55.36,664.32,0,0,0,0,0,664.32,0,106.29,770.61,SOSHA1003000199,Invoice,Invoiced,18/03/2025,,,,,,,,,,,,,,12,Picked,DTR Van-D,,,,,,,,
IN001240,7880336,CT0010054594,SHA1005,2,366194,0366194,Dettol Soap Herbal 72*60G,OU,S,CA,12,0,3986,55.36,664.32,0,0,0,0,0,664.32,0,106.29,770.61,SOSHA1005000165,Invoice,Invoiced,18/03/2025,,,,,,,,,,,,,,12,Picked,DTR Van-D,,,,,,,,
IN001300,7880336,CT0010046730,SHA1001,8,366183,0366183,Dettol Soap Cool 72*60G,OU,S,CA,12,0,3986,55.36,664.32,0,0,0,0,0,664.32,0,106.29,770.61,SOSHA1001000221,Invoice,Invoiced,20/03/2025,,,,,,,,,,,,,,12,Picked,DTR Van-D,,,,,,,,
IN001300,7880336,CT0010046730,SHA1001,10,366194,0366194,Dettol Soap Herbal 72*60G,OU,S,CA,12,0,3986,55.36,664.32,0,0,0,0,0,664.32,0,106.29,770.61,SOSHA1001000221,Invoice,Invoiced,20/03/2025,,,,,,,,,,,,,,12,Picked,DTR Van-D,,,,,,,,
IN001301,7880336,CT0010046600,SHA1001,9,366183,0366183,Dettol Soap Cool 72*60G,OU,S,CA,12,0,3986,55.36,664.32,0,0,0,0,0,664.32,0,106.29,770.61,SOSHA1001000222,Invoice,Invoiced,20/03/2025,,,,,,,,,,,,,,12,Picked,DTR Van-D,,,,,,,,
IN001301,7880336,CT0010046600,SHA1001,11,366194,0366194,Dettol Soap Herbal 72*60G,OU,S,CA,12,0,3986,55.36,664.32,0,0,0,0,0,664.32,0,106.29,770.61,SOSHA1001000222,Invoice,Invoiced,20/03/2025,,,,,,,,,,,,,,12,Picked,DTR Van-D,,,,,,,,
IN001351,7880336,CT0010044957,SHA1004,2,366194,0366194,Dettol Soap Herbal 72*60G,OU,S,CA,12,0,3986,55.36,664.32,0,0,0,0,0,664.32,0,106.29,770.61,SOSHA1004000229,Invoice,Invoiced,20/03/2025,,,,,,,,,,,,,,12,Picked,DTR Van-D,,,,,,,,
IN001454,7880336,CT0010054152,SHA1004,1,366183,0366183,Dettol Soap Cool 72*60G,OU,S,CA,12,0,3986,55.36,664.32,0,0,0,0,0,664.32,0,106.29,770.61,SOSHA1004000245,Invoice,Invoiced,21/03/2025,,,,,,,,,,,,,,12,Picked,DTR Van-A,,,,,,,,
IN001506,7880336,CT0010054736,SHA1007,5,366183,0366183,Dettol Soap Cool 72*60G,OU,S,CA,12,0,3986,55.36,664.32,0,0,0,0,0,664.32,0,106.29,770.61,SOSHA1007000230,Invoice,Invoiced,21/03/2025,,,,,,,,,,,,,,12,Picked,DTR Van-D,,,,,,,,
IN001506,7880336,CT0010054736,SHA1007,6,366194,0366194,Dettol Soap Herbal 72*60G,OU,S,CA,12,0,3986,55.36,664.32,0,0,0,0,0,664.32,0,106.29,770.61,SOSHA1007000230,Invoice,Invoiced,21/03/2025,,,,,,,,,,,,,,12,Picked,DTR Van-D,,,,,,,,
IN000739,7880336,CT0010042951,SHA1001,8,3244641,3244641,DETTOL SOAP COOL 90GX3,OU,S,CA,2,0,8088,337,674,0,0,0,0,0,674,0,107.84,781.84,SOSHA1001000131,Invoice,Invoiced,11/03/2025,,,,,,,,,,,,,,2,Picked,DTR Van-D,,,,,,,,
IN000739,7880336,CT0010042951,SHA1001,9,3244643,3244643,DETTOL SOAP HERBAL 90GX3,OU,S,CA,2,0,8088,337,674,0,0,0,0,0,674,0,107.84,781.84,SOSHA1001000131,Invoice,Invoiced,11/03/2025,,,,,,,,,,,,,,2,Picked,DTR Van-D,,,,,,,,
IN000286,7880336,CT0010046549,SHA1001,1,328906,0328906,STREPSILS REGULAR 50*2(NEW STOCK *24 UNIT,OU,S,EA,25,0,33.83,33.83,845.75,2.2732,56.83,0,0,56.83,788.92,0,0,788.92,SOSHA1001000054,Invoice,Invoiced,06/03/2025,,,,,,,,,,,,,,25,Picked,DTR Van-D,,,,,,,,
IN001124,7880336,CT0010054546,SHA1005,1,328906,0328906,STREPSILS REGULAR 50*2(NEW STOCK *24 UNIT,OU,S,EA,25,0,33.83,33.83,845.75,2.2732,56.83,0,0,56.83,788.92,0,0,788.92,SOSHA1005000152,Invoice,Invoiced,17/03/2025,,,,,,,,,,,,,,25,Picked,DTR Van-D,,,,,,,,
IN001394,7880336,CT0010046873,SHA1007,2,328906,0328906,STREPSILS REGULAR 50*2(NEW STOCK *24 UNIT,OU,S,EA,25,0,33.83,33.83,845.75,2.2732,56.83,0,0,56.83,788.92,0,0,788.92,SOSHA1007000203,Invoice,Invoiced,20/03/2025,,,,,,,,,,,,,,25,Picked,DTR Van-D,,,,,,,,
IN000315,7880336,CT0010041585,SHA1003,1,349130,0349130,Mortein Doom P.Gard Aik Lemon 12*100Ml,OU,S,CA,4,0,2163.01,180.25,721,0,0,0,0,0,721,0,115.36,836.36,SOSHA1003000068,Invoice,Invoiced,06/03/2025,,,,,,,,,,,,,,4,Picked,DTR Van-D,,,,,,,,
IN000522,7880336,CT0010044980,SHA1002,1,349130,0349130,Mortein Doom P.Gard Aik Lemon 12*100Ml,OU,S,CA,4,0,2163.01,180.25,721,0,0,0,0,0,721,0,115.36,836.36,SOSHA1002000108,Invoice,Invoiced,08/03/2025,,,,,,,,,,,,,,4,Picked,DTR Van-D,,,,,,,,
IN000730,7880336,CT0010045167,SHA1002,1,349130,0349130,Mortein Doom P.Gard Aik Lemon 12*100Ml,OU,S,CA,4,0,2163.01,180.25,721,0,0,0,0,0,721,0,115.36,836.36,SOSHA1002000135,Invoice,Invoiced,11/03/2025,,,,,,,,,,,,,,4,Picked,DTR Van-D,,,,,,,,
IN000811,7880336,CT0010054333,SHA1001,1,349130,0349130,Mortein Doom P.Gard Aik Lemon 12*100Ml,OU,S,CA,4,0,2163.01,180.25,721,0,0,0,0,0,721,0,115.36,836.36,SOSHA1001000136,Invoice,Invoiced,12/03/2025,,,,,,,,,,,,,,4,Picked,DTR Van-D,,,,,,,,
IN000818,7880336,CT0010044315,SHA1001,1,349130,0349130,Mortein Doom P.Gard Aik Lemon 12*100Ml,OU,S,CA,4,0,2163.01,180.25,721,0,0,0,0,0,721,0,115.36,836.36,SOSHA1001000143,Invoice,Invoiced,12/03/2025,,,,,,,,,,,,,,4,Picked,DTR Van-D,,,,,,,,
IN000846,7880336,CT0010042708,SHA1004,1,349130,0349130,Mortein Doom P.Gard Aik Lemon 12*100Ml,OU,S,CA,4,0,2163.01,180.25,721,0,0,0,0,0,721,0,115.36,836.36,SOSHA1004000129,Invoice,Invoiced,12/03/2025,,,,,,,,,,,,,,4,Picked,DTR Van-D,,,,,,,,
IN000262,7880336,CT0010041796,SHA1006,1,328906,0328906,STREPSILS REGULAR 50*2(NEW STOCK *24 UNIT,OU,S,EA,25,0,33.83,33.83,845.75,0,0,0,0,0,845.75,0,0,845.75,SOSHA1006000074,Invoice,Invoiced,05/03/2025,,,,,,,,,,,,,,25,Picked,DTR Van-D,,,,,,,,
IN000352,7880336,CT0010054079,SHA1006,5,328895,0328895,STREPSILS HONEY&LEMON 50*2(NEW STOCK *24 UNIT,OU,S,EA,25,0,33.83,33.83,845.75,0,0,0,0,0,845.75,0,0,845.75,SOSHA1006000080,Invoice,Invoiced,06/03/2025,,,,,,,,,,,,,,25,Picked,DTR Van-A,,,,,,,,
IN000352,7880336,CT0010054079,SHA1006,6,328906,0328906,STREPSILS REGULAR 50*2(NEW STOCK *24 UNIT,OU,S,EA,25,0,33.83,33.83,845.75,0,0,0,0,0,845.75,0,0,845.75,SOSHA1006000080,Invoice,Invoiced,06/03/2025,,,,,,,,,,,,,,25,Picked,DTR Van-A,,,,,,,,
IN000306,7880336,CT0010047393,SHA1002,3,299714,0299714,Harpic Power Plus 200Ml *36,OU,S,CA,6,0,4655,129.31,775.86,279.3,46.55,0,0,46.55,729.31,0,116.69,846,SOSHA1002000078,Invoice,Invoiced,06/03/2025,,,,,,,,,,,,,,6,Picked,DTR Van-D,,,,,,,,
IN000311,7880336,CT0010041536,SHA1003,1,299714,0299714,Harpic Power Plus 200Ml *36,OU,S,CA,6,0,4655,129.31,775.86,279.3,46.55,0,0,46.55,729.31,0,116.69,846,SOSHA1003000063,Invoice,Invoiced,06/03/2025,,,,,,,,,,,,,,6,Picked,DTR Van-D,,,,,,,,
IN000329,7880336,CT0010044962,SHA1004,1,299714,0299714,Harpic Power Plus 200Ml *36,OU,S,CA,6,0,4655,129.31,775.86,279.3,46.55,0,0,46.55,729.31,0,116.69,846,SOSHA1004000036,Invoice,Invoiced,06/03/2025,,,,,,,,,,,,,,6,Picked,DTR Van-D,,,,,,,,
IN000336,7880336,CT0010044926,SHA1004,4,299714,0299714,Harpic Power Plus 200Ml *36,OU,S,CA,6,0,4655,129.31,775.86,279.3,46.55,0,0,46.55,729.31,0,116.69,846,SOSHA1004000043,Invoice,Invoiced,06/03/2025,,,,,,,,,,,,,,6,Picked,DTR Van-D,,,,,,,,
IN000345,7880336,CT0010044948,SHA1004,12,299714,0299714,Harpic Power Plus 200Ml *36,OU,S,CA,6,0,4655,129.31,775.86,279.3,46.55,0,0,46.55,729.31,0,116.69,846,SOSHA1004000047,Invoice,Invoiced,06/03/2025,,,,,,,,,,,,,,6,Picked,DTR Van-D,,,,,,,,
IN000417,7880336,CT0010042422,SHA1003,3,299714,0299714,Harpic Power Plus 200Ml *36,OU,S,CA,6,0,4655,129.31,775.86,279.3,46.55,0,0,46.55,729.31,0,116.69,846,SOSHA1003000083,Invoice,Invoiced,06/03/2025,,,,,,,,,,,,,,6,Picked,DTR Van-D,,,,,,,,
IN000429,7880336,CT0010046251,SHA1004,2,299714,0299714,Harpic Power Plus 200Ml *36,OU,S,CA,6,0,4655,129.31,775.86,279.3,46.55,0,0,46.55,729.31,0,116.69,846,SOSHA1004000065,Invoice,Invoiced,06/03/2025,,,,,,,,,,,,,,6,Picked,DTR Van-D,,,,,,,,
IN000483,7880336,CT0010047148,SHA1007,1,299714,0299714,Harpic Power Plus 200Ml *36,OU,S,CA,6,0,4655,129.31,775.86,279.3,46.55,0,0,46.55,729.31,0,116.69,846,SOSHA1007000066,Invoice,Invoiced,06/03/2025,,,,,,,,,,,,,,6,Picked,DTR Van-D,,,,,,,,
IN000504,7880336,CT0010046609,SHA1001,1,299714,0299714,Harpic Power Plus 200Ml *36,OU,S,CA,6,0,4655,129.31,775.86,279.3,46.55,0,0,46.55,729.31,0,116.69,846,SOSHA1001000076,Invoice,Invoiced,08/03/2025,,,,,,,,,,,,,,6,Picked,DTR Van-D,,,,,,,,
IN000534,7880336,CT0010043850,SHA1003,6,299714,0299714,Harpic Power Plus 200Ml *36,OU,S,CA,6,0,4655,129.31,775.86,279.3,46.55,0,0,46.55,729.31,0,116.69,846,SOSHA1003000100,Invoice,Invoiced,08/03/2025,,,,,,,,,,,,,,6,Picked,DTR Van-D,,,,,,,,
IN000540,7880336,CT0010044349,SHA1004,3,299714,0299714,Harpic Power Plus 200Ml *36,OU,S,CA,6,0,4655,129.31,775.86,279.3,46.55,0,0,46.55,729.31,0,116.69,846,SOSHA1004000075,Invoice,Invoiced,08/03/2025,,,,,,,,,,,,,,6,Picked,DTR Van-D,,,,,,,,
IN000545,7880336,CT0010045933,SHA1004,2,299714,0299714,Harpic Power Plus 200Ml *36,OU,S,CA,6,0,4655,129.31,775.86,279.3,46.55,0,0,46.55,729.31,0,116.69,846,SOSHA1004000081,Invoice,Invoiced,08/03/2025,,,,,,,,,,,,,,6,Picked,DTR Van-D,,,,,,,,
IN000548,7880336,CT0010045947,SHA1004,1,299714,0299714,Harpic Power Plus 200Ml *36,OU,S,CA,6,0,4655,129.31,775.86,279.3,46.55,0,0,46.55,729.31,0,116.69,846,SOSHA1004000085,Invoice,Invoiced,08/03/2025,,,,,,,,,,,,,,6,Picked,DTR Van-D,,,,,,,,
IN000615,7880336,CT0010046037,SHA1002,3,299714,0299714,Harpic Power Plus 200Ml *36,OU,S,CA,6,0,4655,129.31,775.86,279.3,46.55,0,0,46.55,729.31,0,116.69,846,SOSHA1002000117,Invoice,Invoiced,10/03/2025,,,,,,,,,,,,,,6,Picked,DTR Van-D,,,,,,,,
IN000727,7880336,CT0010045466,SHA1002,1,299714,0299714,Harpic Power Plus 200Ml *36,OU,S,CA,6,0,4655,129.31,775.86,279.3,46.55,0,0,46.55,729.31,0,116.69,846,SOSHA1002000132,Invoice,Invoiced,11/03/2025,,,,,,,,,,,,,,6,Picked,DTR Van-D,,,,,,,,
IN000747,7880336,CT0010045490,SHA1004,8,299714,0299714,Harpic Power Plus 200Ml *36,OU,S,CA,6,0,4655,129.31,775.86,279.3,46.55,0,0,46.55,729.31,0,116.69,846,SOSHA1004000112,Invoice,Invoiced,11/03/2025,,,,,,,,,,,,,,6,Picked,DTR Van-D,,,,,,,,
IN000774,7880336,CT0010044785,SHA1007,1,299714,0299714,Harpic Power Plus 200Ml *36,OU,S,CA,6,0,4655,129.31,775.86,279.3,46.55,0,0,46.55,729.31,0,116.69,846,SOSHA1007000122,Invoice,Invoiced,11/03/2025,,,,,,,,,,,,,,6,Picked,DTR Van-D,,,,,,,,
IN000797,7880336,CT0010054253,SHA1006,5,299714,0299714,Harpic Power Plus 200Ml *36,OU,S,CA,6,0,4655,129.31,775.86,279.3,46.55,0,0,46.55,729.31,0,116.69,846,SOSHA1006000144,Invoice,Invoiced,12/03/2025,,,,,,,,,,,,,,6,Picked,DTR Van-D,,,,,,,,
IN000832,7880336,CT0010043004,SHA1004,4,299714,0299714,Harpic Power Plus 200Ml *36,OU,S,CA,6,0,4655,129.31,775.86,279.3,46.55,0,0,46.55,729.31,0,116.69,846,SOSHA1004000128,Invoice,Invoiced,12/03/2025,,,,,,,,,,,,,,6,Picked,DTR Van-D,,,,,,,,
IN000889,7880336,CT0010044745,SHA1005,5,299714,0299714,Harpic Power Plus 200Ml *36,OU,S,CA,6,0,4655,129.31,775.86,279.3,46.55,0,0,46.55,729.31,0,116.69,846,SOSHA1005000115,Invoice,Invoiced,12/03/2025,,,,,,,,,,,,,,6,Picked,DTR Van-D,,,,,,,,
IN000927,7880336,CT0010054431,SHA1003,1,299714,0299714,Harpic Power Plus 200Ml *36,OU,S,CA,6,0,4655,129.31,775.86,279.3,46.55,0,0,46.55,729.31,0,116.69,846,SOSHA1003000162,Invoice,Invoiced,13/03/2025,,,,,,,,,,,,,,6,Picked,DTR Van-D,,,,,,,,
IN000945,7880336,CT0010054416,SHA1005,2,299714,0299714,Harpic Power Plus 200Ml *36,OU,S,CA,6,0,4655,129.31,775.86,279.3,46.55,0,0,46.55,729.31,0,116.69,846,SOSHA1005000120,Invoice,Invoiced,13/03/2025,,,,,,,,,,,,,,6,Picked,DTR Van-D,,,,,,,,
IN000981,7880336,CT0010047772,SHA1001,5,299714,0299714,Harpic Power Plus 200Ml *36,OU,S,CA,6,0,4655,129.31,775.86,279.3,46.55,0,0,46.55,729.31,0,116.69,846,SOSHA1001000164,Invoice,Invoiced,14/03/2025,,,,,,,,,,,,,,6,Picked,DTR Van-D,,,,,,,,
IN001014,7880336,CT0010054493,SHA1004,4,299714,0299714,Harpic Power Plus 200Ml *36,OU,S,CA,6,0,4655,129.31,775.86,279.3,46.55,0,0,46.55,729.31,0,116.69,846,SOSHA1004000163,Invoice,Invoiced,14/03/2025,,,,,,,,,,,,,,6,Picked,DTR Van-D,,,,,,,,
IN001023,7880336,CT0010044587,SHA1004,1,299714,0299714,Harpic Power Plus 200Ml *36,OU,S,CA,6,0,4655,129.31,775.86,279.3,46.55,0,0,46.55,729.31,0,116.69,846,SOSHA1004000172,Invoice,Invoiced,14/03/2025,,,,,,,,,,,,,,6,Picked,DTR Van-D,,,,,,,,
IN001024,7880336,CT0010044595,SHA1004,2,299714,0299714,Harpic Power Plus 200Ml *36,OU,S,CA,6,0,4655,129.31,775.86,279.3,46.55,0,0,46.55,729.31,0,116.69,846,SOSHA1004000173,Invoice,Invoiced,14/03/2025,,,,,,,,,,,,,,6,Picked,DTR Van-D,,,,,,,,
IN001030,7880336,CT0010054473,SHA1005,2,299714,0299714,Harpic Power Plus 200Ml *36,OU,S,CA,6,0,4655,129.31,775.86,279.3,46.55,0,0,46.55,729.31,0,116.69,846,SOSHA1005000127,Invoice,Invoiced,14/03/2025,,,,,,,,,,,,,,6,Picked,DTR Van-D,,,,,,,,
IN001041,7880336,CT0010054469,SHA1005,6,299714,0299714,Harpic Power Plus 200Ml *36,OU,S,CA,6,0,4655,129.31,775.86,279.3,46.55,0,0,46.55,729.31,0,116.69,846,SOSHA1005000129,Invoice,Invoiced,14/03/2025,,,,,,,,,,,,,,6,Picked,DTR Van-D,,,,,,,,
IN001056,7880336,CT0010046424,SHA1007,2,299714,0299714,Harpic Power Plus 200Ml *36,OU,S,CA,6,0,4655,129.31,775.86,279.3,46.55,0,0,46.55,729.31,0,116.69,846,SOSHA1007000155,Invoice,Invoiced,14/03/2025,,,,,,,,,,,,,,6,Picked,DTR Van-D,,,,,,,,
IN001059,7880336,CT0010043921,SHA1003,4,299714,0299714,Harpic Power Plus 200Ml *36,OU,S,CA,6,0,4655,129.31,775.86,279.3,46.55,0,0,46.55,729.31,0,116.69,846,SOSHA1003000186,Invoice,Invoiced,15/03/2025,,,,,,,,,,,,,,6,Unpick,DTR Van-D,,,,,,,,
IN001063,7880336,CT0010042718,SHA1001,1,299714,0299714,Harpic Power Plus 200Ml *36,OU,S,CA,6,0,4655,129.31,775.86,279.3,46.55,0,0,46.55,729.31,0,116.69,846,SOSHA1001000176,Invoice,Invoiced,17/03/2025,,,,,,,,,,,,,,6,Picked,DTR Van-D,,,,,,,,
IN001119,7880336,CT0010043161,SHA1005,5,299714,0299714,Harpic Power Plus 200Ml *36,OU,S,CA,6,0,4655,129.31,775.86,279.3,46.55,0,0,46.55,729.31,0,116.69,846,SOSHA1005000146,Invoice,Invoiced,17/03/2025,,,,,,,,,,,,,,6,Picked,DTR Van-D,,,,,,,,
IN001125,7880336,CT0010054569,SHA1005,8,299714,0299714,Harpic Power Plus 200Ml *36,OU,S,CA,6,0,4655,129.31,775.86,279.3,46.55,0,0,46.55,729.31,0,116.69,846,SOSHA1005000154,Invoice,Invoiced,17/03/2025,,,,,,,,,,,,,,6,Picked,DTR Van-D,,,,,,,,
IN001135,7880336,CT0010054530,SHA1005,5,299714,0299714,Harpic Power Plus 200Ml *36,OU,S,CA,6,0,4655,129.31,775.86,279.3,46.55,0,0,46.55,729.31,0,116.69,846,SOSHA1005000147,Invoice,Invoiced,17/03/2025,,,,,,,,,,,,,,6,Picked,DTR Van-D,,,,,,,,
IN001179,7880336,CT0010045035,SHA1002,2,299714,0299714,Harpic Power Plus 200Ml *36,OU,S,CA,6,0,4655,129.31,775.86,279.3,46.55,0,0,46.55,729.31,0,116.69,846,SOSHA1002000183,Invoice,Invoiced,18/03/2025,,,,,,,,,,,,,,6,Picked,DTR Van-D,,,,,,,,
IN001203,7880336,CT0010041538,SHA1003,6,299714,0299714,Harpic Power Plus 200Ml *36,OU,S,CA,6,0,4655,129.31,775.86,279.3,46.55,0,0,46.55,729.31,0,116.69,846,SOSHA1003000199,Invoice,Invoiced,18/03/2025,,,,,,,,,,,,,,6,Picked,DTR Van-D,,,,,,,,
IN001204,7880336,CT0010041792,SHA1003,2,299714,0299714,Harpic Power Plus 200Ml *36,OU,S,CA,6,0,4655,129.31,775.86,279.3,46.55,0,0,46.55,729.31,0,116.69,846,SOSHA1003000204,Invoice,Invoiced,18/03/2025,,,,,,,,,,,,,,6,Picked,DTR Van-D,,,,,,,,
IN001209,7880336,CT0010044654,SHA1004,1,299714,0299714,Harpic Power Plus 200Ml *36,OU,S,CA,6,0,4655,129.31,775.86,279.3,46.55,0,0,46.55,729.31,0,116.69,846,SOSHA1004000195,Invoice,Invoiced,18/03/2025,,,,,,,,,,,,,,6,Picked,DTR Van-D,,,,,,,,
IN001220,7880336,CT0010044640,SHA1004,1,299714,0299714,Harpic Power Plus 200Ml *36,OU,S,CA,6,0,4655,129.31,775.86,279.3,46.55,0,0,46.55,729.31,0,116.69,846,SOSHA1004000202,Invoice,Invoiced,18/03/2025,,,,,,,,,,,,,,6,Picked,DTR Van-D,,,,,,,,
IN001223,7880336,CT0010054020,SHA1004,2,299714,0299714,Harpic Power Plus 200Ml *36,OU,S,CA,6,0,4655,129.31,775.86,279.3,46.55,0,0,46.55,729.31,0,116.69,846,SOSHA1004000207,Invoice,Invoiced,18/03/2025,,,,,,,,,,,,,,6,Picked,DTR Van-D,,,,,,,,
IN001273,7880336,CT0010046201,SHA1006,1,299714,0299714,Harpic Power Plus 200Ml *36,OU,S,CA,6,0,4655,129.31,775.86,279.3,46.55,0,0,46.55,729.31,0,116.69,846,SOSHA1006000240,Invoice,Invoiced,18/03/2025,,,,,,,,,,,,,,6,Picked,DTR Van-D,,,,,,,,
IN001339,7880336,CT0010054104,SHA1003,8,299714,0299714,Harpic Power Plus 200Ml *36,OU,S,CA,6,0,4655,129.31,775.86,279.3,46.55,0,0,46.55,729.31,0,116.69,846,SOSHA1003000228,Invoice,Invoiced,20/03/2025,,,,,,,,,,,,,,6,Picked,DTR Van-D,,,,,,,,
IN001350,7880336,CT0010044921,SHA1004,2,299714,0299714,Harpic Power Plus 200Ml *36,OU,S,CA,6,0,4655,129.31,775.86,279.3,46.55,0,0,46.55,729.31,0,116.69,846,SOSHA1004000228,Invoice,Invoiced,20/03/2025,,,,,,,,,,,,,,6,Picked,DTR Van-D,,,,,,,,
IN001364,7880336,CT0010054682,SHA1004,4,299714,0299714,Harpic Power Plus 200Ml *36,OU,S,CA,6,0,4655,129.31,775.86,279.3,46.55,0,0,46.55,729.31,0,116.69,846,SOSHA1004000240,Invoice,Invoiced,20/03/2025,,,,,,,,,,,,,,6,Picked,DTR Van-D,,,,,,,,
IN001400,7880336,CT0010054686,SHA1007,11,299714,0299714,Harpic Power Plus 200Ml *36,OU,S,CA,6,0,4655,129.31,775.86,279.3,46.55,0,0,46.55,729.31,0,116.69,846,SOSHA1007000208,Invoice,Invoiced,20/03/2025,,,,,,,,,,,,,,6,Picked,DTR Van-D,,,,,,,,
IN001421,7880336,CT0010054167,SHA1001,6,299714,0299714,Harpic Power Plus 200Ml *36,OU,S,CA,6,0,4655,129.31,775.86,279.3,46.55,0,0,46.55,729.31,0,116.69,846,SOSHA1001000233,Invoice,Invoiced,21/03/2025,,,,,,,,,,,,,,6,Picked,DTR Van-D,,,,,,,,
IN001438,7880336,CT0010042488,SHA1003,3,299714,0299714,Harpic Power Plus 200Ml *36,OU,S,CA,6,0,4655,129.31,775.86,279.3,46.55,0,0,46.55,729.31,0,116.69,846,SOSHA1003000234,Invoice,Invoiced,21/03/2025,,,,,,,,,,,,,,6,Picked,DTR Van-D,,,,,,,,
IN001443,7880336,CT0010041859,SHA1003,3,299714,0299714,Harpic Power Plus 200Ml *36,OU,S,CA,6,0,4655,129.31,775.86,279.3,46.55,0,0,46.55,729.31,0,116.69,846,SOSHA1003000241,Invoice,Invoiced,21/03/2025,,,,,,,,,,,,,,6,Picked,DTR Van-D,,,,,,,,
IN001453,7880336,CT0010042467,SHA1003,4,299714,0299714,Harpic Power Plus 200Ml *36,OU,S,CA,6,0,4655,129.31,775.86,279.3,46.55,0,0,46.55,729.31,0,116.69,846,SOSHA1003000246,Invoice,Invoiced,21/03/2025,,,,,,,,,,,,,,6,Picked,DTR Van-D,,,,,,,,
IN001454,7880336,CT0010054152,SHA1004,3,299714,0299714,Harpic Power Plus 200Ml *36,OU,S,CA,6,0,4655,129.31,775.86,279.3,46.55,0,0,46.55,729.31,0,116.69,846,SOSHA1004000245,Invoice,Invoiced,21/03/2025,,,,,,,,,,,,,,6,Picked,DTR Van-A,,,,,,,,
IN001455,7880336,CT0010046236,SHA1004,2,299714,0299714,Harpic Power Plus 200Ml *36,OU,S,CA,6,0,4655,129.31,775.86,279.3,46.55,0,0,46.55,729.31,0,116.69,846,SOSHA1004000249,Invoice,Invoiced,21/03/2025,,,,,,,,,,,,,,6,Picked,DTR Van-D,,,,,,,,
IN001462,7880336,CT0010046320,SHA1004,2,299714,0299714,Harpic Power Plus 200Ml *36,OU,S,CA,6,0,4655,129.31,775.86,279.3,46.55,0,0,46.55,729.31,0,116.69,846,SOSHA1004000259,Invoice,Invoiced,21/03/2025,,,,,,,,,,,,,,6,Picked,DTR Van-D,,,,,,,,
IN001482,7880336,CT0010046794,SHA1005,3,299714,0299714,Harpic Power Plus 200Ml *36,OU,S,CA,6,0,4655,129.31,775.86,279.3,46.55,0,0,46.55,729.31,0,116.69,846,SOSHA1005000210,Invoice,Invoiced,21/03/2025,,,,,,,,,,,,,,6,Picked,DTR Van-D,,,,,,,,
IN000328,7880336,CT0010041564,SHA1003,16,3286535,3286535,HARPIC POWERPLUS 100ML,OU,S,CA,18,0,1552,43.11,775.98,93.12,46.56,0,0,46.56,729.42,0,116.71,846.13,SOSHA1003000071,Invoice,Invoiced,06/03/2025,,,,,,,,,,,,,,18,Picked,DTR Van-D,,,,,,,,
IN000961,7880336,CT0010054390,SHA1006,14,3286535,3286535,HARPIC POWERPLUS 100ML,OU,S,CA,18,0,1552,43.11,775.98,93.12,46.56,0,0,46.56,729.42,0,116.71,846.13,SOSHA1006000170,Invoice,Invoiced,13/03/2025,,,,,,,,,,,,,,18,Picked,DTR Van-D,,,,,,,,
IN000214,7880336,CT0010043348,SHA1001,1,238167,0238167,Jik Bleach Regular 70Ml *144,OU,S,CA,36,0,3218.39,22.35,804.6,289.64,72.41,0,0,72.41,732.19,0,117.15,849.34,SOSHA1001000026,Invoice,Invoiced,05/03/2025,,,,,,,,,,,,,,36,Picked,DTR Van-D,,,,,,,,
IN000245,7880336,CT0010044655,SHA1004,1,238167,0238167,Jik Bleach Regular 70Ml *144,OU,S,CA,36,0,3218.39,22.35,804.6,289.64,72.41,0,0,72.41,732.19,0,117.15,849.34,SOSHA1004000020,Invoice,Invoiced,05/03/2025,,,,,,,,,,,,,,36,Picked,DTR Van-D,,,,,,,,
IN000322,7880336,CT0010041624,SHA1003,1,238167,0238167,Jik Bleach Regular 70Ml *144,OU,S,CA,36,0,3218.39,22.35,804.6,289.64,72.41,0,0,72.41,732.19,0,117.15,849.34,SOSHA1003000076,Invoice,Invoiced,06/03/2025,,,,,,,,,,,,,,36,Picked,DTR Van-D,,,,,,,,
IN000604,7880336,CT0010044103,SHA1001,1,238167,0238167,Jik Bleach Regular 70Ml *144,OU,S,CA,36,0,3218.39,22.35,804.6,289.64,72.41,0,0,72.41,732.19,0,117.15,849.34,SOSHA1001000097,Invoice,Invoiced,10/03/2025,,,,,,,,,,,,,,36,Picked,DTR Van-D,,,,,,,,
IN000636,7880336,CT0010041991,SHA1003,1,238167,0238167,Jik Bleach Regular 70Ml *144,OU,S,CA,36,0,3218.39,22.35,804.6,289.64,72.41,0,0,72.41,732.19,0,117.15,849.34,SOSHA1003000111,Invoice,Invoiced,10/03/2025,,,,,,,,,,,,,,36,Picked,DTR Van-D,,,,,,,,
IN000890,7880336,CT0010046094,SHA1006,1,238167,0238167,Jik Bleach Regular 70Ml *144,OU,S,CA,36,0,3218.39,22.35,804.6,289.64,72.41,0,0,72.41,732.19,0,117.15,849.34,SOSHA1006000157,Invoice,Invoiced,12/03/2025,,,,,,,,,,,,,,36,Picked,DTR Van-D,,,,,,,,
IN000961,7880336,CT0010054390,SHA1006,7,238167,0238167,Jik Bleach Regular 70Ml *144,OU,S,CA,36,0,3218.39,22.35,804.6,289.64,72.41,0,0,72.41,732.19,0,117.15,849.34,SOSHA1006000170,Invoice,Invoiced,13/03/2025,,,,,,,,,,,,,,36,Picked,DTR Van-D,,,,,,,,
IN001127,7880336,CT0010054578,SHA1005,1,238167,0238167,Jik Bleach Regular 70Ml *144,OU,S,CA,36,0,3218.39,22.35,804.6,289.64,72.41,0,0,72.41,732.19,0,117.15,849.34,SOSHA1005000157,Invoice,Invoiced,17/03/2025,,,,,,,,,,,,,,36,Picked,DTR Van-D,,,,,,,,
IN001205,7880336,CT0010042021,SHA1003,1,238167,0238167,Jik Bleach Regular 70Ml *144,OU,S,CA,36,0,3218.39,22.35,804.6,289.64,72.41,0,0,72.41,732.19,0,117.15,849.34,SOSHA1003000205,Invoice,Invoiced,18/03/2025,,,,,,,,,,,,,,36,Picked,DTR Van-D,,,,,,,,
IN001274,7880336,CT0010054637,SHA1006,1,238167,0238167,Jik Bleach Regular 70Ml *144,OU,S,CA,36,0,3218.39,22.35,804.6,289.64,72.41,0,0,72.41,732.19,0,117.15,849.34,SOSHA1006000241,Invoice,Invoiced,18/03/2025,,,,,,,,,,,,,,36,Picked,DTR Van-D,,,,,,,,
IN001362,7880336,CT0010044948,SHA1004,2,238167,0238167,Jik Bleach Regular 70Ml *144,OU,S,CA,36,0,3218.39,22.35,804.6,289.64,72.41,0,0,72.41,732.19,0,117.15,849.34,SOSHA1004000235,Invoice,Invoiced,20/03/2025,,,,,,,,,,,,,,36,Picked,DTR Van-D,,,,,,,,
IN001439,7880336,CT0010042491,SHA1003,2,238167,0238167,Jik Bleach Regular 70Ml *144,OU,S,CA,36,0,3218.39,22.35,804.6,289.64,72.41,0,0,72.41,732.19,0,117.15,849.34,SOSHA1003000236,Invoice,Invoiced,21/03/2025,,,,,,,,,,,,,,36,Picked,DTR Van-D,,,,,,,,
IN001476,7880336,CT0010044090,SHA1005,7,238167,0238167,Jik Bleach Regular 70Ml *144,OU,S,CA,36,0,3218.39,22.35,804.6,289.64,72.41,0,0,72.41,732.19,0,117.15,849.34,SOSHA1005000202,Invoice,Invoiced,21/03/2025,,,,,,,,,,,,,,36,Picked,DTR Van-D,,,,,,,,
IN001477,7880336,CT0010044089,SHA1005,1,238167,0238167,Jik Bleach Regular 70Ml *144,OU,S,CA,36,0,3218.39,22.35,804.6,289.64,72.41,0,0,72.41,732.19,0,117.15,849.34,SOSHA1005000203,Invoice,Invoiced,21/03/2025,,,,,,,,,,,,,,36,Picked,DTR Van-D,,,,,,,,
IN000218,7880336,CT0010043301,SHA1001,3,384658,0384658,Jik Bleach Regular 250Ml *18,OU,S,CA,6,0,2355.3,130.85,785.1,141.33,47.11,0,0,47.11,737.99,0,118.08,856.07,SOSHA1001000033,Invoice,Invoiced,05/03/2025,,,,,,,,,,,,,,6,Picked,DTR Van-D,,,,,,,,
IN000266,7880336,CT0010046206,SHA1006,3,384658,0384658,Jik Bleach Regular 250Ml *18,OU,S,CA,6,0,2355.3,130.85,785.1,141.33,47.11,0,0,47.11,737.99,0,118.08,856.07,SOSHA1006000070,Invoice,Invoiced,05/03/2025,,,,,,,,,,,,,,6,Picked,DTR Van-D,,,,,,,,
IN000273,7880336,CT0010045397,SHA1007,1,384658,0384658,Jik Bleach Regular 250Ml *18,OU,S,CA,6,0,2355.3,130.85,785.1,141.33,47.11,0,0,47.11,737.99,0,118.08,856.07,SOSHA1007000042,Invoice,Invoiced,05/03/2025,,,,,,,,,,,,,,6,Picked,DTR Van-D,,,,,,,,
IN000299,7880336,CT0010047399,SHA1002,1,384658,0384658,Jik Bleach Regular 250Ml *18,OU,S,CA,6,0,2355.3,130.85,785.1,141.33,47.11,0,0,47.11,737.99,0,118.08,856.07,SOSHA1002000071,Invoice,Invoiced,06/03/2025,,,,,,,,,,,,,,6,Picked,DTR Van-D,,,,,,,,
IN000312,7880336,CT0010041882,SHA1003,5,384658,0384658,Jik Bleach Regular 250Ml *18,OU,S,CA,6,0,2355.3,130.85,785.1,141.33,47.11,0,0,47.11,737.99,0,118.08,856.07,SOSHA1003000064,Invoice,Invoiced,06/03/2025,,,,,,,,,,,,,,6,Picked,DTR Van-D,,,,,,,,
IN000322,7880336,CT0010041624,SHA1003,2,384658,0384658,Jik Bleach Regular 250Ml *18,OU,S,CA,6,0,2355.3,130.85,785.1,141.33,47.11,0,0,47.11,737.99,0,118.08,856.07,SOSHA1003000076,Invoice,Invoiced,06/03/2025,,,,,,,,,,,,,,6,Picked,DTR Van-D,,,,,,,,
IN000334,7880336,CT0010044949,SHA1004,1,384658,0384658,Jik Bleach Regular 250Ml *18,OU,S,CA,6,0,2355.3,130.85,785.1,141.33,47.11,0,0,47.11,737.99,0,118.08,856.07,SOSHA1004000041,Invoice,Invoiced,06/03/2025,,,,,,,,,,,,,,6,Picked,DTR Van-D,,,,,,,,
IN000401,7880336,CT0010047004,SHA1002,2,384658,0384658,Jik Bleach Regular 250Ml *18,OU,S,CA,6,0,2355.3,130.85,785.1,141.33,47.11,0,0,47.11,737.99,0,118.08,856.07,SOSHA1002000084,Invoice,Invoiced,06/03/2025,,,,,,,,,,,,,,6,Picked,DTR Van-D,,,,,,,,
IN000417,7880336,CT0010042422,SHA1003,2,384658,0384658,Jik Bleach Regular 250Ml *18,OU,S,CA,6,0,2355.3,130.85,785.1,141.33,47.11,0,0,47.11,737.99,0,118.08,856.07,SOSHA1003000083,Invoice,Invoiced,06/03/2025,,,,,,,,,,,,,,6,Picked,DTR Van-D,,,,,,,,
IN000428,7880336,CT0010046328,SHA1004,1,384658,0384658,Jik Bleach Regular 250Ml *18,OU,S,CA,6,0,2355.3,130.85,785.1,141.33,47.11,0,0,47.11,737.99,0,118.08,856.07,SOSHA1004000064,Invoice,Invoiced,06/03/2025,,,,,,,,,,,,,,6,Picked,DTR Van-D,,,,,,,,
IN000485,7880336,CT0010047143,SHA1007,1,384658,0384658,Jik Bleach Regular 250Ml *18,OU,S,CA,6,0,2355.3,130.85,785.1,141.33,47.11,0,0,47.11,737.99,0,118.08,856.07,SOSHA1007000068,Invoice,Invoiced,06/03/2025,,,,,,,,,,,,,,6,Picked,DTR Van-D,,,,,,,,
IN000514,7880336,CT0010045000,SHA1002,2,384658,0384658,Jik Bleach Regular 250Ml *18,OU,S,CA,6,0,2355.3,130.85,785.1,141.33,47.11,0,0,47.11,737.99,0,118.08,856.07,SOSHA1002000100,Invoice,Invoiced,08/03/2025,,,,,,,,,,,,,,6,Picked,DTR Van-D,,,,,,,,
IN000535,7880336,CT0010043893,SHA1003,2,384658,0384658,Jik Bleach Regular 250Ml *18,OU,S,CA,6,0,2355.3,130.85,785.1,141.33,47.11,0,0,47.11,737.99,0,118.08,856.07,SOSHA1003000101,Invoice,Invoiced,08/03/2025,,,,,,,,,,,,,,6,Picked,DTR Van-D,,,,,,,,
IN000537,7880336,CT0010043843,SHA1003,1,384658,0384658,Jik Bleach Regular 250Ml *18,OU,S,CA,6,0,2355.3,130.85,785.1,141.33,47.11,0,0,47.11,737.99,0,118.08,856.07,SOSHA1003000103,Invoice,Invoiced,08/03/2025,,,,,,,,,,,,,,6,Picked,DTR Van-D,,,,,,,,
IN000642,7880336,CT0010041954,SHA1003,1,384658,0384658,Jik Bleach Regular 250Ml *18,OU,S,CA,6,0,2355.3,130.85,785.1,141.33,47.11,0,0,47.11,737.99,0,118.08,856.07,SOSHA1003000114,Invoice,Invoiced,10/03/2025,,,,,,,,,,,,,,6,Picked,DTR Van-D,,,,,,,,
IN000679,7880336,CT0010042509,SHA1006,2,384658,0384658,Jik Bleach Regular 250Ml *18,OU,S,CA,6,0,2355.3,130.85,785.1,141.33,47.11,0,0,47.11,737.99,0,118.08,856.07,SOSHA1006000135,Invoice,Invoiced,10/03/2025,,,,,,,,,,,,,,6,Picked,DTR Van-D,,,,,,,,
IN000707,7880336,CT0010042929,SHA1001,1,384658,0384658,Jik Bleach Regular 250Ml *18,OU,S,CA,6,0,2355.3,130.85,785.1,141.33,47.11,0,0,47.11,737.99,0,118.08,856.07,SOSHA1001000112,Invoice,Invoiced,11/03/2025,,,,,,,,,,,,,,6,Picked,DTR Van-D,,,,,,,,
IN000729,7880336,CT0010045164,SHA1002,3,384658,0384658,Jik Bleach Regular 250Ml *18,OU,S,CA,6,0,2355.3,130.85,785.1,141.33,47.11,0,0,47.11,737.99,0,118.08,856.07,SOSHA1002000134,Invoice,Invoiced,11/03/2025,,,,,,,,,,,,,,6,Picked,DTR Van-D,,,,,,,,
IN000738,7880336,CT0010042949,SHA1001,1,384658,0384658,Jik Bleach Regular 250Ml *18,OU,S,CA,6,0,2355.3,130.85,785.1,141.33,47.11,0,0,47.11,737.99,0,118.08,856.07,SOSHA1001000130,Invoice,Invoiced,11/03/2025,,,,,,,,,,,,,,6,Picked,DTR Van-D,,,,,,,,
IN000758,7880336,CT0010043745,SHA1003,8,384658,0384658,Jik Bleach Regular 250Ml *18,OU,S,CA,6,0,2355.3,130.85,785.1,141.33,47.11,0,0,47.11,737.99,0,118.08,856.07,SOSHA1003000132,Invoice,Invoiced,11/03/2025,,,,,,,,,,,,,,6,Picked,DTR Van-D,,,,,,,,
IN000797,7880336,CT0010054253,SHA1006,3,384658,0384658,Jik Bleach Regular 250Ml *18,OU,S,CA,6,0,2355.3,130.85,785.1,141.33,47.11,0,0,47.11,737.99,0,118.08,856.07,SOSHA1006000144,Invoice,Invoiced,12/03/2025,,,,,,,,,,,,,,6,Picked,DTR Van-D,,,,,,,,
IN000842,7880336,CT0010054341,SHA1005,3,384658,0384658,Jik Bleach Regular 250Ml *18,OU,S,CA,6,0,2355.3,130.85,785.1,141.33,47.11,0,0,47.11,737.99,0,118.08,856.07,SOSHA1005000103,Invoice,Invoiced,12/03/2025,,,,,,,,,,,,,,6,Picked,DTR Van-D,,,,,,,,
IN000846,7880336,CT0010042708,SHA1004,2,384658,0384658,Jik Bleach Regular 250Ml *18,OU,S,CA,6,0,2355.3,130.85,785.1,141.33,47.11,0,0,47.11,737.99,0,118.08,856.07,SOSHA1004000129,Invoice,Invoiced,12/03/2025,,,,,,,,,,,,,,6,Picked,DTR Van-D,,,,,,,,
IN000850,7880336,CT0010054380,SHA1006,1,384658,0384658,Jik Bleach Regular 250Ml *18,OU,S,CA,6,0,2355.3,130.85,785.1,141.33,47.11,0,0,47.11,737.99,0,118.08,856.07,SOSHA1006000168,Invoice,Invoiced,12/03/2025,,,,,,,,,,,,,,6,Picked,DTR Van-D,,,,,,,,
IN000870,7880336,CT0010042804,SHA1002,2,384658,0384658,Jik Bleach Regular 250Ml *18,OU,S,CA,6,0,2355.3,130.85,785.1,141.33,47.11,0,0,47.11,737.99,0,118.08,856.07,SOSHA1002000153,Invoice,Invoiced,12/03/2025,,,,,,,,,,,,,,6,Picked,DTR Van-D,,,,,,,,
IN000887,7880336,CT0010044773,SHA1005,2,384658,0384658,Jik Bleach Regular 250Ml *18,OU,S,CA,6,0,2355.3,130.85,785.1,141.33,47.11,0,0,47.11,737.99,0,118.08,856.07,SOSHA1005000113,Invoice,Invoiced,12/03/2025,,,,,,,,,,,,,,6,Picked,DTR Van-D,,,,,,,,
IN000918,7880336,CT0010043945,SHA1003,2,384658,0384658,Jik Bleach Regular 250Ml *18,OU,S,CA,6,0,2355.3,130.85,785.1,141.33,47.11,0,0,47.11,737.99,0,118.08,856.07,SOSHA1003000153,Invoice,Invoiced,13/03/2025,,,,,,,,,,,,,,6,Picked,DTR Van-D,,,,,,,,
IN000928,7880336,CT0010054424,SHA1003,2,384658,0384658,Jik Bleach Regular 250Ml *18,OU,S,CA,6,0,2355.3,130.85,785.1,141.33,47.11,0,0,47.11,737.99,0,118.08,856.07,SOSHA1003000168,Invoice,Invoiced,13/03/2025,,,,,,,,,,,,,,6,Picked,DTR Van-D,,,,,,,,
IN000935,7880336,CT0010054394,SHA1004,1,384658,0384658,Jik Bleach Regular 250Ml *18,OU,S,CA,6,0,2355.3,130.85,785.1,141.33,47.11,0,0,47.11,737.99,0,118.08,856.07,SOSHA1004000141,Invoice,Invoiced,13/03/2025,,,,,,,,,,,,,,6,Picked,DTR Van-D,,,,,,,,
IN000966,7880336,CT0010054412,SHA1007,2,384658,0384658,Jik Bleach Regular 250Ml *18,OU,S,CA,6,0,2355.3,130.85,785.1,141.33,47.11,0,0,47.11,737.99,0,118.08,856.07,SOSHA1007000151,Invoice,Invoiced,13/03/2025,,,,,,,,,,,,,,6,Picked,DTR Van-D,,,,,,,,
IN000968,7880336,CT0010054419,SHA1007,1,384658,0384658,Jik Bleach Regular 250Ml *18,OU,S,CA,6,0,2355.3,130.85,785.1,141.33,47.11,0,0,47.11,737.99,0,118.08,856.07,SOSHA1007000154,Invoice,Invoiced,13/03/2025,,,,,,,,,,,,,,6,Picked,DTR Van-D,,,,,,,,
IN001026,7880336,CT0010054462,SHA1005,2,384658,0384658,Jik Bleach Regular 250Ml *18,OU,S,CA,6,0,2355.3,130.85,785.1,141.33,47.11,0,0,47.11,737.99,0,118.08,856.07,SOSHA1005000122,Invoice,Invoiced,14/03/2025,,,,,,,,,,,,,,6,Picked,DTR Van-D,,,,,,,,
IN001082,7880336,CT0010043494,SHA1002,1,384658,0384658,Jik Bleach Regular 250Ml *18,OU,S,CA,6,0,2355.3,130.85,785.1,141.33,47.11,0,0,47.11,737.99,0,118.08,856.07,SOSHA1002000174,Invoice,Invoiced,17/03/2025,,,,,,,,,,,,,,6,Picked,DTR Van-D,,,,,,,,
IN001113,7880336,CT0010045383,SHA1004,1,384658,0384658,Jik Bleach Regular 250Ml *18,OU,S,CA,6,0,2355.3,130.85,785.1,141.33,47.11,0,0,47.11,737.99,0,118.08,856.07,SOSHA1004000191,Invoice,Invoiced,17/03/2025,,,,,,,,,,,,,,6,Picked,DTR Van-D,,,,,,,,
IN001135,7880336,CT0010054530,SHA1005,1,384658,0384658,Jik Bleach Regular 250Ml *18,OU,S,CA,6,0,2355.3,130.85,785.1,141.33,47.11,0,0,47.11,737.99,0,118.08,856.07,SOSHA1005000147,Invoice,Invoiced,17/03/2025,,,,,,,,,,,,,,6,Picked,DTR Van-D,,,,,,,,
IN001168,7880336,CT0010054044,SHA1001,1,384658,0384658,Jik Bleach Regular 250Ml *18,OU,S,CA,6,0,2355.3,130.85,785.1,141.33,47.11,0,0,47.11,737.99,0,118.08,856.07,SOSHA1001000193,Invoice,Invoiced,18/03/2025,,,,,,,,,,,,,,6,Picked,DTR Van-D,,,,,,,,
IN001178,7880336,CT0010054616,SHA1001,2,384658,0384658,Jik Bleach Regular 250Ml *18,OU,S,CA,6,0,2355.3,130.85,785.1,141.33,47.11,0,0,47.11,737.99,0,118.08,856.07,SOSHA1001000208,Invoice,Invoiced,18/03/2025,,,,,,,,,,,,,,6,Picked,DTR Van-D,,,,,,,,
IN001183,7880336,CT0010043252,SHA1001,2,384658,0384658,Jik Bleach Regular 250Ml *18,OU,S,CA,6,0,2355.3,130.85,785.1,141.33,47.11,0,0,47.11,737.99,0,118.08,856.07,SOSHA1001000200,Invoice,Invoiced,18/03/2025,,,,,,,,,,,,,,6,Picked,DTR Van-D,,,,,,,,
IN001211,7880336,CT0010044707,SHA1004,1,384658,0384658,Jik Bleach Regular 250Ml *18,OU,S,CA,6,0,2355.3,130.85,785.1,141.33,47.11,0,0,47.11,737.99,0,118.08,856.07,SOSHA1004000197,Invoice,Invoiced,18/03/2025,,,,,,,,,,,,,,6,Picked,DTR Van-D,,,,,,,,
IN001218,7880336,CT0010041649,SHA1003,2,384658,0384658,Jik Bleach Regular 250Ml *18,OU,S,CA,6,0,2355.3,130.85,785.1,141.33,47.11,0,0,47.11,737.99,0,118.08,856.07,SOSHA1003000210,Invoice,Invoiced,18/03/2025,,,,,,,,,,,,,,6,Picked,DTR Van-D,,,,,,,,
IN001224,7880336,CT0010044637,SHA1004,1,384658,0384658,Jik Bleach Regular 250Ml *18,OU,S,CA,6,0,2355.3,130.85,785.1,141.33,47.11,0,0,47.11,737.99,0,118.08,856.07,SOSHA1004000208,Invoice,Invoiced,18/03/2025,,,,,,,,,,,,,,6,Picked,DTR Van-D,,,,,,,,
IN001271,7880336,CT0010046214,SHA1006,2,384658,0384658,Jik Bleach Regular 250Ml *18,OU,S,CA,6,0,2355.3,130.85,785.1,141.33,47.11,0,0,47.11,737.99,0,118.08,856.07,SOSHA1006000238,Invoice,Invoiced,18/03/2025,,,,,,,,,,,,,,6,Picked,DTR Van-D,,,,,,,,
IN001296,7880336,CT0010054097,SHA1001,2,384658,0384658,Jik Bleach Regular 250Ml *18,OU,S,CA,6,0,2355.3,130.85,785.1,141.33,47.11,0,0,47.11,737.99,0,118.08,856.07,SOSHA1001000218,Invoice,Invoiced,20/03/2025,,,,,,,,,,,,,,6,Picked,DTR Van-D,,,,,,,,
IN001325,7880336,CT0010041550,SHA1003,2,384658,0384658,Jik Bleach Regular 250Ml *18,OU,S,CA,6,0,2355.3,130.85,785.1,141.33,47.11,0,0,47.11,737.99,0,118.08,856.07,SOSHA1003000215,Invoice,Invoiced,20/03/2025,,,,,,,,,,,,,,6,Picked,DTR Van-D,,,,,,,,
IN001356,7880336,CT0010044870,SHA1004,1,384658,0384658,Jik Bleach Regular 250Ml *18,OU,S,CA,6,0,2355.3,130.85,785.1,141.33,47.11,0,0,47.11,737.99,0,118.08,856.07,SOSHA1004000232,Invoice,Invoiced,20/03/2025,,,,,,,,,,,,,,6,Picked,DTR Van-D,,,,,,,,
IN001400,7880336,CT0010054686,SHA1007,4,384658,0384658,Jik Bleach Regular 250Ml *18,OU,S,CA,6,0,2355.3,130.85,785.1,141.33,47.11,0,0,47.11,737.99,0,118.08,856.07,SOSHA1007000208,Invoice,Invoiced,20/03/2025,,,,,,,,,,,,,,6,Picked,DTR Van-D,,,,,,,,
IN001426,7880336,CT0010054134,SHA1002,2,384658,0384658,Jik Bleach Regular 250Ml *18,OU,S,CA,6,0,2355.3,130.85,785.1,141.33,47.11,0,0,47.11,737.99,0,118.08,856.07,SOSHA1002000235,Invoice,Invoiced,21/03/2025,,,,,,,,,,,,,,6,Picked,DTR Van-D,,,,,,,,
IN001463,7880336,CT0010046319,SHA1004,1,384658,0384658,Jik Bleach Regular 250Ml *18,OU,S,CA,6,0,2355.3,130.85,785.1,141.33,47.11,0,0,47.11,737.99,0,118.08,856.07,SOSHA1004000260,Invoice,Invoiced,21/03/2025,,,,,,,,,,,,,,6,Picked,DTR Van-D,,,,,,,,
IN001473,7880336,CT0010054701,SHA1005,2,384658,0384658,Jik Bleach Regular 250Ml *18,OU,S,CA,6,0,2355.3,130.85,785.1,141.33,47.11,0,0,47.11,737.99,0,118.08,856.07,SOSHA1005000204,Invoice,Invoiced,21/03/2025,,,,,,,,,,,,,,6,Picked,DTR Van-D,,,,,,,,
IN000174,7880336,CT0010045388,SHA1004,10,366195,0366195,Dettol Soap Herbal 72*90Gm,OU,S,CA,6,0,9028,125.39,752.34,0,0,0,0,0,752.34,0,120.37,872.71,SOSHA1004000011,Invoice,Invoiced,04/03/2025,,,,,,,,,,,,,,6,Picked,DTR Van-D,,,,,,,,
IN000192,7880336,CT0010043579,SHA1007,1,366159,0366159,Dettol Soap Original 72*90Gm,OU,S,CA,6,0,9028,125.39,752.34,0,0,0,0,0,752.34,0,120.37,872.71,SOSHA1007000033,Invoice,Invoiced,04/03/2025,,,,,,,,,,,,,,6,Picked,DTR Van-D,,,,,,,,
IN000237,7880336,CT0010044628,SHA1004,2,366159,0366159,Dettol Soap Original 72*90Gm,OU,S,CA,6,0,9028,125.39,752.34,0,0,0,0,0,752.34,0,120.37,872.71,SOSHA1004000027,Invoice,Invoiced,05/03/2025,,,,,,,,,,,,,,6,Picked,DTR Van-D,,,,,,,,
IN000240,7880336,CT0010044653,SHA1004,3,366159,0366159,Dettol Soap Original 72*90Gm,OU,S,CA,6,0,9028,125.39,752.34,0,0,0,0,0,752.34,0,120.37,872.71,SOSHA1004000030,Invoice,Invoiced,05/03/2025,,,,,,,,,,,,,,6,Picked,DTR Van-D,,,,,,,,
IN000243,7880336,CT0010044700,SHA1004,1,366159,0366159,Dettol Soap Original 72*90Gm,OU,S,CA,6,0,9028,125.39,752.34,0,0,0,0,0,752.34,0,120.37,872.71,SOSHA1004000033,Invoice,Invoiced,05/03/2025,,,,,,,,,,,,,,6,Picked,DTR Van-D,,,,,,,,
IN000248,7880336,CT0010044634,SHA1004,1,366159,0366159,Dettol Soap Original 72*90Gm,OU,S,CA,6,0,9028,125.39,752.34,0,0,0,0,0,752.34,0,120.37,872.71,SOSHA1004000034,Invoice,Invoiced,05/03/2025,,,,,,,,,,,,,,6,Picked,DTR Van-D,,,,,,,,
IN000286,7880336,CT0010046549,SHA1001,2,366159,0366159,Dettol Soap Original 72*90Gm,OU,S,CA,6,0,9028,125.39,752.34,0,0,0,0,0,752.34,0,120.37,872.71,SOSHA1001000054,Invoice,Invoiced,06/03/2025,,,,,,,,,,,,,,6,Picked,DTR Van-D,,,,,,,,
IN000288,7880336,CT0010047418,SHA1002,2,366159,0366159,Dettol Soap Original 72*90Gm,OU,S,CA,6,0,9028,125.39,752.34,0,0,0,0,0,752.34,0,120.37,872.71,SOSHA1002000060,Invoice,Invoiced,06/03/2025,,,,,,,,,,,,,,6,Picked,DTR Van-D,,,,,,,,
IN000312,7880336,CT0010041882,SHA1003,7,366159,0366159,Dettol Soap Original 72*90Gm,OU,S,CA,6,0,9028,125.39,752.34,0,0,0,0,0,752.34,0,120.37,872.71,SOSHA1003000064,Invoice,Invoiced,06/03/2025,,,,,,,,,,,,,,6,Picked,DTR Van-D,,,,,,,,
IN000312,7880336,CT0010041882,SHA1003,11,366184,0366184,Dettol Soap Cool 72*90Gm,OU,S,CA,6,0,9028,125.39,752.34,0,0,0,0,0,752.34,0,120.37,872.71,SOSHA1003000064,Invoice,Invoiced,06/03/2025,,,,,,,,,,,,,,6,Picked,DTR Van-D,,,,,,,,
IN000312,7880336,CT0010041882,SHA1003,14,366195,0366195,Dettol Soap Herbal 72*90Gm,OU,S,CA,6,0,9028,125.39,752.34,0,0,0,0,0,752.34,0,120.37,872.71,SOSHA1003000064,Invoice,Invoiced,06/03/2025,,,,,,,,,,,,,,6,Picked,DTR Van-D,,,,,,,,
IN000336,7880336,CT0010044926,SHA1004,3,366195,0366195,Dettol Soap Herbal 72*90Gm,OU,S,CA,6,0,9028,125.39,752.34,0,0,0,0,0,752.34,0,120.37,872.71,SOSHA1004000043,Invoice,Invoiced,06/03/2025,,,,,,,,,,,,,,6,Picked,DTR Van-D,,,,,,,,
IN000345,7880336,CT0010044948,SHA1004,6,366159,0366159,Dettol Soap Original 72*90Gm,OU,S,CA,6,0,9028,125.39,752.34,0,0,0,0,0,752.34,0,120.37,872.71,SOSHA1004000047,Invoice,Invoiced,06/03/2025,,,,,,,,,,,,,,6,Picked,DTR Van-D,,,,,,,,
IN000345,7880336,CT0010044948,SHA1004,8,366195,0366195,Dettol Soap Herbal 72*90Gm,OU,S,CA,6,0,9028,125.39,752.34,0,0,0,0,0,752.34,0,120.37,872.71,SOSHA1004000047,Invoice,Invoiced,06/03/2025,,,,,,,,,,,,,,6,Picked,DTR Van-D,,,,,,,,
IN000382,7880336,CT0010046912,SHA1007,2,366159,0366159,Dettol Soap Original 72*90Gm,OU,S,CA,6,0,9028,125.39,752.34,0,0,0,0,0,752.34,0,120.37,872.71,SOSHA1007000055,Invoice,Invoiced,06/03/2025,,,,,,,,,,,,,,6,Picked,DTR Van-D,,,,,,,,
IN000388,7880336,CT0010054131,SHA1001,1,366159,0366159,Dettol Soap Original 72*90Gm,OU,S,CA,6,0,9028,125.39,752.34,0,0,0,0,0,752.34,0,120.37,872.71,SOSHA1001000061,Invoice,Invoiced,06/03/2025,,,,,,,,,,,,,,6,Picked,DTR Van-D,,,,,,,,
IN000401,7880336,CT0010047004,SHA1002,3,366159,0366159,Dettol Soap Original 72*90Gm,OU,S,CA,6,0,9028,125.39,752.34,0,0,0,0,0,752.34,0,120.37,872.71,SOSHA1002000084,Invoice,Invoiced,06/03/2025,,,,,,,,,,,,,,6,Picked,DTR Van-D,,,,,,,,
IN000409,7880336,CT0010047048,SHA1002,4,366159,0366159,Dettol Soap Original 72*90Gm,OU,S,CA,6,0,9028,125.39,752.34,0,0,0,0,0,752.34,0,120.37,872.71,SOSHA1002000095,Invoice,Invoiced,06/03/2025,,,,,,,,,,,,,,6,Picked,DTR Van-D,,,,,,,,
IN000409,7880336,CT0010047048,SHA1002,5,366177,0366177,Dettol Soap Skincare 72*90G,OU,S,CA,6,0,9028,125.39,752.34,0,0,0,0,0,752.34,0,120.37,872.71,SOSHA1002000095,Invoice,Invoiced,06/03/2025,,,,,,,,,,,,,,6,Picked,DTR Van-D,,,,,,,,
IN000409,7880336,CT0010047048,SHA1002,7,366195,0366195,Dettol Soap Herbal 72*90Gm,OU,S,CA,6,0,9028,125.39,752.34,0,0,0,0,0,752.34,0,120.37,872.71,SOSHA1002000095,Invoice,Invoiced,06/03/2025,,,,,,,,,,,,,,6,Picked,DTR Van-D,,,,,,,,
IN000413,7880336,CT0010047020,SHA1002,4,366159,0366159,Dettol Soap Original 72*90Gm,OU,S,CA,6,0,9028,125.39,752.34,0,0,0,0,0,752.34,0,120.37,872.71,SOSHA1002000089,Invoice,Invoiced,06/03/2025,,,,,,,,,,,,,,6,Picked,DTR Van-D,,,,,,,,
IN000413,7880336,CT0010047020,SHA1002,7,366195,0366195,Dettol Soap Herbal 72*90Gm,OU,S,CA,6,0,9028,125.39,752.34,0,0,0,0,0,752.34,0,120.37,872.71,SOSHA1002000089,Invoice,Invoiced,06/03/2025,,,,,,,,,,,,,,6,Picked,DTR Van-D,,,,,,,,
IN000420,7880336,CT0010041859,SHA1003,2,366159,0366159,Dettol Soap Original 72*90Gm,OU,S,CA,6,0,9028,125.39,752.34,0,0,0,0,0,752.34,0,120.37,872.71,SOSHA1003000086,Invoice,Invoiced,06/03/2025,,,,,,,,,,,,,,6,Picked,DTR Van-D,,,,,,,,
IN000440,7880336,CT0010054147,SHA1004,3,366159,0366159,Dettol Soap Original 72*90Gm,OU,S,CA,6,0,9028,125.39,752.34,0,0,0,0,0,752.34,0,120.37,872.71,SOSHA1004000074,Invoice,Invoiced,06/03/2025,,,,,,,,,,,,,,6,Picked,DTR Van-A,,,,,,,,
IN000455,7880336,CT0010054139,SHA1005,3,366159,0366159,Dettol Soap Original 72*90Gm,OU,S,CA,6,0,9028,125.39,752.34,0,0,0,0,0,752.34,0,120.37,872.71,SOSHA1005000053,Invoice,Invoiced,06/03/2025,,,,,,,,,,,,,,6,Picked,DTR Van-D,,,,,,,,
IN000515,7880336,CT0010044998,SHA1002,1,366159,0366159,Dettol Soap Original 72*90Gm,OU,S,CA,6,0,9028,125.39,752.34,0,0,0,0,0,752.34,0,120.37,872.71,SOSHA1002000101,Invoice,Invoiced,08/03/2025,,,,,,,,,,,,,,6,Picked,DTR Van-D,,,,,,,,
IN000530,7880336,CT0010043804,SHA1003,2,366159,0366159,Dettol Soap Original 72*90Gm,OU,S,CA,6,0,9028,125.39,752.34,0,0,0,0,0,752.34,0,120.37,872.71,SOSHA1003000096,Invoice,Invoiced,08/03/2025,,,,,,,,,,,,,,6,Picked,DTR Van-D,,,,,,,,
IN000532,7880336,CT0010043886,SHA1003,2,366159,0366159,Dettol Soap Original 72*90Gm,OU,S,CA,6,0,9028,125.39,752.34,0,0,0,0,0,752.34,0,120.37,872.71,SOSHA1003000098,Invoice,Invoiced,08/03/2025,,,,,,,,,,,,,,6,Picked,DTR Van-D,,,,,,,,
IN000532,7880336,CT0010043886,SHA1003,4,366177,0366177,Dettol Soap Skincare 72*90G,OU,S,CA,6,0,9028,125.39,752.34,0,0,0,0,0,752.34,0,120.37,872.71,SOSHA1003000098,Invoice,Invoiced,08/03/2025,,,,,,,,,,,,,,6,Picked,DTR Van-D,,,,,,,,
IN000534,7880336,CT0010043850,SHA1003,4,366159,0366159,Dettol Soap Original 72*90Gm,OU,S,CA,6,0,9028,125.39,752.34,0,0,0,0,0,752.34,0,120.37,872.71,SOSHA1003000100,Invoice,Invoiced,08/03/2025,,,,,,,,,,,,,,6,Picked,DTR Van-D,,,,,,,,
IN000549,7880336,CT0010045917,SHA1004,2,366159,0366159,Dettol Soap Original 72*90Gm,OU,S,CA,6,0,9028,125.39,752.34,0,0,0,0,0,752.34,0,120.37,872.71,SOSHA1004000076,Invoice,Invoiced,08/03/2025,,,,,,,,,,,,,,6,Picked,DTR Van-D,,,,,,,,
IN000589,7880336,CT0010054189,SHA1007,2,366159,0366159,Dettol Soap Original 72*90Gm,OU,S,CA,6,0,9028,125.39,752.34,0,0,0,0,0,752.34,0,120.37,872.71,SOSHA1007000092,Invoice,Invoiced,08/03/2025,,,,,,,,,,,,,,6,Picked,DTR Van-D,,,,,,,,
IN000598,7880336,CT0010054219,SHA1004,7,366159,0366159,Dettol Soap Original 72*90Gm,OU,S,CA,6,0,9028,125.39,752.34,0,0,0,0,0,752.34,0,120.37,872.71,SOSHA1004000087,Invoice,Invoiced,10/03/2025,,,,,,,,,,,,,,6,Unpick,DTR Van-A,,,,,,,,
IN000598,7880336,CT0010054219,SHA1004,11,366195,0366195,Dettol Soap Herbal 72*90Gm,OU,S,CA,6,0,9028,125.39,752.34,0,0,0,0,0,752.34,0,120.37,872.71,SOSHA1004000087,Invoice,Invoiced,10/03/2025,,,,,,,,,,,,,,6,Unpick,DTR Van-A,,,,,,,,
IN000604,7880336,CT0010044103,SHA1001,2,366177,0366177,Dettol Soap Skincare 72*90G,OU,S,CA,6,0,9028,125.39,752.34,0,0,0,0,0,752.34,0,120.37,872.71,SOSHA1001000097,Invoice,Invoiced,10/03/2025,,,,,,,,,,,,,,6,Picked,DTR Van-D,,,,,,,,
IN000607,7880336,CT0010044056,SHA1001,1,366159,0366159,Dettol Soap Original 72*90Gm,OU,S,CA,6,0,9028,125.39,752.34,0,0,0,0,0,752.34,0,120.37,872.71,SOSHA1001000100,Invoice,Invoiced,10/03/2025,,,,,,,,,,,,,,6,Picked,DTR Van-D,,,,,,,,
IN000618,7880336,CT0010046039,SHA1002,1,366159,0366159,Dettol Soap Original 72*90Gm,OU,S,CA,6,0,9028,125.39,752.34,0,0,0,0,0,752.34,0,120.37,872.71,SOSHA1002000120,Invoice,Invoiced,10/03/2025,,,,,,,,,,,,,,6,Picked,DTR Van-D,,,,,,,,
IN000618,7880336,CT0010046039,SHA1002,2,366195,0366195,Dettol Soap Herbal 72*90Gm,OU,S,CA,6,0,9028,125.39,752.34,0,0,0,0,0,752.34,0,120.37,872.71,SOSHA1002000120,Invoice,Invoiced,10/03/2025,,,,,,,,,,,,,,6,Picked,DTR Van-D,,,,,,,,
IN000627,7880336,CT0010045997,SHA1002,1,366177,0366177,Dettol Soap Skincare 72*90G,OU,S,CA,6,0,9028,125.39,752.34,0,0,0,0,0,752.34,0,120.37,872.71,SOSHA1002000131,Invoice,Invoiced,10/03/2025,,,,,,,,,,,,,,6,Picked,DTR Van-D,,,,,,,,
IN000647,7880336,CT0010045550,SHA1004,1,366159,0366159,Dettol Soap Original 72*90Gm,OU,S,CA,6,0,9028,125.39,752.34,0,0,0,0,0,752.34,0,120.37,872.71,SOSHA1004000092,Invoice,Invoiced,10/03/2025,,,,,,,,,,,,,,6,Picked,DTR Van-D,,,,,,,,
IN000671,7880336,CT0010046378,SHA1005,1,366159,0366159,Dettol Soap Original 72*90Gm,OU,S,CA,6,0,9028,125.39,752.34,0,0,0,0,0,752.34,0,120.37,872.71,SOSHA1005000077,Invoice,Invoiced,10/03/2025,,,,,,,,,,,,,,6,Picked,DTR Van-D,,,,,,,,
IN000706,7880336,CT0010054294,SHA1001,1,366159,0366159,Dettol Soap Original 72*90Gm,OU,S,CA,6,0,9028,125.39,752.34,0,0,0,0,0,752.34,0,120.37,872.71,SOSHA1001000111,Invoice,Invoiced,11/03/2025,,,,,,,,,,,,,,6,Picked,DTR Van-D,,,,,,,,
IN000730,7880336,CT0010045167,SHA1002,3,366159,0366159,Dettol Soap Original 72*90Gm,OU,S,CA,6,0,9028,125.39,752.34,0,0,0,0,0,752.34,0,120.37,872.71,SOSHA1002000135,Invoice,Invoiced,11/03/2025,,,,,,,,,,,,,,6,Picked,DTR Van-D,,,,,,,,
IN000738,7880336,CT0010042949,SHA1001,6,366195,0366195,Dettol Soap Herbal 72*90Gm,OU,S,CA,6,0,9028,125.39,752.34,0,0,0,0,0,752.34,0,120.37,872.71,SOSHA1001000130,Invoice,Invoiced,11/03/2025,,,,,,,,,,,,,,6,Picked,DTR Van-D,,,,,,,,
IN000758,7880336,CT0010043745,SHA1003,13,366159,0366159,Dettol Soap Original 72*90Gm,OU,S,CA,6,0,9028,125.39,752.34,0,0,0,0,0,752.34,0,120.37,872.71,SOSHA1003000132,Invoice,Invoiced,11/03/2025,,,,,,,,,,,,,,6,Picked,DTR Van-D,,,,,,,,
IN000758,7880336,CT0010043745,SHA1003,18,366195,0366195,Dettol Soap Herbal 72*90Gm,OU,S,CA,6,0,9028,125.39,752.34,0,0,0,0,0,752.34,0,120.37,872.71,SOSHA1003000132,Invoice,Invoiced,11/03/2025,,,,,,,,,,,,,,6,Picked,DTR Van-D,,,,,,,,
IN000768,7880336,CT0010045501,SHA1005,1,366159,0366159,Dettol Soap Original 72*90Gm,OU,S,CA,6,0,9028,125.39,752.34,0,0,0,0,0,752.34,0,120.37,872.71,SOSHA1005000098,Invoice,Invoiced,11/03/2025,,,,,,,,,,,,,,6,Picked,DTR Van-D,,,,,,,,
IN000849,7880336,CT0010043599,SHA1005,1,366159,0366159,Dettol Soap Original 72*90Gm,OU,S,CA,6,0,9028,125.39,752.34,0,0,0,0,0,752.34,0,120.37,872.71,SOSHA1005000107,Invoice,Invoiced,12/03/2025,,,,,,,,,,,,,,6,Picked,DTR Van-D,,,,,,,,
IN000863,7880336,CT0010041990,SHA1002,2,366159,0366159,Dettol Soap Original 72*90Gm,OU,S,CA,6,0,9028,125.39,752.34,0,0,0,0,0,752.34,0,120.37,872.71,SOSHA1002000146,Invoice,Invoiced,12/03/2025,,,,,,,,,,,,,,6,Picked,DTR Van-D,,,,,,,,
IN000865,7880336,CT0010045814,SHA1002,2,366159,0366159,Dettol Soap Original 72*90Gm,OU,S,CA,6,0,9028,125.39,752.34,0,0,0,0,0,752.34,0,120.37,872.71,SOSHA1002000148,Invoice,Invoiced,12/03/2025,,,,,,,,,,,,,,6,Picked,DTR Van-D,,,,,,,,
IN000874,7880336,CT0010041573,SHA1003,2,366195,0366195,Dettol Soap Herbal 72*90Gm,OU,S,CA,6,0,9028,125.39,752.34,0,0,0,0,0,752.34,0,120.37,872.71,SOSHA1003000141,Invoice,Invoiced,12/03/2025,,,,,,,,,,,,,,6,Picked,DTR Van-D,,,,,,,,
IN000882,7880336,CT0010043587,SHA1005,1,366159,0366159,Dettol Soap Original 72*90Gm,OU,S,CA,6,0,9028,125.39,752.34,0,0,0,0,0,752.34,0,120.37,872.71,SOSHA1005000108,Invoice,Invoiced,12/03/2025,,,,,,,,,,,,,,6,Picked,DTR Van-D,,,,,,,,
IN000889,7880336,CT0010044745,SHA1005,3,366159,0366159,Dettol Soap Original 72*90Gm,OU,S,CA,6,0,9028,125.39,752.34,0,0,0,0,0,752.34,0,120.37,872.71,SOSHA1005000115,Invoice,Invoiced,12/03/2025,,,,,,,,,,,,,,6,Picked,DTR Van-D,,,,,,,,
IN000889,7880336,CT0010044745,SHA1005,4,366195,0366195,Dettol Soap Herbal 72*90Gm,OU,S,CA,6,0,9028,125.39,752.34,0,0,0,0,0,752.34,0,120.37,872.71,SOSHA1005000115,Invoice,Invoiced,12/03/2025,,,,,,,,,,,,,,6,Picked,DTR Van-D,,,,,,,,
IN000913,7880336,CT0010043903,SHA1003,1,366159,0366159,Dettol Soap Original 72*90Gm,OU,S,CA,6,0,9028,125.39,752.34,0,0,0,0,0,752.34,0,120.37,872.71,SOSHA1003000148,Invoice,Invoiced,13/03/2025,,,,,,,,,,,,,,6,Picked,DTR Van-D,,,,,,,,
IN000973,7880336,CT0010042753,SHA1002,1,366159,0366159,Dettol Soap Original 72*90Gm,OU,S,CA,6,0,9028,125.39,752.34,0,0,0,0,0,752.34,0,120.37,872.71,SOSHA1002000165,Invoice,Invoiced,13/03/2025,,,,,,,,,,,,,,6,Picked,DTR Van-D,,,,,,,,
IN000974,7880336,CT0010054414,SHA1002,2,366159,0366159,Dettol Soap Original 72*90Gm,OU,S,CA,6,0,9028,125.39,752.34,0,0,0,0,0,752.34,0,120.37,872.71,SOSHA1002000160,Invoice,Invoiced,13/03/2025,,,,,,,,,,,,,,6,Picked,DTR Van-D,,,,,,,,
IN000981,7880336,CT0010047772,SHA1001,1,366159,0366159,Dettol Soap Original 72*90Gm,OU,S,CA,6,0,9028,125.39,752.34,0,0,0,0,0,752.34,0,120.37,872.71,SOSHA1001000164,Invoice,Invoiced,14/03/2025,,,,,,,,,,,,,,6,Picked,DTR Van-D,,,,,,,,
IN000994,7880336,CT0010043954,SHA1003,1,366159,0366159,Dettol Soap Original 72*90Gm,OU,S,CA,6,0,9028,125.39,752.34,0,0,0,0,0,752.34,0,120.37,872.71,SOSHA1003000175,Invoice,Invoiced,14/03/2025,,,,,,,,,,,,,,6,Picked,DTR Van-D,,,,,,,,
IN000996,7880336,CT0010043997,SHA1003,3,366159,0366159,Dettol Soap Original 72*90Gm,OU,S,CA,6,0,9028,125.39,752.34,0,0,0,0,0,752.34,0,120.37,872.71,SOSHA1003000177,Invoice,Invoiced,14/03/2025,,,,,,,,,,,,,,6,Picked,DTR Van-D,,,,,,,,
IN000996,7880336,CT0010043997,SHA1003,7,366195,0366195,Dettol Soap Herbal 72*90Gm,OU,S,CA,6,0,9028,125.39,752.34,0,0,0,0,0,752.34,0,120.37,872.71,SOSHA1003000177,Invoice,Invoiced,14/03/2025,,,,,,,,,,,,,,6,Picked,DTR Van-D,,,,,,,,
IN001017,7880336,CT0010054497,SHA1004,1,366159,0366159,Dettol Soap Original 72*90Gm,OU,S,CA,6,0,9028,125.39,752.34,0,0,0,0,0,752.34,0,120.37,872.71,SOSHA1004000166,Invoice,Invoiced,14/03/2025,,,,,,,,,,,,,,6,Picked,DTR Van-D,,,,,,,,
IN001021,7880336,CT0010044620,SHA1004,2,366159,0366159,Dettol Soap Original 72*90Gm,OU,S,CA,6,0,9028,125.39,752.34,0,0,0,0,0,752.34,0,120.37,872.71,SOSHA1004000170,Invoice,Invoiced,14/03/2025,,,,,,,,,,,,,,6,Picked,DTR Van-D,,,,,,,,
IN001083,7880336,CT0010045143,SHA1002,3,366159,0366159,Dettol Soap Original 72*90Gm,OU,S,CA,6,0,9028,125.39,752.34,0,0,0,0,0,752.34,0,120.37,872.71,SOSHA1002000175,Invoice,Invoiced,17/03/2025,,,,,,,,,,,,,,6,Picked,DTR Van-D,,,,,,,,
IN001135,7880336,CT0010054530,SHA1005,3,366195,0366195,Dettol Soap Herbal 72*90Gm,OU,S,CA,6,0,9028,125.39,752.34,0,0,0,0,0,752.34,0,120.37,872.71,SOSHA1005000147,Invoice,Invoiced,17/03/2025,,,,,,,,,,,,,,6,Picked,DTR Van-D,,,,,,,,
IN001168,7880336,CT0010054044,SHA1001,3,366159,0366159,Dettol Soap Original 72*90Gm,OU,S,CA,6,0,9028,125.39,752.34,0,0,0,0,0,752.34,0,120.37,872.71,SOSHA1001000193,Invoice,Invoiced,18/03/2025,,,,,,,,,,,,,,6,Picked,DTR Van-D,,,,,,,,
IN001239,7880336,CT0010054592,SHA1005,2,366159,0366159,Dettol Soap Original 72*90Gm,OU,S,CA,6,0,9028,125.39,752.34,0,0,0,0,0,752.34,0,120.37,872.71,SOSHA1005000164,Invoice,Invoiced,18/03/2025,,,,,,,,,,,,,,6,Picked,DTR Van-D,,,,,,,,
IN001301,7880336,CT0010046600,SHA1001,6,366159,0366159,Dettol Soap Original 72*90Gm,OU,S,CA,6,0,9028,125.39,752.34,0,0,0,0,0,752.34,0,120.37,872.71,SOSHA1001000222,Invoice,Invoiced,20/03/2025,,,,,,,,,,,,,,6,Picked,DTR Van-D,,,,,,,,
IN001400,7880336,CT0010054686,SHA1007,6,366159,0366159,Dettol Soap Original 72*90Gm,OU,S,CA,6,0,9028,125.39,752.34,0,0,0,0,0,752.34,0,120.37,872.71,SOSHA1007000208,Invoice,Invoiced,20/03/2025,,,,,,,,,,,,,,6,Picked,DTR Van-D,,,,,,,,
IN001417,7880336,CT0010046663,SHA1001,1,366159,0366159,Dettol Soap Original 72*90Gm,OU,S,CA,6,0,9028,125.39,752.34,0,0,0,0,0,752.34,0,120.37,872.71,SOSHA1001000237,Invoice,Invoiced,21/03/2025,,,,,,,,,,,,,,6,Picked,DTR Van-D,,,,,,,,
IN001421,7880336,CT0010054167,SHA1001,1,366159,0366159,Dettol Soap Original 72*90Gm,OU,S,CA,6,0,9028,125.39,752.34,0,0,0,0,0,752.34,0,120.37,872.71,SOSHA1001000233,Invoice,Invoiced,21/03/2025,,,,,,,,,,,,,,6,Picked,DTR Van-D,,,,,,,,
IN001452,7880336,CT0010042456,SHA1003,2,366159,0366159,Dettol Soap Original 72*90Gm,OU,S,CA,6,0,9028,125.39,752.34,0,0,0,0,0,752.34,0,120.37,872.71,SOSHA1003000243,Invoice,Invoiced,21/03/2025,,,,,,,,,,,,,,6,Picked,DTR Van-D,,,,,,,,
IN001476,7880336,CT0010044090,SHA1005,10,366159,0366159,Dettol Soap Original 72*90Gm,OU,S,CA,6,0,9028,125.39,752.34,0,0,0,0,0,752.34,0,120.37,872.71,SOSHA1005000202,Invoice,Invoiced,21/03/2025,,,,,,,,,,,,,,6,Picked,DTR Van-D,,,,,,,,
IN001477,7880336,CT0010044089,SHA1005,3,366159,0366159,Dettol Soap Original 72*90Gm,OU,S,CA,6,0,9028,125.39,752.34,0,0,0,0,0,752.34,0,120.37,872.71,SOSHA1005000203,Invoice,Invoiced,21/03/2025,,,,,,,,,,,,,,6,Picked,DTR Van-D,,,,,,,,
IN001480,7880336,CT0010054705,SHA1005,3,366177,0366177,Dettol Soap Skincare 72*90G,OU,S,CA,6,0,9028,125.39,752.34,0,0,0,0,0,752.34,0,120.37,872.71,SOSHA1005000208,Invoice,Invoiced,21/03/2025,,,,,,,,,,,,,,6,Picked,DTR Van-D,,,,,,,,
IN001481,7880336,CT0010054706,SHA1005,2,366159,0366159,Dettol Soap Original 72*90Gm,OU,S,CA,6,0,9028,125.39,752.34,0,0,0,0,0,752.34,0,120.37,872.71,SOSHA1005000209,Invoice,Invoiced,21/03/2025,,,,,,,,,,,,,,6,Picked,DTR Van-D,,,,,,,,
IN000205,7880336,CT0010045917,SHA1004,2,366196,0366196,Dettol Soap Herbal 48*175G,OU,S,CA,4,0,11184,233,932,671.04,55.92,0,0,55.92,876.08,0,0,876.08,SOSHA1004000005,Invoice,Invoiced,05/03/2025,,,,,,,,,,,,,,4,Unpick,DTR Van-D,,,,,,,,
IN000194,7880336,CT0010041512,SHA1003,3,3249063,3249063,DETTOL SOAP SKINCARE 125G,OU,S,CA,6,0,11285.27,156.74,940.44,677.16,56.43,0,0,56.43,884.01,0,0,884.01,SOSHA1003000046,Invoice,Invoiced,05/03/2025,,,,,,,,,,,,,,6,Unpick,DTR Van-D,,,,,,,,
IN001098,7880336,CT0010054539,SHA1002,2,3046971,3046971,DETTOL 24*10S WIPES FLOW PACK ORIGINAL,OU,S,CA,6,0,3058.47,127.44,764.64,0,0,0,0,0,764.64,0,122.34,886.98,SOSHA1002000172,Invoice,Invoiced,17/03/2025,,,,,,,,,,,,,,6,Picked,DTR Van-D,,,,,,,,
IN000328,7880336,CT0010041564,SHA1003,6,3012868,3012868,Jik Colours 70Ml *144,OU,S,CA,24,0,4597.7,31.93,766.32,0,0,0,0,0,766.32,0,122.61,888.93,SOSHA1003000071,Invoice,Invoiced,06/03/2025,,,,,,,,,,,,,,24,Picked,DTR Van-D,,,,,,,,
IN000332,7880336,CT0010044927,SHA1004,1,3012868,3012868,Jik Colours 70Ml *144,OU,S,CA,24,0,4597.7,31.93,766.32,0,0,0,0,0,766.32,0,122.61,888.93,SOSHA1004000039,Invoice,Invoiced,06/03/2025,,,,,,,,,,,,,,24,Picked,DTR Van-D,,,,,,,,
IN000361,7880336,CT0010054089,SHA1006,2,3012868,3012868,Jik Colours 70Ml *144,OU,S,CA,24,0,4597.7,31.93,766.32,0,0,0,0,0,766.32,0,122.61,888.93,SOSHA1006000091,Invoice,Invoiced,06/03/2025,,,,,,,,,,,,,,24,Picked,DTR Van-A,,,,,,,,
IN000403,7880336,CT0010045065,SHA1002,2,3012868,3012868,Jik Colours 70Ml *144,OU,S,CA,24,0,4597.7,31.93,766.32,0,0,0,0,0,766.32,0,122.61,888.93,SOSHA1002000087,Invoice,Invoiced,06/03/2025,,,,,,,,,,,,,,24,Picked,DTR Van-D,,,,,,,,
IN000845,7880336,CT0010043581,SHA1005,3,3012868,3012868,Jik Colours 70Ml *144,OU,S,CA,24,0,4597.7,31.93,766.32,0,0,0,0,0,766.32,0,122.61,888.93,SOSHA1005000106,Invoice,Invoiced,12/03/2025,,,,,,,,,,,,,,24,Picked,DTR Van-D,,,,,,,,
IN000915,7880336,CT0010041518,SHA1003,2,3012868,3012868,Jik Colours 70Ml *144,OU,S,CA,24,0,4597.7,31.93,766.32,0,0,0,0,0,766.32,0,122.61,888.93,SOSHA1003000150,Invoice,Invoiced,13/03/2025,,,,,,,,,,,,,,24,Picked,DTR Van-D,,,,,,,,
IN001026,7880336,CT0010054462,SHA1005,4,3012868,3012868,Jik Colours 70Ml *144,OU,S,CA,24,0,4597.7,31.93,766.32,0,0,0,0,0,766.32,0,122.61,888.93,SOSHA1005000122,Invoice,Invoiced,14/03/2025,,,,,,,,,,,,,,24,Picked,DTR Van-D,,,,,,,,
IN001127,7880336,CT0010054578,SHA1005,2,3012868,3012868,Jik Colours 70Ml *144,OU,S,CA,24,0,4597.7,31.93,766.32,0,0,0,0,0,766.32,0,122.61,888.93,SOSHA1005000157,Invoice,Invoiced,17/03/2025,,,,,,,,,,,,,,24,Picked,DTR Van-D,,,,,,,,
IN001163,7880336,CT0010043500,SHA1007,3,3012868,3012868,Jik Colours 70Ml *144,OU,S,CA,24,0,4597.7,31.93,766.32,0,0,0,0,0,766.32,0,122.61,888.93,SOSHA1007000167,Invoice,Invoiced,17/03/2025,,,,,,,,,,,,,,24,Picked,DTR Van-D,,,,,,,,
IN001203,7880336,CT0010041538,SHA1003,1,3012868,3012868,Jik Colours 70Ml *144,OU,S,CA,24,0,4597.7,31.93,766.32,0,0,0,0,0,766.32,0,122.61,888.93,SOSHA1003000199,Invoice,Invoiced,18/03/2025,,,,,,,,,,,,,,24,Picked,DTR Van-D,,,,,,,,
IN001205,7880336,CT0010042021,SHA1003,2,3012868,3012868,Jik Colours 70Ml *144,OU,S,CA,24,0,4597.7,31.93,766.32,0,0,0,0,0,766.32,0,122.61,888.93,SOSHA1003000205,Invoice,Invoiced,18/03/2025,,,,,,,,,,,,,,24,Picked,DTR Van-D,,,,,,,,
IN001386,7880336,CT0010046928,SHA1007,3,3012868,3012868,Jik Colours 70Ml *144,OU,S,CA,24,0,4597.7,31.93,766.32,0,0,0,0,0,766.32,0,122.61,888.93,SOSHA1007000190,Invoice,Invoiced,20/03/2025,,,,,,,,,,,,,,24,Picked,DTR Van-D,,,,,,,,
IN001486,7880336,CT0010054700,SHA1005,2,3012868,3012868,Jik Colours 70Ml *144,OU,S,CA,24,0,4597.7,31.93,766.32,0,0,0,0,0,766.32,0,122.61,888.93,SOSHA1005000214,Invoice,Invoiced,21/03/2025,,,,,,,,,,,,,,24,Picked,DTR Van-D,,,,,,,,
IN000132,7880336,CT0010042718,SHA1001,1,3012868,3012868,Jik Colours 70Ml *144,OU,S,CA,28,0,4597.7,31.93,894.04,0,0,0,0,0,894.04,0,0,894.04,SOSHA1001000003,Invoice,Invoiced,04/03/2025,,,,,,,,,,,,,,28,Unpick,DTR Van-D,,,,,,,,
IN001506,7880336,CT0010054736,SHA1007,12,3286535,3286535,HARPIC POWERPLUS 100ML,OU,S,CA,19,0,1552,43.11,819.09,88.2189,46.56,0,0,46.56,772.53,0,123.6,896.13,SOSHA1007000230,Invoice,Invoiced,21/03/2025,,,,,,,,,,,,,,19,Picked,DTR Van-D,,,,,,,,
IN000164,7880336,CT0010045101,SHA1002,2,299714,0299714,Harpic Power Plus 200Ml *36,OU,S,CA,6,0,4655,129.31,775.86,0,0,0,0,0,775.86,0,124.14,900,SOSHA1002000035,Invoice,Invoiced,04/03/2025,,,,,,,,,,,,,,6,Picked,DTR Van-D,,,,,,,,
IN000216,7880336,CT0010043370,SHA1001,4,299714,0299714,Harpic Power Plus 200Ml *36,OU,S,CA,6,0,4655,129.31,775.86,0,0,0,0,0,775.86,0,124.14,900,SOSHA1001000029,Invoice,Invoiced,05/03/2025,,,,,,,,,,,,,,6,Picked,DTR Van-D,,,,,,,,
IN000233,7880336,CT0010045051,SHA1002,3,299714,0299714,Harpic Power Plus 200Ml *36,OU,S,CA,6,0,4655,129.31,775.86,0,0,0,0,0,775.86,0,124.14,900,SOSHA1002000057,Invoice,Invoiced,05/03/2025,,,,,,,,,,,,,,6,Picked,DTR Van-D,,,,,,,,
IN000236,7880336,CT0010044624,SHA1004,1,299714,0299714,Harpic Power Plus 200Ml *36,OU,S,CA,6,0,4655,129.31,775.86,0,0,0,0,0,775.86,0,124.14,900,SOSHA1004000026,Invoice,Invoiced,05/03/2025,,,,,,,,,,,,,,6,Picked,DTR Van-D,,,,,,,,
IN000237,7880336,CT0010044628,SHA1004,4,299714,0299714,Harpic Power Plus 200Ml *36,OU,S,CA,6,0,4655,129.31,775.86,0,0,0,0,0,775.86,0,124.14,900,SOSHA1004000027,Invoice,Invoiced,05/03/2025,,,,,,,,,,,,,,6,Picked,DTR Van-D,,,,,,,,
IN000241,7880336,CT0010044637,SHA1004,3,299714,0299714,Harpic Power Plus 200Ml *36,OU,S,CA,6,0,4655,129.31,775.86,0,0,0,0,0,775.86,0,124.14,900,SOSHA1004000031,Invoice,Invoiced,05/03/2025,,,,,,,,,,,,,,6,Picked,DTR Van-D,,,,,,,,
IN000242,7880336,CT0010044661,SHA1004,1,299714,0299714,Harpic Power Plus 200Ml *36,OU,S,CA,6,0,4655,129.31,775.86,0,0,0,0,0,775.86,0,124.14,900,SOSHA1004000032,Invoice,Invoiced,05/03/2025,,,,,,,,,,,,,,6,Picked,DTR Van-D,,,,,,,,
IN000248,7880336,CT0010044634,SHA1004,4,299714,0299714,Harpic Power Plus 200Ml *36,OU,S,CA,6,0,4655,129.31,775.86,0,0,0,0,0,775.86,0,124.14,900,SOSHA1004000034,Invoice,Invoiced,05/03/2025,,,,,,,,,,,,,,6,Picked,DTR Van-D,,,,,,,,
IN000352,7880336,CT0010054079,SHA1006,12,299714,0299714,Harpic Power Plus 200Ml *36,OU,S,CA,6,0,4655,129.31,775.86,0,0,0,0,0,775.86,0,124.14,900,SOSHA1006000080,Invoice,Invoiced,06/03/2025,,,,,,,,,,,,,,6,Picked,DTR Van-A,,,,,,,,
IN000459,7880336,CT0010054143,SHA1005,3,299714,0299714,Harpic Power Plus 200Ml *36,OU,S,CA,6,0,4655,129.31,775.86,0,0,0,0,0,775.86,0,124.14,900,SOSHA1005000056,Invoice,Invoiced,06/03/2025,,,,,,,,,,,,,,6,Picked,DTR Van-D,,,,,,,,
IN000471,7880336,CT0010054151,SHA1006,3,299714,0299714,Harpic Power Plus 200Ml *36,OU,S,CA,6,0,4655,129.31,775.86,0,0,0,0,0,775.86,0,124.14,900,SOSHA1006000109,Invoice,Invoiced,06/03/2025,,,,,,,,,,,,,,6,Picked,DTR Van-A,,,,,,,,
IN000546,7880336,CT0010054186,SHA1004,2,299714,0299714,Harpic Power Plus 200Ml *36,OU,S,CA,6,0,4655,129.31,775.86,0,0,0,0,0,775.86,0,124.14,900,SOSHA1004000082,Invoice,Invoiced,08/03/2025,,,,,,,,,,,,,,6,Picked,DTR Van-A,,,,,,,,
IN000565,7880336,CT0010054175,SHA1006,3,299714,0299714,Harpic Power Plus 200Ml *36,OU,S,CA,6,0,4655,129.31,775.86,0,0,0,0,0,775.86,0,124.14,900,SOSHA1006000115,Invoice,Invoiced,08/03/2025,,,,,,,,,,,,,,6,Picked,DTR Van-A,,,,,,,,
IN000649,7880336,CT0010054231,SHA1004,3,299714,0299714,Harpic Power Plus 200Ml *36,OU,S,CA,6,0,4655,129.31,775.86,0,0,0,0,0,775.86,0,124.14,900,SOSHA1004000094,Invoice,Invoiced,10/03/2025,,,,,,,,,,,,,,6,Picked,DTR Van-A,,,,,,,,
IN000661,7880336,CT0010054251,SHA1004,2,299714,0299714,Harpic Power Plus 200Ml *36,OU,S,CA,6,0,4655,129.31,775.86,0,0,0,0,0,775.86,0,124.14,900,SOSHA1004000107,Invoice,Invoiced,10/03/2025,,,,,,,,,,,,,,6,Picked,DTR Van-A,,,,,,,,
IN000786,7880336,CT0010054323,SHA1007,1,299714,0299714,Harpic Power Plus 200Ml *36,OU,S,CA,6,0,4655,129.31,775.86,0,0,0,0,0,775.86,0,124.14,900,SOSHA1007000133,Invoice,Invoiced,11/03/2025,,,,,,,,,,,,,,6,Picked,DTR Van-D,,,,,,,,
IN000814,7880336,CT0010054336,SHA1001,3,299714,0299714,Harpic Power Plus 200Ml *36,OU,S,CA,6,0,4655,129.31,775.86,0,0,0,0,0,775.86,0,124.14,900,SOSHA1001000139,Invoice,Invoiced,12/03/2025,,,,,,,,,,,,,,6,Picked,DTR Van-D,,,,,,,,
IN000246,7880336,CT0010044686,SHA1004,1,3079817,3079817,Durex Feels 3's,CA,S,CA,1,0,777.84,777.84,777.84,0,0,0,0,0,777.84,0,124.45,902.29,SOSHA1004000022,Invoice,Invoiced,05/03/2025,,,,,,,,,,,,,,12,Picked,DTR Van-D,,,,,,,,
IN000148,7880336,CT0010043031,SHA1001,1,384658,0384658,Jik Bleach Regular 250Ml *18,OU,S,CA,6,0,2355.3,130.85,785.1,0,0,0,0,0,785.1,0,125.62,910.72,SOSHA1001000011,Invoice,Invoiced,04/03/2025,,,,,,,,,,,,,,6,Picked,DTR Van-D,,,,,,,,
IN000160,7880336,CT0010043034,SHA1001,2,384658,0384658,Jik Bleach Regular 250Ml *18,OU,S,CA,6,0,2355.3,130.85,785.1,0,0,0,0,0,785.1,0,125.62,910.72,SOSHA1001000012,Invoice,Invoiced,04/03/2025,,,,,,,,,,,,,,6,Picked,DTR Van-D,,,,,,,,
IN000167,7880336,CT0010045107,SHA1002,1,384658,0384658,Jik Bleach Regular 250Ml *18,OU,S,CA,6,0,2355.3,130.85,785.1,0,0,0,0,0,785.1,0,125.62,910.72,SOSHA1002000040,Invoice,Invoiced,04/03/2025,,,,,,,,,,,,,,6,Picked,DTR Van-D,,,,,,,,
IN000167,7880336,CT0010045107,SHA1002,2,384675,0384675,Jik Lemon 250Ml *18,OU,S,CA,6,0,2355.3,130.85,785.1,0,0,0,0,0,785.1,0,125.62,910.72,SOSHA1002000040,Invoice,Invoiced,04/03/2025,,,,,,,,,,,,,,6,Picked,DTR Van-D,,,,,,,,
IN000185,7880336,CT0010043577,SHA1007,1,384658,0384658,Jik Bleach Regular 250Ml *18,OU,S,CA,6,0,2355.3,130.85,785.1,0,0,0,0,0,785.1,0,125.62,910.72,SOSHA1007000026,Invoice,Invoiced,04/03/2025,,,,,,,,,,,,,,6,Picked,DTR Van-D,,,,,,,,
IN000221,7880336,CT0010054019,SHA1002,2,384658,0384658,Jik Bleach Regular 250Ml *18,OU,S,CA,6,0,2355.3,130.85,785.1,0,0,0,0,0,785.1,0,125.62,910.72,SOSHA1002000045,Invoice,Invoiced,05/03/2025,,,,,,,,,,,,,,6,Picked,DUKA,,,,,,,,
IN000352,7880336,CT0010054079,SHA1006,3,384658,0384658,Jik Bleach Regular 250Ml *18,OU,S,CA,6,0,2355.3,130.85,785.1,0,0,0,0,0,785.1,0,125.62,910.72,SOSHA1006000080,Invoice,Invoiced,06/03/2025,,,,,,,,,,,,,,6,Picked,DTR Van-A,,,,,,,,
IN000458,7880336,CT0010054141,SHA1005,3,384658,0384658,Jik Bleach Regular 250Ml *18,OU,S,CA,6,0,2355.3,130.85,785.1,0,0,0,0,0,785.1,0,125.62,910.72,SOSHA1005000048,Invoice,Invoiced,06/03/2025,,,,,,,,,,,,,,6,Picked,DTR Van-D,,,,,,,,
IN000580,7880336,CT0010054155,SHA1007,1,384658,0384658,Jik Bleach Regular 250Ml *18,OU,S,CA,6,0,2355.3,130.85,785.1,0,0,0,0,0,785.1,0,125.62,910.72,SOSHA1007000083,Invoice,Invoiced,08/03/2025,,,,,,,,,,,,,,6,Picked,DTR Van-D,,,,,,,,
IN000657,7880336,CT0010054240,SHA1004,1,384658,0384658,Jik Bleach Regular 250Ml *18,OU,S,CA,6,0,2355.3,130.85,785.1,0,0,0,0,0,785.1,0,125.62,910.72,SOSHA1004000102,Invoice,Invoiced,10/03/2025,,,,,,,,,,,,,,6,Picked,DTR Van-A,,,,,,,,
IN000664,7880336,CT0010054265,SHA1004,1,384658,0384658,Jik Bleach Regular 250Ml *18,OU,S,CA,6,0,2355.3,130.85,785.1,0,0,0,0,0,785.1,0,125.62,910.72,SOSHA1004000109,Invoice,Invoiced,10/03/2025,,,,,,,,,,,,,,6,Picked,DTR Van-A,,,,,,,,
IN000751,7880336,CT0010054279,SHA1004,1,384658,0384658,Jik Bleach Regular 250Ml *18,OU,S,CA,6,0,2355.3,130.85,785.1,0,0,0,0,0,785.1,0,125.62,910.72,SOSHA1004000117,Invoice,Invoiced,11/03/2025,,,,,,,,,,,,,,6,Picked,DTR Van-A,,,,,,,,
IN000829,7880336,CT0010054332,SHA1001,1,384658,0384658,Jik Bleach Regular 250Ml *18,OU,S,CA,6,0,2355.3,130.85,785.1,0,0,0,0,0,785.1,0,125.62,910.72,SOSHA1001000135,Invoice,Invoiced,12/03/2025,,,,,,,,,,,,,,6,Picked,DTR Van-D,,,,,,,,
IN001062,7880336,CT0010043148,SHA1000,1,384658,0384658,Jik Bleach Regular 250Ml *18,OU,S,CA,6,0,2355.3,130.85,785.1,0,0,0,0,0,785.1,0,125.62,910.72,SOSHA1000000026,Invoice,Invoiced,17/03/2025,,,,,,,,,,,,,,6,Picked,Other Supermarts-D,,,,,,,,
IN001172,7880336,CT0010054586,SHA1001,1,384658,0384658,Jik Bleach Regular 250Ml *18,OU,S,CA,6,0,2355.3,130.85,785.1,0,0,0,0,0,785.1,0,125.62,910.72,SOSHA1001000198,Invoice,Invoiced,18/03/2025,,,,,,,,,,,,,,6,Picked,DTR Van-D,,,,,,,,
IN000904,7880336,CT0010054391,SHA1000,73,3132486,3132486,HARPIC TETRIS ITB TROPICAL BLOSSOM 6*35G,CA,S,CA,1,0,926.72,926.72,926.72,0,0,0,0,0,926.72,0,0,926.72,SOSHA1000000019,Invoice,Invoiced,13/03/2025,,,,,,,,,,,,,,6,Picked,Other Supermarts-D,,,,,,,,
IN000904,7880336,CT0010054391,SHA1000,74,3132947,3132947,HARPIC TETRIS ITB FOREST DEW 35G,CA,S,CA,1,0,926.72,926.72,926.72,0,0,0,0,0,926.72,0,0,926.72,SOSHA1000000019,Invoice,Invoiced,13/03/2025,,,,,,,,,,,,,,6,Picked,Other Supermarts-D,,,,,,,,
IN000174,7880336,CT0010045388,SHA1004,2,238167,0238167,Jik Bleach Regular 70Ml *144,OU,S,CA,36,0,3218.39,22.35,804.6,0,0,0,0,0,804.6,0,128.74,933.34,SOSHA1004000011,Invoice,Invoiced,04/03/2025,,,,,,,,,,,,,,36,Picked,DTR Van-D,,,,,,,,
IN000361,7880336,CT0010054089,SHA1006,1,238167,0238167,Jik Bleach Regular 70Ml *144,OU,S,CA,36,0,3218.39,22.35,804.6,0,0,0,0,0,804.6,0,128.74,933.34,SOSHA1006000091,Invoice,Invoiced,06/03/2025,,,,,,,,,,,,,,36,Picked,DTR Van-A,,,,,,,,
IN000669,7880336,CT0010054244,SHA1005,1,238167,0238167,Jik Bleach Regular 70Ml *144,OU,S,CA,36,0,3218.39,22.35,804.6,0,0,0,0,0,804.6,0,128.74,933.34,SOSHA1005000075,Invoice,Invoiced,10/03/2025,,,,,,,,,,,,,,36,Picked,DTR Van-D,,,,,,,,
IN000793,7880336,CT0010054326,SHA1002,1,238167,0238167,Jik Bleach Regular 70Ml *144,OU,S,CA,36,0,3218.39,22.35,804.6,0,0,0,0,0,804.6,0,128.74,933.34,SOSHA1002000138,Invoice,Invoiced,11/03/2025,,,,,,,,,,,,,,36,Picked,DTR Van-D,,,,,,,,
IN001044,7880336,CT0010054471,SHA1005,8,3249064,3249064,DETTOL SOAP HERBAL 125G,OU,S,CA,6,0,11285.27,156.74,940.44,0,0,0,0,0,940.44,0,0,940.44,SOSHA1005000136,Invoice,Invoiced,14/03/2025,,,,,,,,,,,,,,6,Picked,DTR Van-D,,,,,,,,
IN000124,7880336,CT0010041511,SHA1003,1,3049805,3049805,DETTOL LIQUID 72*125ML,OU,S,CA,3,0,22571,313.49,940.47,0,0,0,0,0,940.47,0,0,940.47,SOSHA1003000003,Invoice,Invoiced,04/03/2025,,,,,,,,,,,,,,3,Unpick,DTR Van-D,,,,,,,,
IN000837,7880336,CT0010054382,SHA1004,3,3299086,3299086,Dettol soap cool 165g,EA,S,EA,4,0,233,233,932,27.96,111.84,0,0,111.84,820.16,0,131.23,951.39,SOSHA1004000136,Invoice,Invoiced,12/03/2025,,,,,,,,,,,,,,4,Picked,DTR Van-A,,,,,,,,
IN000904,7880336,CT0010054391,SHA1000,21,3109556,3109556,AIRWICK ZA CAN CITRUS,OU,S,CA,6,0,3807,158.63,951.78,0,0,0,0,0,951.78,0,0,951.78,SOSHA1000000019,Invoice,Invoiced,13/03/2025,,,,,,,,,,,,,,6,Picked,Other Supermarts-D,,,,,,,,
IN000904,7880336,CT0010054391,SHA1000,22,3109122,3109122,AIRWICK ZA LAVENDER CAN,OU,S,CA,6,0,3807,158.63,951.78,0,0,0,0,0,951.78,0,0,951.78,SOSHA1000000019,Invoice,Invoiced,13/03/2025,,,,,,,,,,,,,,6,Picked,Other Supermarts-D,,,,,,,,
IN000963,7880336,CT0010054434,SHA1006,2,3074755,3074755,AIRWICK KE CITRUS KE 24* 30GM,OU,S,CA,6,0,3807,158.63,951.78,0,0,0,0,0,951.78,0,0,951.78,SOSHA1006000187,Invoice,Invoiced,13/03/2025,,,,,,,,,,,,,,6,Picked,DTR Van-D,,,,,,,,
IN000963,7880336,CT0010054434,SHA1006,3,3074756,3074756,AIRWICK KE FRESHWATER 24* 30GM,OU,S,CA,6,0,3807,158.63,951.78,0,0,0,0,0,951.78,0,0,951.78,SOSHA1006000187,Invoice,Invoiced,13/03/2025,,,,,,,,,,,,,,6,Picked,DTR Van-D,,,,,,,,
IN000963,7880336,CT0010054434,SHA1006,4,3074759,3074759,Airwick Ke Lavender 24* 30Gm,OU,S,CA,6,0,3807,158.63,951.78,0,0,0,0,0,951.78,0,0,951.78,SOSHA1006000187,Invoice,Invoiced,13/03/2025,,,,,,,,,,,,,,6,Picked,DTR Van-D,,,,,,,,
IN000832,7880336,CT0010043004,SHA1004,2,384683,0384683,Jik Colours 250Ml *18,OU,S,CA,4,0,3740.76,207.82,831.28,0,0,0,0,0,831.28,0,133,964.28,SOSHA1004000128,Invoice,Invoiced,12/03/2025,,,,,,,,,,,,,,4,Picked,DTR Van-D,,,,,,,,
IN000834,7880336,CT0010043018,SHA1004,2,384683,0384683,Jik Colours 250Ml *18,OU,S,CA,4,0,3740.76,207.82,831.28,0,0,0,0,0,831.28,0,133,964.28,SOSHA1004000133,Invoice,Invoiced,12/03/2025,,,,,,,,,,,,,,4,Picked,DTR Van-D,,,,,,,,
IN001301,7880336,CT0010046600,SHA1001,8,366165,0366165,Dettol Soap Original 48*175G,OU,S,CA,4,0,11184,233,932,1098.12,91.51,0,0,91.51,840.49,0,134.48,974.97,SOSHA1001000222,Invoice,Invoiced,20/03/2025,,,,,,,,,,,,,,4,Picked,DTR Van-D,,,,,,,,
IN000122,7880336,CT0010045045,SHA1002,1,3049801,3049801,DETTOL LIQUID 96*50ML,OU,S,CA,12,0,9028.21,94.04,1128.48,1083.36,135.42,0,0,135.42,993.06,0,0,993.06,SOSHA1002000007,Invoice,Invoiced,04/03/2025,,,,,,,,,,,,,,12,Unpick,DTR Van-D,,,,,,,,
IN000135,7880336,CT0010045474,SHA1002,2,3049801,3049801,DETTOL LIQUID 96*50ML,OU,S,CA,12,0,9028.21,94.04,1128.48,1083.36,135.42,0,0,135.42,993.06,0,0,993.06,SOSHA1002000026,Invoice,Invoiced,04/03/2025,,,,,,,,,,,,,,12,Unpick,DTR Van-D,,,,,,,,
IN000139,7880336,CT0010041859,SHA1003,1,3049801,3049801,DETTOL LIQUID 96*50ML,OU,S,CA,12,0,9028.21,94.04,1128.48,1083.36,135.42,0,0,135.42,993.06,0,0,993.06,SOSHA1003000025,Invoice,Invoiced,04/03/2025,,,,,,,,,,,,,,12,Unpick,DTR Van-D,,,,,,,,
IN000200,7880336,CT0010041724,SHA1006,1,3049801,3049801,DETTOL LIQUID 96*50ML,OU,S,CA,12,0,9028.21,94.04,1128.48,1083.36,135.42,0,0,135.42,993.06,0,0,993.06,SOSHA1006000015,Invoice,Invoiced,05/03/2025,,,,,,,,,,,,,,12,Unpick,DTR Van-D,,,,,,,,
IN000201,7880336,CT0010043772,SHA1003,1,3049801,3049801,DETTOL LIQUID 96*50ML,OU,S,CA,12,0,9028.21,94.04,1128.48,1083.36,135.42,0,0,135.42,993.06,0,0,993.06,SOSHA1003000049,Invoice,Invoiced,05/03/2025,,,,,,,,,,,,,,12,Unpick,DTR Van-D,,,,,,,,
IN000202,7880336,CT0010043746,SHA1003,1,3049801,3049801,DETTOL LIQUID 96*50ML,OU,S,CA,12,0,9028.21,94.04,1128.48,1083.36,135.42,0,0,135.42,993.06,0,0,993.06,SOSHA1003000051,Invoice,Invoiced,05/03/2025,,,,,,,,,,,,,,12,Unpick,DTR Van-D,,,,,,,,
IN000963,7880336,CT0010054434,SHA1006,5,3049801,3049801,DETTOL LIQUID 96*50ML,OU,S,CA,12,0,9028.21,94.04,1128.48,1083.36,135.42,0,0,135.42,993.06,0,0,993.06,SOSHA1006000187,Invoice,Invoiced,13/03/2025,,,,,,,,,,,,,,12,Picked,DTR Van-D,,,,,,,,
IN000620,7880336,CT0010046053,SHA1002,3,366196,0366196,Dettol Soap Herbal 48*175G,OU,S,CA,4,0,11184,233,932,671.04,55.92,0,0,55.92,876.08,0,140.17,1016.25,SOSHA1002000124,Invoice,Invoiced,10/03/2025,,,,,,,,,,,,,,4,Picked,DTR Van-D,,,,,,,,
IN001044,7880336,CT0010054471,SHA1005,1,349130,0349130,Mortein Doom P.Gard Aik Lemon 12*100Ml,OU,S,CA,6,0,2163.01,180.25,1081.5,86.52,43.26,0,0,43.26,1038.24,0,0,1038.24,SOSHA1005000136,Invoice,Invoiced,14/03/2025,,,,,,,,,,,,,,6,Picked,DTR Van-D,,,,,,,,
IN000962,7880336,CT0010054433,SHA1006,8,205011,0205011,Airwick Freshmatic Lavender+Gadget(Promo)  4*250Ml,OU,S,CA,1,0,3592,898,898,0,0,0,0,0,898,0,143.68,1041.68,SOSHA1006000186,Invoice,Invoiced,13/03/2025,,,,,,,,,,,,,,1,Picked,DTR Van-D,,,,,,,,
IN000962,7880336,CT0010054433,SHA1006,9,205012,0205012,Airwick Freshmatic Citrus+Gadget(Promo)  4*250Ml,OU,S,CA,1,0,3592,898,898,0,0,0,0,0,898,0,143.68,1041.68,SOSHA1006000186,Invoice,Invoiced,13/03/2025,,,,,,,,,,,,,,1,Picked,DTR Van-D,,,,,,,,
IN000962,7880336,CT0010054433,SHA1006,11,332938,0332938,Airwick Freshmatic Rose+Gadget(Promo)  4*250Ml,OU,S,CA,1,0,3592,898,898,0,0,0,0,0,898,0,143.68,1041.68,SOSHA1006000186,Invoice,Invoiced,13/03/2025,,,,,,,,,,,,,,1,Picked,DTR Van-D,,,,,,,,
IN001054,7880336,CT0010054457,SHA1006,9,205011,0205011,Airwick Freshmatic Lavender+Gadget(Promo)  4*250Ml,OU,S,CA,1,0,3592,898,898,0,0,0,0,0,898,0,143.68,1041.68,SOSHA1006000189,Invoice,Invoiced,14/03/2025,,,,,,,,,,,,,,1,Picked,DTR Van-D,,,,,,,,
IN001054,7880336,CT0010054457,SHA1006,10,205012,0205012,Airwick Freshmatic Citrus+Gadget(Promo)  4*250Ml,OU,S,CA,1,0,3592,898,898,0,0,0,0,0,898,0,143.68,1041.68,SOSHA1006000189,Invoice,Invoiced,14/03/2025,,,,,,,,,,,,,,1,Picked,DTR Van-D,,,,,,,,
IN001054,7880336,CT0010054457,SHA1006,12,332938,0332938,Airwick Freshmatic Rose+Gadget(Promo)  4*250Ml,OU,S,CA,1,0,3592,898,898,0,0,0,0,0,898,0,143.68,1041.68,SOSHA1006000189,Invoice,Invoiced,14/03/2025,,,,,,,,,,,,,,1,Picked,DTR Van-D,,,,,,,,
IN001158,7880336,CT0010054562,SHA1007,1,349130,0349130,Mortein Doom P.Gard Aik Lemon 12*100Ml,OU,S,CA,5,0,2163.01,180.25,901.25,0,0,0,0,0,901.25,0,144.2,1045.45,SOSHA1007000172,Invoice,Invoiced,17/03/2025,,,,,,,,,,,,,,5,Picked,DTR Van-D,,,,,,,,
IN000701,7880336,CT0010047492,SHA1000,26,3132486,3132486,HARPIC TETRIS ITB TROPICAL BLOSSOM 6*35G,CA,S,CA,1,0,926.72,926.72,926.72,0,0,0,0,0,926.72,0,148.28,1075,SOSHA1000000015,Invoice,Invoiced,11/03/2025,,,,,,,,,,,,,,6,Picked,Medium Supermarket-D,,,,,,,,
IN000902,7880336,CT0010049475,SHA1000,23,3119322,3119322,HARPIC TETRIS ITB BLOCKS LAVENDER MEADOWS 6*35G,CA,S,CA,1,0,926.72,926.72,926.72,0,0,0,0,0,926.72,0,148.28,1075,SOSHA1000000016,Invoice,Invoiced,13/03/2025,,,,,,,,,,,,,,6,Picked,Other Supermarts-D,,,,,,,,
IN000902,7880336,CT0010049475,SHA1000,24,3132946,3132946,HARPIC TETRIS ITB MARINE SPLASH 6*35G,CA,S,CA,1,0,926.72,926.72,926.72,0,0,0,0,0,926.72,0,148.28,1075,SOSHA1000000016,Invoice,Invoiced,13/03/2025,,,,,,,,,,,,,,6,Picked,Other Supermarts-D,,,,,,,,
IN000902,7880336,CT0010049475,SHA1000,25,3132947,3132947,HARPIC TETRIS ITB FOREST DEW 35G,CA,S,CA,1,0,926.72,926.72,926.72,0,0,0,0,0,926.72,0,148.28,1075,SOSHA1000000016,Invoice,Invoiced,13/03/2025,,,,,,,,,,,,,,6,Picked,Other Supermarts-D,,,,,,,,
IN000190,7880336,CT0010043491,SHA1007,2,3299086,3299086,Dettol soap cool 165g,EA,S,EA,4,0,233,233,932,0,0,0,0,0,932,0,149.12,1081.12,SOSHA1007000031,Invoice,Invoiced,04/03/2025,,,,,,,,,,,,,,4,Picked,DTR Van-D,,,,,,,,
IN000400,7880336,CT0010047013,SHA1002,1,366165,0366165,Dettol Soap Original 48*175G,OU,S,CA,4,0,11184,233,932,0,0,0,0,0,932,0,149.12,1081.12,SOSHA1002000083,Invoice,Invoiced,06/03/2025,,,,,,,,,,,,,,4,Picked,DTR Van-D,,,,,,,,
IN000598,7880336,CT0010054219,SHA1004,9,366165,0366165,Dettol Soap Original 48*175G,OU,S,CA,4,0,11184,233,932,0,0,0,0,0,932,0,149.12,1081.12,SOSHA1004000087,Invoice,Invoiced,10/03/2025,,,,,,,,,,,,,,4,Unpick,DTR Van-A,,,,,,,,
IN000598,7880336,CT0010054219,SHA1004,13,3299074,3299074,Dettol soap Herbal 165g,EA,S,EA,4,0,233,233,932,0,0,0,0,0,932,0,149.12,1081.12,SOSHA1004000087,Invoice,Invoiced,10/03/2025,,,,,,,,,,,,,,4,Unpick,DTR Van-A,,,,,,,,
IN000620,7880336,CT0010046053,SHA1002,2,366165,0366165,Dettol Soap Original 48*175G,OU,S,CA,4,0,11184,233,932,0,0,0,0,0,932,0,149.12,1081.12,SOSHA1002000124,Invoice,Invoiced,10/03/2025,,,,,,,,,,,,,,4,Picked,DTR Van-D,,,,,,,,
IN000889,7880336,CT0010044745,SHA1005,2,3066839,3066839,Jik Colours 1.5L *8,OU,S,CA,1,0,7471.26,933.91,933.91,0,0,0,0,0,933.91,0,149.43,1083.34,SOSHA1005000115,Invoice,Invoiced,12/03/2025,,,,,,,,,,,,,,1,Picked,DTR Van-D,,,,,,,,
IN000285,7880336,CT0010046529,SHA1001,1,3249065,3249065,DETTOL SOAP COOL 125G,OU,S,CA,6,0,11285.27,156.74,940.44,0,0,0,0,0,940.44,0,150.47,1090.91,SOSHA1001000052,Invoice,Invoiced,06/03/2025,,,,,,,,,,,,,,6,Picked,DTR Van-D,,,,,,,,
IN000345,7880336,CT0010044948,SHA1004,10,3249064,3249064,DETTOL SOAP HERBAL 125G,OU,S,CA,6,0,11285.27,156.74,940.44,0,0,0,0,0,940.44,0,150.47,1090.91,SOSHA1004000047,Invoice,Invoiced,06/03/2025,,,,,,,,,,,,,,6,Picked,DTR Van-D,,,,,,,,
IN000436,7880336,CT0010054102,SHA1004,5,3249063,3249063,DETTOL SOAP SKINCARE 125G,OU,S,CA,6,0,11285.27,156.74,940.44,0,0,0,0,0,940.44,0,150.47,1090.91,SOSHA1004000053,Invoice,Invoiced,06/03/2025,,,,,,,,,,,,,,6,Picked,DTR Van-A,,,,,,,,
IN000598,7880336,CT0010054219,SHA1004,12,3249064,3249064,DETTOL SOAP HERBAL 125G,OU,S,CA,6,0,11285.27,156.74,940.44,0,0,0,0,0,940.44,0,150.47,1090.91,SOSHA1004000087,Invoice,Invoiced,10/03/2025,,,,,,,,,,,,,,6,Unpick,DTR Van-A,,,,,,,,
IN000758,7880336,CT0010043745,SHA1003,20,3249064,3249064,DETTOL SOAP HERBAL 125G,OU,S,CA,6,0,11285.27,156.74,940.44,0,0,0,0,0,940.44,0,150.47,1090.91,SOSHA1003000132,Invoice,Invoiced,11/03/2025,,,,,,,,,,,,,,6,Picked,DTR Van-D,,,,,,,,
IN000758,7880336,CT0010043745,SHA1003,21,3249065,3249065,DETTOL SOAP COOL 125G,OU,S,CA,6,0,11285.27,156.74,940.44,0,0,0,0,0,940.44,0,150.47,1090.91,SOSHA1003000132,Invoice,Invoiced,11/03/2025,,,,,,,,,,,,,,6,Picked,DTR Van-D,,,,,,,,
IN000759,7880336,CT0010045496,SHA1004,8,3249064,3249064,DETTOL SOAP HERBAL 125G,OU,S,CA,6,0,11285.27,156.74,940.44,0,0,0,0,0,940.44,0,150.47,1090.91,SOSHA1004000114,Invoice,Invoiced,11/03/2025,,,,,,,,,,,,,,6,Picked,DTR Van-D,,,,,,,,
IN000833,7880336,CT0010042715,SHA1004,4,3249064,3249064,DETTOL SOAP HERBAL 125G,OU,S,CA,6,0,11285.27,156.74,940.44,0,0,0,0,0,940.44,0,150.47,1090.91,SOSHA1004000132,Invoice,Invoiced,12/03/2025,,,,,,,,,,,,,,6,Picked,DTR Van-D,,,,,,,,
IN000872,7880336,CT0010042641,SHA1003,3,3249063,3249063,DETTOL SOAP SKINCARE 125G,OU,S,CA,6,0,11285.27,156.74,940.44,0,0,0,0,0,940.44,0,150.47,1090.91,SOSHA1003000139,Invoice,Invoiced,12/03/2025,,,,,,,,,,,,,,6,Picked,DTR Van-D,,,,,,,,
IN000872,7880336,CT0010042641,SHA1003,4,3249064,3249064,DETTOL SOAP HERBAL 125G,OU,S,CA,6,0,11285.27,156.74,940.44,0,0,0,0,0,940.44,0,150.47,1090.91,SOSHA1003000139,Invoice,Invoiced,12/03/2025,,,,,,,,,,,,,,6,Picked,DTR Van-D,,,,,,,,
IN000974,7880336,CT0010054414,SHA1002,7,3249064,3249064,DETTOL SOAP HERBAL 125G,OU,S,CA,6,0,11285.27,156.74,940.44,0,0,0,0,0,940.44,0,150.47,1090.91,SOSHA1002000160,Invoice,Invoiced,13/03/2025,,,,,,,,,,,,,,6,Picked,DTR Van-D,,,,,,,,
IN000978,7880336,CT0010050026,SHA1000,10,3249064,3249064,DETTOL SOAP HERBAL 125G,OU,S,CA,6,0,11285.27,156.74,940.44,0,0,0,0,0,940.44,0,150.47,1090.91,SOSHA1000000023,Invoice,Invoiced,14/03/2025,,,,,,,,,,,,,,6,Picked,Other Supermarts-D,,,,,,,,
IN000978,7880336,CT0010050026,SHA1000,11,3249065,3249065,DETTOL SOAP COOL 125G,OU,S,CA,6,0,11285.27,156.74,940.44,0,0,0,0,0,940.44,0,150.47,1090.91,SOSHA1000000023,Invoice,Invoiced,14/03/2025,,,,,,,,,,,,,,6,Picked,Other Supermarts-D,,,,,,,,
IN001038,7880336,CT0010054463,SHA1005,5,3249064,3249064,DETTOL SOAP HERBAL 125G,OU,S,CA,6,0,11285.27,156.74,940.44,0,0,0,0,0,940.44,0,150.47,1090.91,SOSHA1005000139,Invoice,Invoiced,14/03/2025,,,,,,,,,,,,,,6,Picked,DTR Van-D,,,,,,,,
IN001084,7880336,CT0010043510,SHA1002,1,3249064,3249064,DETTOL SOAP HERBAL 125G,OU,S,CA,6,0,11285.27,156.74,940.44,0,0,0,0,0,940.44,0,150.47,1090.91,SOSHA1002000176,Invoice,Invoiced,17/03/2025,,,,,,,,,,,,,,6,Picked,DTR Van-D,,,,,,,,
IN001099,7880336,CT0010045138,SHA1002,2,3249064,3249064,DETTOL SOAP HERBAL 125G,OU,S,CA,6,0,11285.27,156.74,940.44,0,0,0,0,0,940.44,0,150.47,1090.91,SOSHA1002000179,Invoice,Invoiced,17/03/2025,,,,,,,,,,,,,,6,Picked,DTR Van-D,,,,,,,,
IN001163,7880336,CT0010043500,SHA1007,7,3249064,3249064,DETTOL SOAP HERBAL 125G,OU,S,CA,6,0,11285.27,156.74,940.44,0,0,0,0,0,940.44,0,150.47,1090.91,SOSHA1007000167,Invoice,Invoiced,17/03/2025,,,,,,,,,,,,,,6,Picked,DTR Van-D,,,,,,,,
IN001183,7880336,CT0010043252,SHA1001,4,3249065,3249065,DETTOL SOAP COOL 125G,OU,S,CA,6,0,11285.27,156.74,940.44,0,0,0,0,0,940.44,0,150.47,1090.91,SOSHA1001000200,Invoice,Invoiced,18/03/2025,,,,,,,,,,,,,,6,Picked,DTR Van-D,,,,,,,,
IN001339,7880336,CT0010054104,SHA1003,6,3249064,3249064,DETTOL SOAP HERBAL 125G,OU,S,CA,6,0,11285.27,156.74,940.44,0,0,0,0,0,940.44,0,150.47,1090.91,SOSHA1003000228,Invoice,Invoiced,20/03/2025,,,,,,,,,,,,,,6,Picked,DTR Van-D,,,,,,,,
IN001339,7880336,CT0010054104,SHA1003,7,3249065,3249065,DETTOL SOAP COOL 125G,OU,S,CA,6,0,11285.27,156.74,940.44,0,0,0,0,0,940.44,0,150.47,1090.91,SOSHA1003000228,Invoice,Invoiced,20/03/2025,,,,,,,,,,,,,,6,Picked,DTR Van-D,,,,,,,,
IN000889,7880336,CT0010044745,SHA1005,1,3049805,3049805,DETTOL LIQUID 72*125ML,OU,S,CA,3,0,22571,313.49,940.47,0,0,0,0,0,940.47,0,150.48,1090.95,SOSHA1005000115,Invoice,Invoiced,12/03/2025,,,,,,,,,,,,,,3,Picked,DTR Van-D,,,,,,,,
IN001315,7880336,CT0010047432,SHA1002,4,3049805,3049805,DETTOL LIQUID 72*125ML,OU,S,CA,3,0,22571,313.49,940.47,0,0,0,0,0,940.47,0,150.48,1090.95,SOSHA1002000223,Invoice,Invoiced,20/03/2025,,,,,,,,,,,,,,3,Picked,DTR Van-D,,,,,,,,
IN001130,7880336,CT0010043166,SHA1005,3,3286535,3286535,HARPIC POWERPLUS 100ML,OU,S,CA,24,0,1552,43.11,1034.64,139.68,93.12,0,0,93.12,941.52,0,150.64,1092.16,SOSHA1005000160,Invoice,Invoiced,17/03/2025,,,,,,,,,,,,,,24,Picked,DTR Van-D,,,,,,,,
IN001205,7880336,CT0010042021,SHA1003,4,3286535,3286535,HARPIC POWERPLUS 100ML,OU,S,CA,24,0,1552,43.11,1034.64,139.68,93.12,0,0,93.12,941.52,0,150.64,1092.16,SOSHA1003000205,Invoice,Invoiced,18/03/2025,,,,,,,,,,,,,,24,Picked,DTR Van-D,,,,,,,,
IN000721,7880336,CT0010054234,SHA1000,5,3074759,3074759,Airwick Ke Lavender 24* 30Gm,OU,S,CA,6,0,3807,158.63,951.78,0,0,0,0,0,951.78,0,152.28,1104.06,SOSHA1000000014,Invoice,Invoiced,11/03/2025,,,,,,,,,,,,,,6,Picked,Other Supermarts-D,,,,,,,,
IN000721,7880336,CT0010054234,SHA1000,6,3109556,3109556,AIRWICK ZA CAN CITRUS,OU,S,CA,6,0,3807,158.63,951.78,0,0,0,0,0,951.78,0,152.28,1104.06,SOSHA1000000014,Invoice,Invoiced,11/03/2025,,,,,,,,,,,,,,6,Picked,Other Supermarts-D,,,,,,,,
IN000721,7880336,CT0010054234,SHA1000,7,3109122,3109122,AIRWICK ZA LAVENDER CAN,OU,S,CA,6,0,3807,158.63,951.78,0,0,0,0,0,951.78,0,152.28,1104.06,SOSHA1000000014,Invoice,Invoiced,11/03/2025,,,,,,,,,,,,,,6,Picked,Other Supermarts-D,,,,,,,,
IN000962,7880336,CT0010054433,SHA1006,12,3074755,3074755,AIRWICK KE CITRUS KE 24* 30GM,OU,S,CA,6,0,3807,158.63,951.78,0,0,0,0,0,951.78,0,152.28,1104.06,SOSHA1006000186,Invoice,Invoiced,13/03/2025,,,,,,,,,,,,,,6,Picked,DTR Van-D,,,,,,,,
IN000962,7880336,CT0010054433,SHA1006,13,3074756,3074756,AIRWICK KE FRESHWATER 24* 30GM,OU,S,CA,6,0,3807,158.63,951.78,0,0,0,0,0,951.78,0,152.28,1104.06,SOSHA1006000186,Invoice,Invoiced,13/03/2025,,,,,,,,,,,,,,6,Picked,DTR Van-D,,,,,,,,
IN000962,7880336,CT0010054433,SHA1006,16,3109556,3109556,AIRWICK ZA CAN CITRUS,OU,S,CA,6,0,3807,158.63,951.78,0,0,0,0,0,951.78,0,152.28,1104.06,SOSHA1006000186,Invoice,Invoiced,13/03/2025,,,,,,,,,,,,,,6,Picked,DTR Van-D,,,,,,,,
IN000990,7880336,CT0010047799,SHA1001,3,3074759,3074759,Airwick Ke Lavender 24* 30Gm,OU,S,CA,6,0,3807,158.63,951.78,0,0,0,0,0,951.78,0,152.28,1104.06,SOSHA1001000173,Invoice,Invoiced,14/03/2025,,,,,,,,,,,,,,6,Picked,DTR Van-D,,,,,,,,
IN000990,7880336,CT0010047799,SHA1001,5,3109556,3109556,AIRWICK ZA CAN CITRUS,OU,S,CA,6,0,3807,158.63,951.78,0,0,0,0,0,951.78,0,152.28,1104.06,SOSHA1001000173,Invoice,Invoiced,14/03/2025,,,,,,,,,,,,,,6,Picked,DTR Van-D,,,,,,,,
IN000448,7880336,CT0010046711,SHA1005,3,3012868,3012868,Jik Colours 70Ml *144,OU,S,CA,30,0,4597.7,31.93,957.9,0,0,0,0,0,957.9,0,153.26,1111.16,SOSHA1005000044,Invoice,Invoiced,06/03/2025,,,,,,,,,,,,,,30,Picked,DTR Van-D,,,,,,,,
IN001075,7880336,CT0010054547,SHA1001,1,3049801,3049801,DETTOL LIQUID 96*50ML,OU,S,CA,12,0,9028.21,94.04,1128.48,0,0,0,0,0,1128.48,0,0,1128.48,SOSHA1001000189,Invoice,Invoiced,17/03/2025,,,,,,,,,,,,,,12,Picked,DTR Van-D,,,,,,,,
IN000415,7880336,CT0010042409,SHA1003,1,238167,0238167,Jik Bleach Regular 70Ml *144,OU,S,CA,48,0,3218.39,22.35,1072.8,289.65,96.55,0,0,96.55,976.25,0,156.2,1132.45,SOSHA1003000081,Invoice,Invoiced,06/03/2025,,,,,,,,,,,,,,48,Picked,DTR Van-D,,,,,,,,
IN000530,7880336,CT0010043804,SHA1003,1,238167,0238167,Jik Bleach Regular 70Ml *144,OU,S,CA,48,0,3218.39,22.35,1072.8,289.65,96.55,0,0,96.55,976.25,0,156.2,1132.45,SOSHA1003000096,Invoice,Invoiced,08/03/2025,,,,,,,,,,,,,,48,Picked,DTR Van-D,,,,,,,,
IN000758,7880336,CT0010043745,SHA1003,7,238167,0238167,Jik Bleach Regular 70Ml *144,OU,S,CA,48,0,3218.39,22.35,1072.8,289.65,96.55,0,0,96.55,976.25,0,156.2,1132.45,SOSHA1003000132,Invoice,Invoiced,11/03/2025,,,,,,,,,,,,,,48,Picked,DTR Van-D,,,,,,,,
IN001179,7880336,CT0010045035,SHA1002,1,238167,0238167,Jik Bleach Regular 70Ml *144,OU,S,CA,48,0,3218.39,22.35,1072.8,289.65,96.55,0,0,96.55,976.25,0,156.2,1132.45,SOSHA1002000183,Invoice,Invoiced,18/03/2025,,,,,,,,,,,,,,48,Picked,DTR Van-D,,,,,,,,
IN001185,7880336,CT0010045059,SHA1002,5,238167,0238167,Jik Bleach Regular 70Ml *144,OU,S,CA,48,0,3218.39,22.35,1072.8,289.65,96.55,0,0,96.55,976.25,0,156.2,1132.45,SOSHA1002000188,Invoice,Invoiced,18/03/2025,,,,,,,,,,,,,,48,Picked,DTR Van-D,,,,,,,,
IN001288,7880336,CT0010041892,SHA1000,5,238167,0238167,Jik Bleach Regular 70Ml *144,OU,S,CA,48,0,3218.39,22.35,1072.8,289.65,96.55,0,0,96.55,976.25,0,156.2,1132.45,SOSHA1000000030,Invoice,Invoiced,20/03/2025,,,,,,,,,,,,,,48,Picked,DTR Van-D,,,,,,,,
IN000345,7880336,CT0010044948,SHA1004,3,384677,0384677,Jik Lemon 750Ml *18,OU,S,CA,3,0,5957.51,330.97,992.91,0,0,0,0,0,992.91,0,158.87,1151.78,SOSHA1004000047,Invoice,Invoiced,06/03/2025,,,,,,,,,,,,,,3,Picked,DTR Van-D,,,,,,,,
IN000436,7880336,CT0010054102,SHA1004,2,384677,0384677,Jik Lemon 750Ml *18,OU,S,CA,3,0,5957.51,330.97,992.91,0,0,0,0,0,992.91,0,158.87,1151.78,SOSHA1004000053,Invoice,Invoiced,06/03/2025,,,,,,,,,,,,,,3,Picked,DTR Van-A,,,,,,,,
IN001483,7880336,CT0010044110,SHA1005,1,384660,0384660,Jik Bleach Regular 750Ml *18,OU,S,CA,3,0,5957.51,330.97,992.91,0,0,0,0,0,992.91,0,158.87,1151.78,SOSHA1005000211,Invoice,Invoiced,21/03/2025,,,,,,,,,,,,,,3,Picked,DTR Van-D,,,,,,,,
IN000237,7880336,CT0010044628,SHA1004,1,3277707,3277707,JIK REGULAR 750ML + 250ML,OU,S,CA,3,0,3972,331,993,0,0,0,0,0,993,0,158.88,1151.88,SOSHA1004000027,Invoice,Invoiced,05/03/2025,,,,,,,,,,,,,,3,Picked,DTR Van-D,,,,,,,,
IN000585,7880336,CT0010054180,SHA1007,2,3277707,3277707,JIK REGULAR 750ML + 250ML,OU,S,CA,3,0,3972,331,993,0,0,0,0,0,993,0,158.88,1151.88,SOSHA1007000088,Invoice,Invoiced,08/03/2025,,,,,,,,,,,,,,3,Picked,DTR Van-D,,,,,,,,
IN000815,7880336,CT0010054366,SHA1001,2,3277707,3277707,JIK REGULAR 750ML + 250ML,OU,S,CA,3,0,3972,331,993,0,0,0,0,0,993,0,158.88,1151.88,SOSHA1001000140,Invoice,Invoiced,12/03/2025,,,,,,,,,,,,,,3,Picked,DTR Van-D,,,,,,,,
IN001006,7880336,CT0010044613,SHA1004,1,3277707,3277707,JIK REGULAR 750ML + 250ML,OU,S,CA,3,0,3972,331,993,0,0,0,0,0,993,0,158.88,1151.88,SOSHA1004000155,Invoice,Invoiced,14/03/2025,,,,,,,,,,,,,,3,Picked,DTR Van-D,,,,,,,,
IN001355,7880336,CT0010044926,SHA1004,2,3277707,3277707,JIK REGULAR 750ML + 250ML,OU,S,CA,3,0,3972,331,993,0,0,0,0,0,993,0,158.88,1151.88,SOSHA1004000227,Invoice,Invoiced,20/03/2025,,,,,,,,,,,,,,3,Picked,DTR Van-D,,,,,,,,
IN000275,7880336,CT0010046547,SHA1001,1,3049801,3049801,DETTOL LIQUID 96*50ML,OU,S,CA,12,0,9028.21,94.04,1128.48,1083.36,135.42,0,0,135.42,993.06,0,158.89,1151.95,SOSHA1001000042,Invoice,Invoiced,06/03/2025,,,,,,,,,,,,,,12,Picked,DTR Van-D,,,,,,,,
IN000302,7880336,CT0010047455,SHA1002,1,3049801,3049801,DETTOL LIQUID 96*50ML,OU,S,CA,12,0,9028.21,94.04,1128.48,1083.36,135.42,0,0,135.42,993.06,0,158.89,1151.95,SOSHA1002000074,Invoice,Invoiced,06/03/2025,,,,,,,,,,,,,,12,Picked,DTR Van-D,,,,,,,,
IN000370,7880336,CT0010046917,SHA1007,1,3049801,3049801,DETTOL LIQUID 96*50ML,OU,S,CA,12,0,9028.21,94.04,1128.48,1083.36,135.42,0,0,135.42,993.06,0,158.89,1151.95,SOSHA1007000043,Invoice,Invoiced,06/03/2025,,,,,,,,,,,,,,12,Picked,DTR Van-D,,,,,,,,
IN000371,7880336,CT0010046623,SHA1007,1,3049801,3049801,DETTOL LIQUID 96*50ML,OU,S,CA,12,0,9028.21,94.04,1128.48,1083.36,135.42,0,0,135.42,993.06,0,158.89,1151.95,SOSHA1007000044,Invoice,Invoiced,06/03/2025,,,,,,,,,,,,,,12,Picked,DTR Van-D,,,,,,,,
IN000406,7880336,CT0010047007,SHA1002,1,3049801,3049801,DETTOL LIQUID 96*50ML,OU,S,CA,12,0,9028.21,94.04,1128.48,1083.36,135.42,0,0,135.42,993.06,0,158.89,1151.95,SOSHA1002000092,Invoice,Invoiced,06/03/2025,,,,,,,,,,,,,,12,Picked,DTR Van-D,,,,,,,,
IN000410,7880336,CT0010047100,SHA1002,1,3049801,3049801,DETTOL LIQUID 96*50ML,OU,S,CA,12,0,9028.21,94.04,1128.48,1083.36,135.42,0,0,135.42,993.06,0,158.89,1151.95,SOSHA1002000096,Invoice,Invoiced,06/03/2025,,,,,,,,,,,,,,12,Picked,DTR Van-D,,,,,,,,
IN000411,7880336,CT0010047005,SHA1002,1,3049801,3049801,DETTOL LIQUID 96*50ML,OU,S,CA,12,0,9028.21,94.04,1128.48,1083.36,135.42,0,0,135.42,993.06,0,158.89,1151.95,SOSHA1002000097,Invoice,Invoiced,06/03/2025,,,,,,,,,,,,,,12,Picked,DTR Van-D,,,,,,,,
IN000412,7880336,CT0010047019,SHA1002,1,3049801,3049801,DETTOL LIQUID 96*50ML,OU,S,CA,12,0,9028.21,94.04,1128.48,1083.36,135.42,0,0,135.42,993.06,0,158.89,1151.95,SOSHA1002000086,Invoice,Invoiced,06/03/2025,,,,,,,,,,,,,,12,Picked,DTR Van-D,,,,,,,,
IN000413,7880336,CT0010047020,SHA1002,1,3049801,3049801,DETTOL LIQUID 96*50ML,OU,S,CA,12,0,9028.21,94.04,1128.48,1083.36,135.42,0,0,135.42,993.06,0,158.89,1151.95,SOSHA1002000089,Invoice,Invoiced,06/03/2025,,,,,,,,,,,,,,12,Picked,DTR Van-D,,,,,,,,
IN000426,7880336,CT0010046250,SHA1004,1,3049801,3049801,DETTOL LIQUID 96*50ML,OU,S,CA,12,0,9028.21,94.04,1128.48,1083.36,135.42,0,0,135.42,993.06,0,158.89,1151.95,SOSHA1004000061,Invoice,Invoiced,06/03/2025,,,,,,,,,,,,,,12,Picked,DTR Van-D,,,,,,,,
IN000475,7880336,CT0010047205,SHA1007,1,3049801,3049801,DETTOL LIQUID 96*50ML,OU,S,CA,12,0,9028.21,94.04,1128.48,1083.36,135.42,0,0,135.42,993.06,0,158.89,1151.95,SOSHA1007000058,Invoice,Invoiced,06/03/2025,,,,,,,,,,,,,,12,Picked,DTR Van-D,,,,,,,,
IN000476,7880336,CT0010047205,SHA1007,1,3049801,3049801,DETTOL LIQUID 96*50ML,OU,S,CA,12,0,9028.21,94.04,1128.48,1083.36,135.42,0,0,135.42,993.06,0,158.89,1151.95,SOSHA1007000059,Invoice,Invoiced,06/03/2025,,,,,,,,,,,,,,12,Picked,DTR Van-D,,,,,,,,
IN000492,7880336,CT0010047254,SHA1007,2,3049801,3049801,DETTOL LIQUID 96*50ML,OU,S,CA,12,0,9028.21,94.04,1128.48,1083.36,135.42,0,0,135.42,993.06,0,158.89,1151.95,SOSHA1007000075,Invoice,Invoiced,06/03/2025,,,,,,,,,,,,,,12,Picked,DTR Van-D,,,,,,,,
IN000509,7880336,CT0010042870,SHA1001,1,3049801,3049801,DETTOL LIQUID 96*50ML,OU,S,CA,12,0,9028.21,94.04,1128.48,1083.36,135.42,0,0,135.42,993.06,0,158.89,1151.95,SOSHA1001000087,Invoice,Invoiced,08/03/2025,,,,,,,,,,,,,,12,Picked,DTR Van-D,,,,,,,,
IN000512,7880336,CT0010045005,SHA1002,1,3049801,3049801,DETTOL LIQUID 96*50ML,OU,S,CA,12,0,9028.21,94.04,1128.48,1083.36,135.42,0,0,135.42,993.06,0,158.89,1151.95,SOSHA1002000098,Invoice,Invoiced,08/03/2025,,,,,,,,,,,,,,12,Picked,DTR Van-D,,,,,,,,
IN000521,7880336,CT0010042880,SHA1002,2,3049801,3049801,DETTOL LIQUID 96*50ML,OU,S,CA,12,0,9028.21,94.04,1128.48,1083.36,135.42,0,0,135.42,993.06,0,158.89,1151.95,SOSHA1002000107,Invoice,Invoiced,08/03/2025,,,,,,,,,,,,,,12,Picked,DTR Van-D,,,,,,,,
IN000523,7880336,CT0010044975,SHA1002,1,3049801,3049801,DETTOL LIQUID 96*50ML,OU,S,CA,12,0,9028.21,94.04,1128.48,1083.36,135.42,0,0,135.42,993.06,0,158.89,1151.95,SOSHA1002000109,Invoice,Invoiced,08/03/2025,,,,,,,,,,,,,,12,Picked,DTR Van-D,,,,,,,,
IN000526,7880336,CT0010042878,SHA1002,1,3049801,3049801,DETTOL LIQUID 96*50ML,OU,S,CA,12,0,9028.21,94.04,1128.48,1083.36,135.42,0,0,135.42,993.06,0,158.89,1151.95,SOSHA1002000112,Invoice,Invoiced,08/03/2025,,,,,,,,,,,,,,12,Picked,DTR Van-D,,,,,,,,
IN000528,7880336,CT0010041895,SHA1003,1,3049801,3049801,DETTOL LIQUID 96*50ML,OU,S,CA,12,0,9028.21,94.04,1128.48,1083.36,135.42,0,0,135.42,993.06,0,158.89,1151.95,SOSHA1003000094,Invoice,Invoiced,08/03/2025,,,,,,,,,,,,,,12,Picked,DTR Van-D,,,,,,,,
IN000532,7880336,CT0010043886,SHA1003,1,3049801,3049801,DETTOL LIQUID 96*50ML,OU,S,CA,12,0,9028.21,94.04,1128.48,1083.36,135.42,0,0,135.42,993.06,0,158.89,1151.95,SOSHA1003000098,Invoice,Invoiced,08/03/2025,,,,,,,,,,,,,,12,Picked,DTR Van-D,,,,,,,,
IN000534,7880336,CT0010043850,SHA1003,2,3049801,3049801,DETTOL LIQUID 96*50ML,OU,S,CA,12,0,9028.21,94.04,1128.48,1083.36,135.42,0,0,135.42,993.06,0,158.89,1151.95,SOSHA1003000100,Invoice,Invoiced,08/03/2025,,,,,,,,,,,,,,12,Picked,DTR Van-D,,,,,,,,
IN000536,7880336,CT0010043800,SHA1003,1,3049801,3049801,DETTOL LIQUID 96*50ML,OU,S,CA,12,0,9028.21,94.04,1128.48,1083.36,135.42,0,0,135.42,993.06,0,158.89,1151.95,SOSHA1003000102,Invoice,Invoiced,08/03/2025,,,,,,,,,,,,,,12,Picked,DTR Van-D,,,,,,,,
IN000539,7880336,CT0010043793,SHA1003,1,3049801,3049801,DETTOL LIQUID 96*50ML,OU,S,CA,12,0,9028.21,94.04,1128.48,1083.36,135.42,0,0,135.42,993.06,0,158.89,1151.95,SOSHA1003000092,Invoice,Invoiced,08/03/2025,,,,,,,,,,,,,,12,Picked,DTR Van-D,,,,,,,,
IN000540,7880336,CT0010044349,SHA1004,1,3049801,3049801,DETTOL LIQUID 96*50ML,OU,S,CA,12,0,9028.21,94.04,1128.48,1083.36,135.42,0,0,135.42,993.06,0,158.89,1151.95,SOSHA1004000075,Invoice,Invoiced,08/03/2025,,,,,,,,,,,,,,12,Picked,DTR Van-D,,,,,,,,
IN000541,7880336,CT0010044336,SHA1004,1,3049801,3049801,DETTOL LIQUID 96*50ML,OU,S,CA,12,0,9028.21,94.04,1128.48,1083.36,135.42,0,0,135.42,993.06,0,158.89,1151.95,SOSHA1004000077,Invoice,Invoiced,08/03/2025,,,,,,,,,,,,,,12,Picked,DTR Van-D,,,,,,,,
IN000542,7880336,CT0010044269,SHA1004,1,3049801,3049801,DETTOL LIQUID 96*50ML,OU,S,CA,12,0,9028.21,94.04,1128.48,1083.36,135.42,0,0,135.42,993.06,0,158.89,1151.95,SOSHA1004000078,Invoice,Invoiced,08/03/2025,,,,,,,,,,,,,,12,Picked,DTR Van-D,,,,,,,,
IN000581,7880336,CT0010047272,SHA1007,3,3049801,3049801,DETTOL LIQUID 96*50ML,OU,S,CA,12,0,9028.21,94.04,1128.48,1083.36,135.42,0,0,135.42,993.06,0,158.89,1151.95,SOSHA1007000084,Invoice,Invoiced,08/03/2025,,,,,,,,,,,,,,12,Picked,DTR Van-D,,,,,,,,
IN000651,7880336,CT0010045634,SHA1004,1,3049801,3049801,DETTOL LIQUID 96*50ML,OU,S,CA,12,0,9028.21,94.04,1128.48,1083.36,135.42,0,0,135.42,993.06,0,158.89,1151.95,SOSHA1004000096,Invoice,Invoiced,10/03/2025,,,,,,,,,,,,,,12,Picked,DTR Van-D,,,,,,,,
IN000672,7880336,CT0010046362,SHA1005,1,3049801,3049801,DETTOL LIQUID 96*50ML,OU,S,CA,12,0,9028.21,94.04,1128.48,1083.36,135.42,0,0,135.42,993.06,0,158.89,1151.95,SOSHA1005000078,Invoice,Invoiced,10/03/2025,,,,,,,,,,,,,,12,Picked,DTR Van-D,,,,,,,,
IN000673,7880336,CT0010046390,SHA1005,1,3049801,3049801,DETTOL LIQUID 96*50ML,OU,S,CA,12,0,9028.21,94.04,1128.48,1083.36,135.42,0,0,135.42,993.06,0,158.89,1151.95,SOSHA1005000079,Invoice,Invoiced,10/03/2025,,,,,,,,,,,,,,12,Picked,DTR Van-D,,,,,,,,
IN000676,7880336,CT0010042501,SHA1006,1,3049801,3049801,DETTOL LIQUID 96*50ML,OU,S,CA,12,0,9028.21,94.04,1128.48,1083.36,135.42,0,0,135.42,993.06,0,158.89,1151.95,SOSHA1006000131,Invoice,Invoiced,10/03/2025,,,,,,,,,,,,,,12,Picked,DTR Van-D,,,,,,,,
IN000685,7880336,CT0010044367,SHA1007,1,3049801,3049801,DETTOL LIQUID 96*50ML,OU,S,CA,12,0,9028.21,94.04,1128.48,1083.36,135.42,0,0,135.42,993.06,0,158.89,1151.95,SOSHA1007000105,Invoice,Invoiced,10/03/2025,,,,,,,,,,,,,,12,Picked,DTR Van-D,,,,,,,,
IN000686,7880336,CT0010044370,SHA1007,1,3049801,3049801,DETTOL LIQUID 96*50ML,OU,S,CA,12,0,9028.21,94.04,1128.48,1083.36,135.42,0,0,135.42,993.06,0,158.89,1151.95,SOSHA1007000106,Invoice,Invoiced,10/03/2025,,,,,,,,,,,,,,12,Picked,DTR Van-D,,,,,,,,
IN000692,7880336,CT0010044377,SHA1007,1,3049801,3049801,DETTOL LIQUID 96*50ML,OU,S,CA,12,0,9028.21,94.04,1128.48,1083.36,135.42,0,0,135.42,993.06,0,158.89,1151.95,SOSHA1007000113,Invoice,Invoiced,10/03/2025,,,,,,,,,,,,,,12,Picked,DTR Van-D,,,,,,,,
IN000700,7880336,CT0010044379,SHA1007,1,3049801,3049801,DETTOL LIQUID 96*50ML,OU,S,CA,12,0,9028.21,94.04,1128.48,1083.36,135.42,0,0,135.42,993.06,0,158.89,1151.95,SOSHA1007000114,Invoice,Invoiced,10/03/2025,,,,,,,,,,,,,,12,Picked,DTR Van-D,,,,,,,,
IN000729,7880336,CT0010045164,SHA1002,1,3049801,3049801,DETTOL LIQUID 96*50ML,OU,S,CA,12,0,9028.21,94.04,1128.48,1083.36,135.42,0,0,135.42,993.06,0,158.89,1151.95,SOSHA1002000134,Invoice,Invoiced,11/03/2025,,,,,,,,,,,,,,12,Picked,DTR Van-D,,,,,,,,
IN000731,7880336,CT0010045166,SHA1002,1,3049801,3049801,DETTOL LIQUID 96*50ML,OU,S,CA,12,0,9028.21,94.04,1128.48,1083.36,135.42,0,0,135.42,993.06,0,158.89,1151.95,SOSHA1002000136,Invoice,Invoiced,11/03/2025,,,,,,,,,,,,,,12,Picked,DTR Van-D,,,,,,,,
IN000737,7880336,CT0010043738,SHA1003,1,3049801,3049801,DETTOL LIQUID 96*50ML,OU,S,CA,12,0,9028.21,94.04,1128.48,1083.36,135.42,0,0,135.42,993.06,0,158.89,1151.95,SOSHA1003000125,Invoice,Invoiced,11/03/2025,,,,,,,,,,,,,,12,Picked,DTR Van-D,,,,,,,,
IN000747,7880336,CT0010045490,SHA1004,2,3049801,3049801,DETTOL LIQUID 96*50ML,OU,S,CA,12,0,9028.21,94.04,1128.48,1083.36,135.42,0,0,135.42,993.06,0,158.89,1151.95,SOSHA1004000112,Invoice,Invoiced,11/03/2025,,,,,,,,,,,,,,12,Picked,DTR Van-D,,,,,,,,
IN000765,7880336,CT0010045468,SHA1005,1,3049801,3049801,DETTOL LIQUID 96*50ML,OU,S,CA,12,0,9028.21,94.04,1128.48,1083.36,135.42,0,0,135.42,993.06,0,158.89,1151.95,SOSHA1005000095,Invoice,Invoiced,11/03/2025,,,,,,,,,,,,,,12,Picked,DTR Van-D,,,,,,,,
IN000775,7880336,CT0010044819,SHA1007,1,3049801,3049801,DETTOL LIQUID 96*50ML,OU,S,CA,12,0,9028.21,94.04,1128.48,1083.36,135.42,0,0,135.42,993.06,0,158.89,1151.95,SOSHA1007000123,Invoice,Invoiced,11/03/2025,,,,,,,,,,,,,,12,Picked,DTR Van-D,,,,,,,,
IN000779,7880336,CT0010044846,SHA1007,1,3049801,3049801,DETTOL LIQUID 96*50ML,OU,S,CA,12,0,9028.21,94.04,1128.48,1083.36,135.42,0,0,135.42,993.06,0,158.89,1151.95,SOSHA1007000124,Invoice,Invoiced,11/03/2025,,,,,,,,,,,,,,12,Picked,DTR Van-D,,,,,,,,
IN000781,7880336,CT0010044850,SHA1007,1,3049801,3049801,DETTOL LIQUID 96*50ML,OU,S,CA,12,0,9028.21,94.04,1128.48,1083.36,135.42,0,0,135.42,993.06,0,158.89,1151.95,SOSHA1007000126,Invoice,Invoiced,11/03/2025,,,,,,,,,,,,,,12,Picked,DTR Van-D,,,,,,,,
IN000797,7880336,CT0010054253,SHA1006,1,3049801,3049801,DETTOL LIQUID 96*50ML,OU,S,CA,12,0,9028.21,94.04,1128.48,1083.36,135.42,0,0,135.42,993.06,0,158.89,1151.95,SOSHA1006000144,Invoice,Invoiced,12/03/2025,,,,,,,,,,,,,,12,Picked,DTR Van-D,,,,,,,,
IN000800,7880336,CT0010054282,SHA1006,1,3049801,3049801,DETTOL LIQUID 96*50ML,OU,S,CA,12,0,9028.21,94.04,1128.48,1083.36,135.42,0,0,135.42,993.06,0,158.89,1151.95,SOSHA1006000147,Invoice,Invoiced,12/03/2025,,,,,,,,,,,,,,12,Picked,DTR Van-D,,,,,,,,
IN000805,7880336,CT0010054328,SHA1006,1,3049801,3049801,DETTOL LIQUID 96*50ML,OU,S,CA,12,0,9028.21,94.04,1128.48,1083.36,135.42,0,0,135.42,993.06,0,158.89,1151.95,SOSHA1006000155,Invoice,Invoiced,12/03/2025,,,,,,,,,,,,,,12,Picked,DTR Van-D,,,,,,,,
IN000824,7880336,CT0010054340,SHA1002,1,3049801,3049801,DETTOL LIQUID 96*50ML,OU,S,CA,12,0,9028.21,94.04,1128.48,1083.36,135.42,0,0,135.42,993.06,0,158.89,1151.95,SOSHA1002000140,Invoice,Invoiced,12/03/2025,,,,,,,,,,,,,,12,Picked,DTR Van-D,,,,,,,,
IN000830,7880336,CT0010042663,SHA1004,1,3049801,3049801,DETTOL LIQUID 96*50ML,OU,S,CA,12,0,9028.21,94.04,1128.48,1083.36,135.42,0,0,135.42,993.06,0,158.89,1151.95,SOSHA1004000125,Invoice,Invoiced,12/03/2025,,,,,,,,,,,,,,12,Picked,DTR Van-D,,,,,,,,
IN000833,7880336,CT0010042715,SHA1004,1,3049801,3049801,DETTOL LIQUID 96*50ML,OU,S,CA,12,0,9028.21,94.04,1128.48,1083.36,135.42,0,0,135.42,993.06,0,158.89,1151.95,SOSHA1004000132,Invoice,Invoiced,12/03/2025,,,,,,,,,,,,,,12,Picked,DTR Van-D,,,,,,,,
IN000838,7880336,CT0010043606,SHA1005,1,3049801,3049801,DETTOL LIQUID 96*50ML,OU,S,CA,12,0,9028.21,94.04,1128.48,1083.36,135.42,0,0,135.42,993.06,0,158.89,1151.95,SOSHA1005000099,Invoice,Invoiced,12/03/2025,,,,,,,,,,,,,,12,Picked,DTR Van-D,,,,,,,,
IN000845,7880336,CT0010043581,SHA1005,2,3049801,3049801,DETTOL LIQUID 96*50ML,OU,S,CA,12,0,9028.21,94.04,1128.48,1083.36,135.42,0,0,135.42,993.06,0,158.89,1151.95,SOSHA1005000106,Invoice,Invoiced,12/03/2025,,,,,,,,,,,,,,12,Picked,DTR Van-D,,,,,,,,
IN000851,7880336,CT0010054381,SHA1006,1,3049801,3049801,DETTOL LIQUID 96*50ML,OU,S,CA,12,0,9028.21,94.04,1128.48,1083.36,135.42,0,0,135.42,993.06,0,158.89,1151.95,SOSHA1006000169,Invoice,Invoiced,12/03/2025,,,,,,,,,,,,,,12,Picked,DTR Van-D,,,,,,,,
IN000897,7880336,CT0010054361,SHA1006,1,3049801,3049801,DETTOL LIQUID 96*50ML,OU,S,CA,12,0,9028.21,94.04,1128.48,1083.36,135.42,0,0,135.42,993.06,0,158.89,1151.95,SOSHA1006000164,Invoice,Invoiced,12/03/2025,,,,,,,,,,,,,,12,Picked,DTR Van-D,,,,,,,,
IN000898,7880336,CT0010054362,SHA1006,1,3049801,3049801,DETTOL LIQUID 96*50ML,OU,S,CA,12,0,9028.21,94.04,1128.48,1083.36,135.42,0,0,135.42,993.06,0,158.89,1151.95,SOSHA1006000165,Invoice,Invoiced,12/03/2025,,,,,,,,,,,,,,12,Picked,DTR Van-D,,,,,,,,
IN000901,7880336,CT0010054379,SHA1006,1,3049801,3049801,DETTOL LIQUID 96*50ML,OU,S,CA,12,0,9028.21,94.04,1128.48,1083.36,135.42,0,0,135.42,993.06,0,158.89,1151.95,SOSHA1006000167,Invoice,Invoiced,12/03/2025,,,,,,,,,,,,,,12,Picked,DTR Van-D,,,,,,,,
IN000934,7880336,CT0010054393,SHA1004,1,3049801,3049801,DETTOL LIQUID 96*50ML,OU,S,CA,12,0,9028.21,94.04,1128.48,1083.36,135.42,0,0,135.42,993.06,0,158.89,1151.95,SOSHA1004000140,Invoice,Invoiced,13/03/2025,,,,,,,,,,,,,,12,Picked,DTR Van-D,,,,,,,,
IN000948,7880336,CT0010054402,SHA1006,1,3049801,3049801,DETTOL LIQUID 96*50ML,OU,S,CA,12,0,9028.21,94.04,1128.48,1083.36,135.42,0,0,135.42,993.06,0,158.89,1151.95,SOSHA1006000173,Invoice,Invoiced,13/03/2025,,,,,,,,,,,,,,12,Picked,DTR Van-D,,,,,,,,
IN000953,7880336,CT0010042298,SHA1006,1,3049801,3049801,DETTOL LIQUID 96*50ML,OU,S,CA,12,0,9028.21,94.04,1128.48,1083.36,135.42,0,0,135.42,993.06,0,158.89,1151.95,SOSHA1006000178,Invoice,Invoiced,13/03/2025,,,,,,,,,,,,,,12,Picked,DTR Van-D,,,,,,,,
IN000954,7880336,CT0010054432,SHA1006,1,3049801,3049801,DETTOL LIQUID 96*50ML,OU,S,CA,12,0,9028.21,94.04,1128.48,1083.36,135.42,0,0,135.42,993.06,0,158.89,1151.95,SOSHA1006000179,Invoice,Invoiced,13/03/2025,,,,,,,,,,,,,,12,Picked,DTR Van-D,,,,,,,,
IN000955,7880336,CT0010054430,SHA1006,1,3049801,3049801,DETTOL LIQUID 96*50ML,OU,S,CA,12,0,9028.21,94.04,1128.48,1083.36,135.42,0,0,135.42,993.06,0,158.89,1151.95,SOSHA1006000180,Invoice,Invoiced,13/03/2025,,,,,,,,,,,,,,12,Picked,DTR Van-D,,,,,,,,
IN000958,7880336,CT0010054427,SHA1006,1,3049801,3049801,DETTOL LIQUID 96*50ML,OU,S,CA,12,0,9028.21,94.04,1128.48,1083.36,135.42,0,0,135.42,993.06,0,158.89,1151.95,SOSHA1006000183,Invoice,Invoiced,13/03/2025,,,,,,,,,,,,,,12,Picked,DTR Van-D,,,,,,,,
IN000969,7880336,CT0010054407,SHA1002,1,3049801,3049801,DETTOL LIQUID 96*50ML,OU,S,CA,12,0,9028.21,94.04,1128.48,1083.36,135.42,0,0,135.42,993.06,0,158.89,1151.95,SOSHA1002000161,Invoice,Invoiced,13/03/2025,,,,,,,,,,,,,,12,Picked,DTR Van-D,,,,,,,,
IN000983,7880336,CT0010047782,SHA1001,1,3049801,3049801,DETTOL LIQUID 96*50ML,OU,S,CA,12,0,9028.21,94.04,1128.48,1083.36,135.42,0,0,135.42,993.06,0,158.89,1151.95,SOSHA1001000166,Invoice,Invoiced,14/03/2025,,,,,,,,,,,,,,12,Picked,DTR Van-D,,,,,,,,
IN000985,7880336,CT0010047781,SHA1001,1,3049801,3049801,DETTOL LIQUID 96*50ML,OU,S,CA,12,0,9028.21,94.04,1128.48,1083.36,135.42,0,0,135.42,993.06,0,158.89,1151.95,SOSHA1001000169,Invoice,Invoiced,14/03/2025,,,,,,,,,,,,,,12,Picked,DTR Van-D,,,,,,,,
IN000988,7880336,CT0010047804,SHA1001,1,3049801,3049801,DETTOL LIQUID 96*50ML,OU,S,CA,12,0,9028.21,94.04,1128.48,1083.36,135.42,0,0,135.42,993.06,0,158.89,1151.95,SOSHA1001000172,Invoice,Invoiced,14/03/2025,,,,,,,,,,,,,,12,Picked,DTR Van-D,,,,,,,,
IN000989,7880336,CT0010047784,SHA1001,1,3049801,3049801,DETTOL LIQUID 96*50ML,OU,S,CA,12,0,9028.21,94.04,1128.48,1083.36,135.42,0,0,135.42,993.06,0,158.89,1151.95,SOSHA1001000168,Invoice,Invoiced,14/03/2025,,,,,,,,,,,,,,12,Picked,DTR Van-D,,,,,,,,
IN000996,7880336,CT0010043997,SHA1003,1,3049801,3049801,DETTOL LIQUID 96*50ML,OU,S,CA,12,0,9028.21,94.04,1128.48,1083.36,135.42,0,0,135.42,993.06,0,158.89,1151.95,SOSHA1003000177,Invoice,Invoiced,14/03/2025,,,,,,,,,,,,,,12,Picked,DTR Van-D,,,,,,,,
IN001025,7880336,CT0010054461,SHA1005,1,3049801,3049801,DETTOL LIQUID 96*50ML,OU,S,CA,12,0,9028.21,94.04,1128.48,1083.36,135.42,0,0,135.42,993.06,0,158.89,1151.95,SOSHA1005000121,Invoice,Invoiced,14/03/2025,,,,,,,,,,,,,,12,Picked,DTR Van-D,,,,,,,,
IN001026,7880336,CT0010054462,SHA1005,1,3049801,3049801,DETTOL LIQUID 96*50ML,OU,S,CA,12,0,9028.21,94.04,1128.48,1083.36,135.42,0,0,135.42,993.06,0,158.89,1151.95,SOSHA1005000122,Invoice,Invoiced,14/03/2025,,,,,,,,,,,,,,12,Picked,DTR Van-D,,,,,,,,
IN001028,7880336,CT0010054464,SHA1005,1,3049801,3049801,DETTOL LIQUID 96*50ML,OU,S,CA,12,0,9028.21,94.04,1128.48,1083.36,135.42,0,0,135.42,993.06,0,158.89,1151.95,SOSHA1005000125,Invoice,Invoiced,14/03/2025,,,,,,,,,,,,,,12,Picked,DTR Van-D,,,,,,,,
IN001033,7880336,CT0010054482,SHA1005,1,3049801,3049801,DETTOL LIQUID 96*50ML,OU,S,CA,12,0,9028.21,94.04,1128.48,1083.36,135.42,0,0,135.42,993.06,0,158.89,1151.95,SOSHA1005000131,Invoice,Invoiced,14/03/2025,,,,,,,,,,,,,,12,Picked,DTR Van-D,,,,,,,,
IN001041,7880336,CT0010054469,SHA1005,1,3049801,3049801,DETTOL LIQUID 96*50ML,OU,S,CA,12,0,9028.21,94.04,1128.48,1083.36,135.42,0,0,135.42,993.06,0,158.89,1151.95,SOSHA1005000129,Invoice,Invoiced,14/03/2025,,,,,,,,,,,,,,12,Picked,DTR Van-D,,,,,,,,
IN001042,7880336,CT0010054489,SHA1005,2,3049801,3049801,DETTOL LIQUID 96*50ML,OU,S,CA,12,0,9028.21,94.04,1128.48,1083.36,135.42,0,0,135.42,993.06,0,158.89,1151.95,SOSHA1005000133,Invoice,Invoiced,14/03/2025,,,,,,,,,,,,,,12,Picked,DTR Van-D,,,,,,,,
IN001045,7880336,CT0010042367,SHA1006,1,3049801,3049801,DETTOL LIQUID 96*50ML,OU,S,CA,12,0,9028.21,94.04,1128.48,1083.36,135.42,0,0,135.42,993.06,0,158.89,1151.95,SOSHA1006000188,Invoice,Invoiced,14/03/2025,,,,,,,,,,,,,,12,Picked,DTR Van-D,,,,,,,,
IN001047,7880336,CT0010054466,SHA1006,1,3049801,3049801,DETTOL LIQUID 96*50ML,OU,S,CA,12,0,9028.21,94.04,1128.48,1083.36,135.42,0,0,135.42,993.06,0,158.89,1151.95,SOSHA1006000193,Invoice,Invoiced,14/03/2025,,,,,,,,,,,,,,12,Picked,DTR Van-D,,,,,,,,
IN001048,7880336,CT0010054467,SHA1006,1,3049801,3049801,DETTOL LIQUID 96*50ML,OU,S,CA,12,0,9028.21,94.04,1128.48,1083.36,135.42,0,0,135.42,993.06,0,158.89,1151.95,SOSHA1006000194,Invoice,Invoiced,14/03/2025,,,,,,,,,,,,,,12,Picked,DTR Van-D,,,,,,,,
IN001049,7880336,CT0010054468,SHA1006,1,3049801,3049801,DETTOL LIQUID 96*50ML,OU,S,CA,12,0,9028.21,94.04,1128.48,1083.36,135.42,0,0,135.42,993.06,0,158.89,1151.95,SOSHA1006000195,Invoice,Invoiced,14/03/2025,,,,,,,,,,,,,,12,Picked,DTR Van-D,,,,,,,,
IN001050,7880336,CT0010042230,SHA1006,1,3049801,3049801,DETTOL LIQUID 96*50ML,OU,S,CA,12,0,9028.21,94.04,1128.48,1083.36,135.42,0,0,135.42,993.06,0,158.89,1151.95,SOSHA1006000196,Invoice,Invoiced,14/03/2025,,,,,,,,,,,,,,12,Picked,DTR Van-D,,,,,,,,
IN001051,7880336,CT0010054491,SHA1006,1,3049801,3049801,DETTOL LIQUID 96*50ML,OU,S,CA,12,0,9028.21,94.04,1128.48,1083.36,135.42,0,0,135.42,993.06,0,158.89,1151.95,SOSHA1006000197,Invoice,Invoiced,14/03/2025,,,,,,,,,,,,,,12,Picked,DTR Van-D,,,,,,,,
IN001054,7880336,CT0010054457,SHA1006,13,3049801,3049801,DETTOL LIQUID 96*50ML,OU,S,CA,12,0,9028.21,94.04,1128.48,1083.36,135.42,0,0,135.42,993.06,0,158.89,1151.95,SOSHA1006000189,Invoice,Invoiced,14/03/2025,,,,,,,,,,,,,,12,Picked,DTR Van-D,,,,,,,,
IN001059,7880336,CT0010043921,SHA1003,2,3049801,3049801,DETTOL LIQUID 96*50ML,OU,S,CA,12,0,9028.21,94.04,1128.48,1083.36,135.42,0,0,135.42,993.06,0,158.89,1151.95,SOSHA1003000186,Invoice,Invoiced,15/03/2025,,,,,,,,,,,,,,12,Unpick,DTR Van-D,,,,,,,,
IN001064,7880336,CT0010042724,SHA1001,1,3049801,3049801,DETTOL LIQUID 96*50ML,OU,S,CA,12,0,9028.21,94.04,1128.48,1083.36,135.42,0,0,135.42,993.06,0,158.89,1151.95,SOSHA1001000177,Invoice,Invoiced,17/03/2025,,,,,,,,,,,,,,12,Picked,DTR Van-D,,,,,,,,
IN001074,7880336,CT0010043170,SHA1001,1,3049801,3049801,DETTOL LIQUID 96*50ML,OU,S,CA,12,0,9028.21,94.04,1128.48,1083.36,135.42,0,0,135.42,993.06,0,158.89,1151.95,SOSHA1001000188,Invoice,Invoiced,17/03/2025,,,,,,,,,,,,,,12,Picked,DTR Van-D,,,,,,,,
IN001076,7880336,CT0010045227,SHA1001,1,3049801,3049801,DETTOL LIQUID 96*50ML,OU,S,CA,12,0,9028.21,94.04,1128.48,1083.36,135.42,0,0,135.42,993.06,0,158.89,1151.95,SOSHA1001000190,Invoice,Invoiced,17/03/2025,,,,,,,,,,,,,,12,Picked,DTR Van-D,,,,,,,,
IN001079,7880336,CT0010045108,SHA1002,1,3049801,3049801,DETTOL LIQUID 96*50ML,OU,S,CA,12,0,9028.21,94.04,1128.48,1083.36,135.42,0,0,135.42,993.06,0,158.89,1151.95,SOSHA1002000169,Invoice,Invoiced,17/03/2025,,,,,,,,,,,,,,12,Picked,DTR Van-D,,,,,,,,
IN001080,7880336,CT0010043495,SHA1002,1,3049801,3049801,DETTOL LIQUID 96*50ML,OU,S,CA,12,0,9028.21,94.04,1128.48,1083.36,135.42,0,0,135.42,993.06,0,158.89,1151.95,SOSHA1002000171,Invoice,Invoiced,17/03/2025,,,,,,,,,,,,,,12,Picked,DTR Van-D,,,,,,,,
IN001091,7880336,CT0010041716,SHA1003,1,3049801,3049801,DETTOL LIQUID 96*50ML,OU,S,CA,12,0,9028.21,94.04,1128.48,1083.36,135.42,0,0,135.42,993.06,0,158.89,1151.95,SOSHA1003000189,Invoice,Invoiced,17/03/2025,,,,,,,,,,,,,,12,Picked,DTR Van-D,,,,,,,,
IN001095,7880336,CT0010041682,SHA1003,1,3049801,3049801,DETTOL LIQUID 96*50ML,OU,S,CA,12,0,9028.21,94.04,1128.48,1083.36,135.42,0,0,135.42,993.06,0,158.89,1151.95,SOSHA1003000193,Invoice,Invoiced,17/03/2025,,,,,,,,,,,,,,12,Picked,DTR Van-D,,,,,,,,
IN001110,7880336,CT0010045354,SHA1004,1,3049801,3049801,DETTOL LIQUID 96*50ML,OU,S,CA,12,0,9028.21,94.04,1128.48,1083.36,135.42,0,0,135.42,993.06,0,158.89,1151.95,SOSHA1004000188,Invoice,Invoiced,17/03/2025,,,,,,,,,,,,,,12,Picked,DTR Van-D,,,,,,,,
IN001114,7880336,CT0010054572,SHA1004,1,3049801,3049801,DETTOL LIQUID 96*50ML,OU,S,CA,12,0,9028.21,94.04,1128.48,1083.36,135.42,0,0,135.42,993.06,0,158.89,1151.95,SOSHA1004000192,Invoice,Invoiced,17/03/2025,,,,,,,,,,,,,,12,Picked,DTR Van-D,,,,,,,,
IN001119,7880336,CT0010043161,SHA1005,1,3049801,3049801,DETTOL LIQUID 96*50ML,OU,S,CA,12,0,9028.21,94.04,1128.48,1083.36,135.42,0,0,135.42,993.06,0,158.89,1151.95,SOSHA1005000146,Invoice,Invoiced,17/03/2025,,,,,,,,,,,,,,12,Picked,DTR Van-D,,,,,,,,
IN001123,7880336,CT0010054550,SHA1005,1,3049801,3049801,DETTOL LIQUID 96*50ML,OU,S,CA,12,0,9028.21,94.04,1128.48,1083.36,135.42,0,0,135.42,993.06,0,158.89,1151.95,SOSHA1005000151,Invoice,Invoiced,17/03/2025,,,,,,,,,,,,,,12,Picked,DTR Van-D,,,,,,,,
IN001125,7880336,CT0010054569,SHA1005,3,3049801,3049801,DETTOL LIQUID 96*50ML,OU,S,CA,12,0,9028.21,94.04,1128.48,1083.36,135.42,0,0,135.42,993.06,0,158.89,1151.95,SOSHA1005000154,Invoice,Invoiced,17/03/2025,,,,,,,,,,,,,,12,Picked,DTR Van-D,,,,,,,,
IN001130,7880336,CT0010043166,SHA1005,1,3049801,3049801,DETTOL LIQUID 96*50ML,OU,S,CA,12,0,9028.21,94.04,1128.48,1083.36,135.42,0,0,135.42,993.06,0,158.89,1151.95,SOSHA1005000160,Invoice,Invoiced,17/03/2025,,,,,,,,,,,,,,12,Picked,DTR Van-D,,,,,,,,
IN001131,7880336,CT0010053988,SHA1006,1,3049801,3049801,DETTOL LIQUID 96*50ML,OU,S,CA,12,0,9028.21,94.04,1128.48,1083.36,135.42,0,0,135.42,993.06,0,158.89,1151.95,SOSHA1006000202,Invoice,Invoiced,17/03/2025,,,,,,,,,,,,,,12,Picked,DTR Van-D,,,,,,,,
IN001137,7880336,CT0010054577,SHA1005,1,3049801,3049801,DETTOL LIQUID 96*50ML,OU,S,CA,12,0,9028.21,94.04,1128.48,1083.36,135.42,0,0,135.42,993.06,0,158.89,1151.95,SOSHA1005000156,Invoice,Invoiced,17/03/2025,,,,,,,,,,,,,,12,Picked,DTR Van-D,,,,,,,,
IN001140,7880336,CT0010054567,SHA1006,1,3049801,3049801,DETTOL LIQUID 96*50ML,OU,S,CA,12,0,9028.21,94.04,1128.48,1083.36,135.42,0,0,135.42,993.06,0,158.89,1151.95,SOSHA1006000207,Invoice,Invoiced,17/03/2025,,,,,,,,,,,,,,12,Picked,DTR Van-D,,,,,,,,
IN001145,7880336,CT0010054554,SHA1006,1,3049801,3049801,DETTOL LIQUID 96*50ML,OU,S,CA,12,0,9028.21,94.04,1128.48,1083.36,135.42,0,0,135.42,993.06,0,158.89,1151.95,SOSHA1006000214,Invoice,Invoiced,17/03/2025,,,,,,,,,,,,,,12,Picked,DTR Van-D,,,,,,,,
IN001148,7880336,CT0010054559,SHA1006,1,3049801,3049801,DETTOL LIQUID 96*50ML,OU,S,CA,12,0,9028.21,94.04,1128.48,1083.36,135.42,0,0,135.42,993.06,0,158.89,1151.95,SOSHA1006000217,Invoice,Invoiced,17/03/2025,,,,,,,,,,,,,,12,Picked,DTR Van-D,,,,,,,,
IN001161,7880336,CT0010054561,SHA1007,1,3049801,3049801,DETTOL LIQUID 96*50ML,OU,S,CA,12,0,9028.21,94.04,1128.48,1083.36,135.42,0,0,135.42,993.06,0,158.89,1151.95,SOSHA1007000176,Invoice,Invoiced,17/03/2025,,,,,,,,,,,,,,12,Picked,DTR Van-D,,,,,,,,
IN001163,7880336,CT0010043500,SHA1007,1,3049801,3049801,DETTOL LIQUID 96*50ML,OU,S,CA,12,0,9028.21,94.04,1128.48,1083.36,135.42,0,0,135.42,993.06,0,158.89,1151.95,SOSHA1007000167,Invoice,Invoiced,17/03/2025,,,,,,,,,,,,,,12,Picked,DTR Van-D,,,,,,,,
IN001175,7880336,CT0010054048,SHA1001,1,3049801,3049801,DETTOL LIQUID 96*50ML,OU,S,CA,12,0,9028.21,94.04,1128.48,1083.36,135.42,0,0,135.42,993.06,0,158.89,1151.95,SOSHA1001000202,Invoice,Invoiced,18/03/2025,,,,,,,,,,,,,,12,Picked,DTR Van-D,,,,,,,,
IN001180,7880336,CT0010045031,SHA1002,1,3049801,3049801,DETTOL LIQUID 96*50ML,OU,S,CA,12,0,9028.21,94.04,1128.48,1083.36,135.42,0,0,135.42,993.06,0,158.89,1151.95,SOSHA1002000184,Invoice,Invoiced,18/03/2025,,,,,,,,,,,,,,12,Picked,DTR Van-D,,,,,,,,
IN001190,7880336,CT0010054607,SHA1002,1,3049801,3049801,DETTOL LIQUID 96*50ML,OU,S,CA,12,0,9028.21,94.04,1128.48,1083.36,135.42,0,0,135.42,993.06,0,158.89,1151.95,SOSHA1002000194,Invoice,Invoiced,18/03/2025,,,,,,,,,,,,,,12,Picked,DTR Van-D,,,,,,,,
IN001208,7880336,CT0010044695,SHA1004,1,3049801,3049801,DETTOL LIQUID 96*50ML,OU,S,CA,12,0,9028.21,94.04,1128.48,1083.36,135.42,0,0,135.42,993.06,0,158.89,1151.95,SOSHA1004000194,Invoice,Invoiced,18/03/2025,,,,,,,,,,,,,,12,Picked,DTR Van-D,,,,,,,,
IN001223,7880336,CT0010054020,SHA1004,1,3049801,3049801,DETTOL LIQUID 96*50ML,OU,S,CA,12,0,9028.21,94.04,1128.48,1083.36,135.42,0,0,135.42,993.06,0,158.89,1151.95,SOSHA1004000207,Invoice,Invoiced,18/03/2025,,,,,,,,,,,,,,12,Picked,DTR Van-D,,,,,,,,
IN001229,7880336,CT0010054608,SHA1004,1,3049801,3049801,DETTOL LIQUID 96*50ML,OU,S,CA,12,0,9028.21,94.04,1128.48,1083.36,135.42,0,0,135.42,993.06,0,158.89,1151.95,SOSHA1004000214,Invoice,Invoiced,18/03/2025,,,,,,,,,,,,,,12,Picked,DTR Van-D,,,,,,,,
IN001239,7880336,CT0010054592,SHA1005,1,3049801,3049801,DETTOL LIQUID 96*50ML,OU,S,CA,12,0,9028.21,94.04,1128.48,1083.36,135.42,0,0,135.42,993.06,0,158.89,1151.95,SOSHA1005000164,Invoice,Invoiced,18/03/2025,,,,,,,,,,,,,,12,Picked,DTR Van-D,,,,,,,,
IN001251,7880336,CT0010054612,SHA1005,1,3049801,3049801,DETTOL LIQUID 96*50ML,OU,S,CA,12,0,9028.21,94.04,1128.48,1083.36,135.42,0,0,135.42,993.06,0,158.89,1151.95,SOSHA1005000176,Invoice,Invoiced,18/03/2025,,,,,,,,,,,,,,12,Picked,DTR Van-D,,,,,,,,
IN001260,7880336,CT0010046196,SHA1006,1,3049801,3049801,DETTOL LIQUID 96*50ML,OU,S,CA,12,0,9028.21,94.04,1128.48,1083.36,135.42,0,0,135.42,993.06,0,158.89,1151.95,SOSHA1006000228,Invoice,Invoiced,18/03/2025,,,,,,,,,,,,,,12,Picked,DTR Van-D,,,,,,,,
IN001261,7880336,CT0010046223,SHA1006,1,3049801,3049801,DETTOL LIQUID 96*50ML,OU,S,CA,12,0,9028.21,94.04,1128.48,1083.36,135.42,0,0,135.42,993.06,0,158.89,1151.95,SOSHA1006000229,Invoice,Invoiced,18/03/2025,,,,,,,,,,,,,,12,Picked,DTR Van-D,,,,,,,,
IN001270,7880336,CT0010046213,SHA1006,1,3049801,3049801,DETTOL LIQUID 96*50ML,OU,S,CA,12,0,9028.21,94.04,1128.48,1083.36,135.42,0,0,135.42,993.06,0,158.89,1151.95,SOSHA1006000237,Invoice,Invoiced,18/03/2025,,,,,,,,,,,,,,12,Picked,DTR Van-D,,,,,,,,
IN001275,7880336,CT0010045418,SHA1007,1,3049801,3049801,DETTOL LIQUID 96*50ML,OU,S,CA,12,0,9028.21,94.04,1128.48,1083.36,135.42,0,0,135.42,993.06,0,158.89,1151.95,SOSHA1007000179,Invoice,Invoiced,18/03/2025,,,,,,,,,,,,,,12,Picked,DTR Van-D,,,,,,,,
IN001291,7880336,CT0010046529,SHA1001,1,3049801,3049801,DETTOL LIQUID 96*50ML,OU,S,CA,12,0,9028.21,94.04,1128.48,1083.36,135.42,0,0,135.42,993.06,0,158.89,1151.95,SOSHA1001000212,Invoice,Invoiced,20/03/2025,,,,,,,,,,,,,,12,Picked,DTR Van-D,,,,,,,,
IN001292,7880336,CT0010054062,SHA1001,1,3049801,3049801,DETTOL LIQUID 96*50ML,OU,S,CA,12,0,9028.21,94.04,1128.48,1083.36,135.42,0,0,135.42,993.06,0,158.89,1151.95,SOSHA1001000213,Invoice,Invoiced,20/03/2025,,,,,,,,,,,,,,12,Picked,DTR Van-D,,,,,,,,
IN001300,7880336,CT0010046730,SHA1001,3,3049801,3049801,DETTOL LIQUID 96*50ML,OU,S,CA,12,0,9028.21,94.04,1128.48,1083.36,135.42,0,0,135.42,993.06,0,158.89,1151.95,SOSHA1001000221,Invoice,Invoiced,20/03/2025,,,,,,,,,,,,,,12,Picked,DTR Van-D,,,,,,,,
IN001309,7880336,CT0010047442,SHA1002,1,3049801,3049801,DETTOL LIQUID 96*50ML,OU,S,CA,12,0,9028.21,94.04,1128.48,1083.36,135.42,0,0,135.42,993.06,0,158.89,1151.95,SOSHA1002000216,Invoice,Invoiced,20/03/2025,,,,,,,,,,,,,,12,Picked,DTR Van-D,,,,,,,,
IN001311,7880336,CT0010047456,SHA1002,1,3049801,3049801,DETTOL LIQUID 96*50ML,OU,S,CA,12,0,9028.21,94.04,1128.48,1083.36,135.42,0,0,135.42,993.06,0,158.89,1151.95,SOSHA1002000218,Invoice,Invoiced,20/03/2025,,,,,,,,,,,,,,12,Picked,DTR Van-D,,,,,,,,
IN001312,7880336,CT0010054068,SHA1002,1,3049801,3049801,DETTOL LIQUID 96*50ML,OU,S,CA,12,0,9028.21,94.04,1128.48,1083.36,135.42,0,0,135.42,993.06,0,158.89,1151.95,SOSHA1002000219,Invoice,Invoiced,20/03/2025,,,,,,,,,,,,,,12,Picked,DTR Van-A,,,,,,,,
IN001313,7880336,CT0010047474,SHA1002,1,3049801,3049801,DETTOL LIQUID 96*50ML,OU,S,CA,12,0,9028.21,94.04,1128.48,1083.36,135.42,0,0,135.42,993.06,0,158.89,1151.95,SOSHA1002000220,Invoice,Invoiced,20/03/2025,,,,,,,,,,,,,,12,Picked,DTR Van-D,,,,,,,,
IN001315,7880336,CT0010047432,SHA1002,3,3049801,3049801,DETTOL LIQUID 96*50ML,OU,S,CA,12,0,9028.21,94.04,1128.48,1083.36,135.42,0,0,135.42,993.06,0,158.89,1151.95,SOSHA1002000223,Invoice,Invoiced,20/03/2025,,,,,,,,,,,,,,12,Picked,DTR Van-D,,,,,,,,
IN001331,7880336,CT0010048195,SHA1003,1,3049801,3049801,DETTOL LIQUID 96*50ML,OU,S,CA,12,0,9028.21,94.04,1128.48,1083.36,135.42,0,0,135.42,993.06,0,158.89,1151.95,SOSHA1003000225,Invoice,Invoiced,20/03/2025,,,,,,,,,,,,,,12,Picked,DTR Van-D,,,,,,,,
IN001336,7880336,CT0010041533,SHA1003,1,3049801,3049801,DETTOL LIQUID 96*50ML,OU,S,CA,12,0,9028.21,94.04,1128.48,1083.36,135.42,0,0,135.42,993.06,0,158.89,1151.95,SOSHA1003000217,Invoice,Invoiced,20/03/2025,,,,,,,,,,,,,,12,Picked,DTR Van-D,,,,,,,,
IN001338,7880336,CT0010041517,SHA1003,1,3049801,3049801,DETTOL LIQUID 96*50ML,OU,S,CA,12,0,9028.21,94.04,1128.48,1083.36,135.42,0,0,135.42,993.06,0,158.89,1151.95,SOSHA1003000226,Invoice,Invoiced,20/03/2025,,,,,,,,,,,,,,12,Picked,DTR Van-D,,,,,,,,
IN001346,7880336,CT0010054056,SHA1004,1,3049801,3049801,DETTOL LIQUID 96*50ML,OU,S,CA,12,0,9028.21,94.04,1128.48,1083.36,135.42,0,0,135.42,993.06,0,158.89,1151.95,SOSHA1004000223,Invoice,Invoiced,20/03/2025,,,,,,,,,,,,,,12,Picked,DTR Van-A,,,,,,,,
IN001353,7880336,CT0010044955,SHA1004,1,3049801,3049801,DETTOL LIQUID 96*50ML,OU,S,CA,12,0,9028.21,94.04,1128.48,1083.36,135.42,0,0,135.42,993.06,0,158.89,1151.95,SOSHA1004000231,Invoice,Invoiced,20/03/2025,,,,,,,,,,,,,,12,Picked,DTR Van-D,,,,,,,,
IN001354,7880336,CT0010044946,SHA1004,1,3049801,3049801,DETTOL LIQUID 96*50ML,OU,S,CA,12,0,9028.21,94.04,1128.48,1083.36,135.42,0,0,135.42,993.06,0,158.89,1151.95,SOSHA1004000234,Invoice,Invoiced,20/03/2025,,,,,,,,,,,,,,12,Picked,DTR Van-D,,,,,,,,
IN001362,7880336,CT0010044948,SHA1004,1,3049801,3049801,DETTOL LIQUID 96*50ML,OU,S,CA,12,0,9028.21,94.04,1128.48,1083.36,135.42,0,0,135.42,993.06,0,158.89,1151.95,SOSHA1004000235,Invoice,Invoiced,20/03/2025,,,,,,,,,,,,,,12,Picked,DTR Van-D,,,,,,,,
IN001379,7880336,CT0010043525,SHA1006,1,3049801,3049801,DETTOL LIQUID 96*50ML,OU,S,CA,12,0,9028.21,94.04,1128.48,1083.36,135.42,0,0,135.42,993.06,0,158.89,1151.95,SOSHA1006000245,Invoice,Invoiced,20/03/2025,,,,,,,,,,,,,,12,Picked,DTR Van-D,,,,,,,,
IN001383,7880336,CT0010043540,SHA1006,1,3049801,3049801,DETTOL LIQUID 96*50ML,OU,S,CA,12,0,9028.21,94.04,1128.48,1083.36,135.42,0,0,135.42,993.06,0,158.89,1151.95,SOSHA1006000252,Invoice,Invoiced,20/03/2025,,,,,,,,,,,,,,12,Picked,DTR Van-D,,,,,,,,
IN001384,7880336,CT0010054660,SHA1006,1,3049801,3049801,DETTOL LIQUID 96*50ML,OU,S,CA,12,0,9028.21,94.04,1128.48,1083.36,135.42,0,0,135.42,993.06,0,158.89,1151.95,SOSHA1006000247,Invoice,Invoiced,20/03/2025,,,,,,,,,,,,,,12,Picked,DTR Van-D,,,,,,,,
IN001386,7880336,CT0010046928,SHA1007,1,3049801,3049801,DETTOL LIQUID 96*50ML,OU,S,CA,12,0,9028.21,94.04,1128.48,1083.36,135.42,0,0,135.42,993.06,0,158.89,1151.95,SOSHA1007000190,Invoice,Invoiced,20/03/2025,,,,,,,,,,,,,,12,Picked,DTR Van-D,,,,,,,,
IN001400,7880336,CT0010054686,SHA1007,2,3049801,3049801,DETTOL LIQUID 96*50ML,OU,S,CA,12,0,9028.21,94.04,1128.48,1083.36,135.42,0,0,135.42,993.06,0,158.89,1151.95,SOSHA1007000208,Invoice,Invoiced,20/03/2025,,,,,,,,,,,,,,12,Picked,DTR Van-D,,,,,,,,
IN001403,7880336,CT0010054689,SHA1007,1,3049801,3049801,DETTOL LIQUID 96*50ML,OU,S,CA,12,0,9028.21,94.04,1128.48,1083.36,135.42,0,0,135.42,993.06,0,158.89,1151.95,SOSHA1007000213,Invoice,Invoiced,20/03/2025,,,,,,,,,,,,,,12,Picked,DTR Van-D,,,,,,,,
IN001404,7880336,CT0010054111,SHA1007,1,3049801,3049801,DETTOL LIQUID 96*50ML,OU,S,CA,12,0,9028.21,94.04,1128.48,1083.36,135.42,0,0,135.42,993.06,0,158.89,1151.95,SOSHA1007000217,Invoice,Invoiced,20/03/2025,,,,,,,,,,,,,,12,Picked,DTR Van-D,,,,,,,,
IN001408,7880336,CT0010046666,SHA1001,1,3049801,3049801,DETTOL LIQUID 96*50ML,OU,S,CA,12,0,9028.21,94.04,1128.48,1083.36,135.42,0,0,135.42,993.06,0,158.89,1151.95,SOSHA1001000226,Invoice,Invoiced,21/03/2025,,,,,,,,,,,,,,12,Picked,DTR Van-D,,,,,,,,
IN001425,7880336,CT0010047004,SHA1002,1,3049801,3049801,DETTOL LIQUID 96*50ML,OU,S,CA,12,0,9028.21,94.04,1128.48,1083.36,135.42,0,0,135.42,993.06,0,158.89,1151.95,SOSHA1002000234,Invoice,Invoiced,21/03/2025,,,,,,,,,,,,,,12,Picked,DTR Van-D,,,,,,,,
IN001427,7880336,CT0010047007,SHA1002,1,3049801,3049801,DETTOL LIQUID 96*50ML,OU,S,CA,12,0,9028.21,94.04,1128.48,1083.36,135.42,0,0,135.42,993.06,0,158.89,1151.95,SOSHA1002000238,Invoice,Invoiced,21/03/2025,,,,,,,,,,,,,,12,Picked,DTR Van-D,,,,,,,,
IN001430,7880336,CT0010043881,SHA1003,1,3049801,3049801,DETTOL LIQUID 96*50ML,OU,S,CA,12,0,9028.21,94.04,1128.48,1083.36,135.42,0,0,135.42,993.06,0,158.89,1151.95,SOSHA1003000235,Invoice,Invoiced,21/03/2025,,,,,,,,,,,,,,12,Picked,DTR Van-D,,,,,,,,
IN001431,7880336,CT0010041867,SHA1003,1,3049801,3049801,DETTOL LIQUID 96*50ML,OU,S,CA,12,0,9028.21,94.04,1128.48,1083.36,135.42,0,0,135.42,993.06,0,158.89,1151.95,SOSHA1003000237,Invoice,Invoiced,21/03/2025,,,,,,,,,,,,,,12,Picked,DTR Van-D,,,,,,,,
IN001439,7880336,CT0010042491,SHA1003,1,3049801,3049801,DETTOL LIQUID 96*50ML,OU,S,CA,12,0,9028.21,94.04,1128.48,1083.36,135.42,0,0,135.42,993.06,0,158.89,1151.95,SOSHA1003000236,Invoice,Invoiced,21/03/2025,,,,,,,,,,,,,,12,Picked,DTR Van-D,,,,,,,,
IN001440,7880336,CT0010042446,SHA1003,1,3049801,3049801,DETTOL LIQUID 96*50ML,OU,S,CA,12,0,9028.21,94.04,1128.48,1083.36,135.42,0,0,135.42,993.06,0,158.89,1151.95,SOSHA1003000238,Invoice,Invoiced,21/03/2025,,,,,,,,,,,,,,12,Picked,DTR Van-D,,,,,,,,
IN001449,7880336,CT0010054153,SHA1004,1,3049801,3049801,DETTOL LIQUID 96*50ML,OU,S,CA,12,0,9028.21,94.04,1128.48,1083.36,135.42,0,0,135.42,993.06,0,158.89,1151.95,SOSHA1004000244,Invoice,Invoiced,21/03/2025,,,,,,,,,,,,,,12,Picked,DTR Van-A,,,,,,,,
IN001453,7880336,CT0010042467,SHA1003,1,3049801,3049801,DETTOL LIQUID 96*50ML,OU,S,CA,12,0,9028.21,94.04,1128.48,1083.36,135.42,0,0,135.42,993.06,0,158.89,1151.95,SOSHA1003000246,Invoice,Invoiced,21/03/2025,,,,,,,,,,,,,,12,Picked,DTR Van-D,,,,,,,,
IN001457,7880336,CT0010046328,SHA1004,2,3049801,3049801,DETTOL LIQUID 96*50ML,OU,S,CA,12,0,9028.21,94.04,1128.48,1083.36,135.42,0,0,135.42,993.06,0,158.89,1151.95,SOSHA1004000251,Invoice,Invoiced,21/03/2025,,,,,,,,,,,,,,12,Picked,DTR Van-D,,,,,,,,
IN001465,7880336,CT0010046321,SHA1004,1,3049801,3049801,DETTOL LIQUID 96*50ML,OU,S,CA,12,0,9028.21,94.04,1128.48,1083.36,135.42,0,0,135.42,993.06,0,158.89,1151.95,SOSHA1004000254,Invoice,Invoiced,21/03/2025,,,,,,,,,,,,,,12,Picked,DTR Van-D,,,,,,,,
IN001466,7880336,CT0010054729,SHA1004,1,3049801,3049801,DETTOL LIQUID 96*50ML,OU,S,CA,12,0,9028.21,94.04,1128.48,1083.36,135.42,0,0,135.42,993.06,0,158.89,1151.95,SOSHA1004000265,Invoice,Invoiced,21/03/2025,,,,,,,,,,,,,,12,Picked,DTR Van-D,,,,,,,,
IN001490,7880336,CT0010054715,SHA1006,1,3049801,3049801,DETTOL LIQUID 96*50ML,OU,S,CA,12,0,9028.21,94.04,1128.48,1083.36,135.42,0,0,135.42,993.06,0,158.89,1151.95,SOSHA1006000258,Invoice,Invoiced,21/03/2025,,,,,,,,,,,,,,12,Picked,DTR Van-D,,,,,,,,
IN001493,7880336,CT0010054714,SHA1006,1,3049801,3049801,DETTOL LIQUID 96*50ML,OU,S,CA,12,0,9028.21,94.04,1128.48,1083.36,135.42,0,0,135.42,993.06,0,158.89,1151.95,SOSHA1006000259,Invoice,Invoiced,21/03/2025,,,,,,,,,,,,,,12,Picked,DTR Van-D,,,,,,,,
IN001497,7880336,CT0010054725,SHA1007,1,3049801,3049801,DETTOL LIQUID 96*50ML,OU,S,CA,12,0,9028.21,94.04,1128.48,1083.36,135.42,0,0,135.42,993.06,0,158.89,1151.95,SOSHA1007000226,Invoice,Invoiced,21/03/2025,,,,,,,,,,,,,,12,Picked,DTR Van-D,,,,,,,,
IN001502,7880336,CT0010054724,SHA1007,1,3049801,3049801,DETTOL LIQUID 96*50ML,OU,S,CA,12,0,9028.21,94.04,1128.48,1083.36,135.42,0,0,135.42,993.06,0,158.89,1151.95,SOSHA1007000225,Invoice,Invoiced,21/03/2025,,,,,,,,,,,,,,12,Picked,DTR Van-D,,,,,,,,
IN001506,7880336,CT0010054736,SHA1007,1,3049801,3049801,DETTOL LIQUID 96*50ML,OU,S,CA,12,0,9028.21,94.04,1128.48,1083.36,135.42,0,0,135.42,993.06,0,158.89,1151.95,SOSHA1007000230,Invoice,Invoiced,21/03/2025,,,,,,,,,,,,,,12,Picked,DTR Van-D,,,,,,,,
IN001507,7880336,CT0010054735,SHA1007,1,3049801,3049801,DETTOL LIQUID 96*50ML,OU,S,CA,12,0,9028.21,94.04,1128.48,1083.36,135.42,0,0,135.42,993.06,0,158.89,1151.95,SOSHA1007000231,Invoice,Invoiced,21/03/2025,,,,,,,,,,,,,,12,Picked,DTR Van-D,,,,,,,,
IN000738,7880336,CT0010042949,SHA1001,4,366177,0366177,Dettol Soap Skincare 72*90G,OU,S,CA,8,0,9028,125.39,1003.12,0,0,0,0,0,1003.12,0,160.5,1163.62,SOSHA1001000130,Invoice,Invoiced,11/03/2025,,,,,,,,,,,,,,8,Picked,DTR Van-D,,,,,,,,
IN000739,7880336,CT0010042951,SHA1001,10,3244644,3244644,DETTOL SOAP SKINCARE 90GX3,OU,S,CA,3,0,8088,337,1011,0,0,0,0,0,1011,0,161.76,1172.76,SOSHA1001000131,Invoice,Invoiced,11/03/2025,,,,,,,,,,,,,,3,Picked,DTR Van-D,,,,,,,,
IN000739,7880336,CT0010042951,SHA1001,11,3244645,3244645,DETTOL SOAP ORIGINAL 90GX3,OU,S,CA,3,0,8088,337,1011,0,0,0,0,0,1011,0,161.76,1172.76,SOSHA1001000131,Invoice,Invoiced,11/03/2025,,,,,,,,,,,,,,3,Picked,DTR Van-D,,,,,,,,
IN000990,7880336,CT0010047799,SHA1001,10,3244643,3244643,DETTOL SOAP HERBAL 90GX3,OU,S,CA,3,0,8088,337,1011,0,0,0,0,0,1011,0,161.76,1172.76,SOSHA1001000173,Invoice,Invoiced,14/03/2025,,,,,,,,,,,,,,3,Picked,DTR Van-D,,,,,,,,
IN000990,7880336,CT0010047799,SHA1001,11,3244644,3244644,DETTOL SOAP SKINCARE 90GX3,OU,S,CA,3,0,8088,337,1011,0,0,0,0,0,1011,0,161.76,1172.76,SOSHA1001000173,Invoice,Invoiced,14/03/2025,,,,,,,,,,,,,,3,Picked,DTR Van-D,,,,,,,,
IN000827,7880336,CT0010054348,SHA1002,2,349291,0349291,Mortein Doom P.Gard Aik Lemon 12*180Ml,OU,S,CA,2,0,6112.85,509.4,1018.8,0,0,0,0,0,1018.8,0,163.01,1181.81,SOSHA1002000143,Invoice,Invoiced,12/03/2025,,,,,,,,,,,,,,2,Picked,DTR Van-D,,,,,,,,
IN001339,7880336,CT0010054104,SHA1003,2,3239866,3239866,DETTOL LIQUID 125ML+50ML,OU,S,CA,3,0,8265,344.38,1033.14,0,0,0,0,0,1033.14,0,165.3,1198.44,SOSHA1003000228,Invoice,Invoiced,20/03/2025,,,,,,,,,,,,,,3,Picked,DTR Van-D,,,,,,,,
IN000292,7880336,CT0010047432,SHA1002,1,349130,0349130,Mortein Doom P.Gard Aik Lemon 12*100Ml,OU,S,CA,6,0,2163.01,180.25,1081.5,86.52,43.26,0,0,43.26,1038.24,0,166.12,1204.36,SOSHA1002000061,Invoice,Invoiced,06/03/2025,,,,,,,,,,,,,,6,Picked,DTR Van-D,,,,,,,,
IN000312,7880336,CT0010041882,SHA1003,1,349130,0349130,Mortein Doom P.Gard Aik Lemon 12*100Ml,OU,S,CA,6,0,2163.01,180.25,1081.5,86.52,43.26,0,0,43.26,1038.24,0,166.12,1204.36,SOSHA1003000064,Invoice,Invoiced,06/03/2025,,,,,,,,,,,,,,6,Picked,DTR Van-D,,,,,,,,
IN000340,7880336,CT0010044870,SHA1004,1,349130,0349130,Mortein Doom P.Gard Aik Lemon 12*100Ml,OU,S,CA,6,0,2163.01,180.25,1081.5,86.52,43.26,0,0,43.26,1038.24,0,166.12,1204.36,SOSHA1004000048,Invoice,Invoiced,06/03/2025,,,,,,,,,,,,,,6,Picked,DTR Van-D,,,,,,,,
IN000341,7880336,CT0010044900,SHA1004,1,349130,0349130,Mortein Doom P.Gard Aik Lemon 12*100Ml,OU,S,CA,6,0,2163.01,180.25,1081.5,86.52,43.26,0,0,43.26,1038.24,0,166.12,1204.36,SOSHA1004000049,Invoice,Invoiced,06/03/2025,,,,,,,,,,,,,,6,Picked,DTR Van-D,,,,,,,,
IN000344,7880336,CT0010044874,SHA1004,1,349130,0349130,Mortein Doom P.Gard Aik Lemon 12*100Ml,OU,S,CA,6,0,2163.01,180.25,1081.5,86.52,43.26,0,0,43.26,1038.24,0,166.12,1204.36,SOSHA1004000052,Invoice,Invoiced,06/03/2025,,,,,,,,,,,,,,6,Picked,DTR Van-D,,,,,,,,
IN000345,7880336,CT0010044948,SHA1004,1,349130,0349130,Mortein Doom P.Gard Aik Lemon 12*100Ml,OU,S,CA,6,0,2163.01,180.25,1081.5,86.52,43.26,0,0,43.26,1038.24,0,166.12,1204.36,SOSHA1004000047,Invoice,Invoiced,06/03/2025,,,,,,,,,,,,,,6,Picked,DTR Van-D,,,,,,,,
IN000395,7880336,CT0010046666,SHA1001,1,349130,0349130,Mortein Doom P.Gard Aik Lemon 12*100Ml,OU,S,CA,6,0,2163.01,180.25,1081.5,86.52,43.26,0,0,43.26,1038.24,0,166.12,1204.36,SOSHA1001000068,Invoice,Invoiced,06/03/2025,,,,,,,,,,,,,,6,Picked,DTR Van-D,,,,,,,,
IN000407,7880336,CT0010047021,SHA1002,1,349130,0349130,Mortein Doom P.Gard Aik Lemon 12*100Ml,OU,S,CA,6,0,2163.01,180.25,1081.5,86.52,43.26,0,0,43.26,1038.24,0,166.12,1204.36,SOSHA1002000093,Invoice,Invoiced,06/03/2025,,,,,,,,,,,,,,6,Picked,DTR Van-D,,,,,,,,
IN000417,7880336,CT0010042422,SHA1003,1,349130,0349130,Mortein Doom P.Gard Aik Lemon 12*100Ml,OU,S,CA,6,0,2163.01,180.25,1081.5,86.52,43.26,0,0,43.26,1038.24,0,166.12,1204.36,SOSHA1003000083,Invoice,Invoiced,06/03/2025,,,,,,,,,,,,,,6,Picked,DTR Van-D,,,,,,,,
IN000494,7880336,CT0010047163,SHA1007,1,349130,0349130,Mortein Doom P.Gard Aik Lemon 12*100Ml,OU,S,CA,6,0,2163.01,180.25,1081.5,86.52,43.26,0,0,43.26,1038.24,0,166.12,1204.36,SOSHA1007000077,Invoice,Invoiced,06/03/2025,,,,,,,,,,,,,,6,Picked,DTR Van-D,,,,,,,,
IN000510,7880336,CT0010045010,SHA1001,1,349130,0349130,Mortein Doom P.Gard Aik Lemon 12*100Ml,OU,S,CA,6,0,2163.01,180.25,1081.5,86.52,43.26,0,0,43.26,1038.24,0,166.12,1204.36,SOSHA1001000088,Invoice,Invoiced,08/03/2025,,,,,,,,,,,,,,6,Picked,DTR Van-D,,,,,,,,
IN000587,7880336,CT0010047327,SHA1007,1,349130,0349130,Mortein Doom P.Gard Aik Lemon 12*100Ml,OU,S,CA,6,0,2163.01,180.25,1081.5,86.52,43.26,0,0,43.26,1038.24,0,166.12,1204.36,SOSHA1007000090,Invoice,Invoiced,08/03/2025,,,,,,,,,,,,,,6,Picked,DTR Van-D,,,,,,,,
IN000612,7880336,CT0010046017,SHA1002,1,349130,0349130,Mortein Doom P.Gard Aik Lemon 12*100Ml,OU,S,CA,6,0,2163.01,180.25,1081.5,86.52,43.26,0,0,43.26,1038.24,0,166.12,1204.36,SOSHA1002000114,Invoice,Invoiced,10/03/2025,,,,,,,,,,,,,,6,Picked,DTR Van-D,,,,,,,,
IN000758,7880336,CT0010043745,SHA1003,1,349130,0349130,Mortein Doom P.Gard Aik Lemon 12*100Ml,OU,S,CA,6,0,2163.01,180.25,1081.5,86.52,43.26,0,0,43.26,1038.24,0,166.12,1204.36,SOSHA1003000132,Invoice,Invoiced,11/03/2025,,,,,,,,,,,,,,6,Picked,DTR Van-D,,,,,,,,
IN000759,7880336,CT0010045496,SHA1004,1,349130,0349130,Mortein Doom P.Gard Aik Lemon 12*100Ml,OU,S,CA,6,0,2163.01,180.25,1081.5,86.52,43.26,0,0,43.26,1038.24,0,166.12,1204.36,SOSHA1004000114,Invoice,Invoiced,11/03/2025,,,,,,,,,,,,,,6,Picked,DTR Van-D,,,,,,,,
IN000834,7880336,CT0010043018,SHA1004,1,349130,0349130,Mortein Doom P.Gard Aik Lemon 12*100Ml,OU,S,CA,6,0,2163.01,180.25,1081.5,86.52,43.26,0,0,43.26,1038.24,0,166.12,1204.36,SOSHA1004000133,Invoice,Invoiced,12/03/2025,,,,,,,,,,,,,,6,Picked,DTR Van-D,,,,,,,,
IN000847,7880336,CT0010043005,SHA1004,1,349130,0349130,Mortein Doom P.Gard Aik Lemon 12*100Ml,OU,S,CA,6,0,2163.01,180.25,1081.5,86.52,43.26,0,0,43.26,1038.24,0,166.12,1204.36,SOSHA1004000130,Invoice,Invoiced,12/03/2025,,,,,,,,,,,,,,6,Picked,DTR Van-D,,,,,,,,
IN000872,7880336,CT0010042641,SHA1003,1,349130,0349130,Mortein Doom P.Gard Aik Lemon 12*100Ml,OU,S,CA,6,0,2163.01,180.25,1081.5,86.52,43.26,0,0,43.26,1038.24,0,166.12,1204.36,SOSHA1003000139,Invoice,Invoiced,12/03/2025,,,,,,,,,,,,,,6,Picked,DTR Van-D,,,,,,,,
IN001009,7880336,CT0010054460,SHA1004,1,349130,0349130,Mortein Doom P.Gard Aik Lemon 12*100Ml,OU,S,CA,6,0,2163.01,180.25,1081.5,86.52,43.26,0,0,43.26,1038.24,0,166.12,1204.36,SOSHA1004000158,Invoice,Invoiced,14/03/2025,,,,,,,,,,,,,,6,Picked,DTR Van-D,,,,,,,,
IN001012,7880336,CT0010054492,SHA1004,2,349130,0349130,Mortein Doom P.Gard Aik Lemon 12*100Ml,OU,S,CA,6,0,2163.01,180.25,1081.5,86.52,43.26,0,0,43.26,1038.24,0,166.12,1204.36,SOSHA1004000161,Invoice,Invoiced,14/03/2025,,,,,,,,,,,,,,6,Picked,DTR Van-D,,,,,,,,
IN001024,7880336,CT0010044595,SHA1004,1,349130,0349130,Mortein Doom P.Gard Aik Lemon 12*100Ml,OU,S,CA,6,0,2163.01,180.25,1081.5,86.52,43.26,0,0,43.26,1038.24,0,166.12,1204.36,SOSHA1004000173,Invoice,Invoiced,14/03/2025,,,,,,,,,,,,,,6,Picked,DTR Van-D,,,,,,,,
IN001102,7880336,CT0010045382,SHA1004,1,349130,0349130,Mortein Doom P.Gard Aik Lemon 12*100Ml,OU,S,CA,6,0,2163.01,180.25,1081.5,86.52,43.26,0,0,43.26,1038.24,0,166.12,1204.36,SOSHA1004000180,Invoice,Invoiced,17/03/2025,,,,,,,,,,,,,,6,Picked,DTR Van-D,,,,,,,,
IN001125,7880336,CT0010054569,SHA1005,2,349130,0349130,Mortein Doom P.Gard Aik Lemon 12*100Ml,OU,S,CA,6,0,2163.01,180.25,1081.5,86.52,43.26,0,0,43.26,1038.24,0,166.12,1204.36,SOSHA1005000154,Invoice,Invoiced,17/03/2025,,,,,,,,,,,,,,6,Picked,DTR Van-D,,,,,,,,
IN001213,7880336,CT0010044628,SHA1004,1,349130,0349130,Mortein Doom P.Gard Aik Lemon 12*100Ml,OU,S,CA,6,0,2163.01,180.25,1081.5,86.52,43.26,0,0,43.26,1038.24,0,166.12,1204.36,SOSHA1004000200,Invoice,Invoiced,18/03/2025,,,,,,,,,,,,,,6,Picked,DTR Van-D,,,,,,,,
IN001301,7880336,CT0010046600,SHA1001,1,349130,0349130,Mortein Doom P.Gard Aik Lemon 12*100Ml,OU,S,CA,6,0,2163.01,180.25,1081.5,86.52,43.26,0,0,43.26,1038.24,0,166.12,1204.36,SOSHA1001000222,Invoice,Invoiced,20/03/2025,,,,,,,,,,,,,,6,Picked,DTR Van-D,,,,,,,,
IN001315,7880336,CT0010047432,SHA1002,1,349130,0349130,Mortein Doom P.Gard Aik Lemon 12*100Ml,OU,S,CA,6,0,2163.01,180.25,1081.5,86.52,43.26,0,0,43.26,1038.24,0,166.12,1204.36,SOSHA1002000223,Invoice,Invoiced,20/03/2025,,,,,,,,,,,,,,6,Picked,DTR Van-D,,,,,,,,
IN001339,7880336,CT0010054104,SHA1003,1,349130,0349130,Mortein Doom P.Gard Aik Lemon 12*100Ml,OU,S,CA,6,0,2163.01,180.25,1081.5,86.52,43.26,0,0,43.26,1038.24,0,166.12,1204.36,SOSHA1003000228,Invoice,Invoiced,20/03/2025,,,,,,,,,,,,,,6,Picked,DTR Van-D,,,,,,,,
IN001378,7880336,CT0010054082,SHA1006,1,349130,0349130,Mortein Doom P.Gard Aik Lemon 12*100Ml,OU,S,CA,6,0,2163.01,180.25,1081.5,86.52,43.26,0,0,43.26,1038.24,0,166.12,1204.36,SOSHA1006000244,Invoice,Invoiced,20/03/2025,,,,,,,,,,,,,,6,Picked,DTR Van-A,,,,,,,,
IN001400,7880336,CT0010054686,SHA1007,1,349130,0349130,Mortein Doom P.Gard Aik Lemon 12*100Ml,OU,S,CA,6,0,2163.01,180.25,1081.5,86.52,43.26,0,0,43.26,1038.24,0,166.12,1204.36,SOSHA1007000208,Invoice,Invoiced,20/03/2025,,,,,,,,,,,,,,6,Picked,DTR Van-D,,,,,,,,
IN001424,7880336,CT0010047017,SHA1002,1,349130,0349130,Mortein Doom P.Gard Aik Lemon 12*100Ml,OU,S,CA,6,0,2163.01,180.25,1081.5,86.52,43.26,0,0,43.26,1038.24,0,166.12,1204.36,SOSHA1002000233,Invoice,Invoiced,21/03/2025,,,,,,,,,,,,,,6,Picked,DTR Van-D,,,,,,,,
IN001457,7880336,CT0010046328,SHA1004,1,349130,0349130,Mortein Doom P.Gard Aik Lemon 12*100Ml,OU,S,CA,6,0,2163.01,180.25,1081.5,86.52,43.26,0,0,43.26,1038.24,0,166.12,1204.36,SOSHA1004000251,Invoice,Invoiced,21/03/2025,,,,,,,,,,,,,,6,Picked,DTR Van-D,,,,,,,,
IN001478,7880336,CT0010054703,SHA1005,1,349130,0349130,Mortein Doom P.Gard Aik Lemon 12*100Ml,OU,S,CA,6,0,2163.01,180.25,1081.5,86.52,43.26,0,0,43.26,1038.24,0,166.12,1204.36,SOSHA1005000205,Invoice,Invoiced,21/03/2025,,,,,,,,,,,,,,6,Picked,DTR Van-D,,,,,,,,
IN001482,7880336,CT0010046794,SHA1005,1,349130,0349130,Mortein Doom P.Gard Aik Lemon 12*100Ml,OU,S,CA,6,0,2163.01,180.25,1081.5,86.52,43.26,0,0,43.26,1038.24,0,166.12,1204.36,SOSHA1005000210,Invoice,Invoiced,21/03/2025,,,,,,,,,,,,,,6,Picked,DTR Van-D,,,,,,,,
IN001495,7880336,CT0010054720,SHA1007,1,349130,0349130,Mortein Doom P.Gard Aik Lemon 12*100Ml,OU,S,CA,6,0,2163.01,180.25,1081.5,86.52,43.26,0,0,43.26,1038.24,0,166.12,1204.36,SOSHA1007000221,Invoice,Invoiced,21/03/2025,,,,,,,,,,,,,,6,Picked,DTR Van-D,,,,,,,,
IN001503,7880336,CT0010054166,SHA1007,1,349130,0349130,Mortein Doom P.Gard Aik Lemon 12*100Ml,OU,S,CA,6,0,2163.01,180.25,1081.5,86.52,43.26,0,0,43.26,1038.24,0,166.12,1204.36,SOSHA1007000233,Invoice,Invoiced,21/03/2025,,,,,,,,,,,,,,6,Picked,DTR Van-D,,,,,,,,
IN000660,7880336,CT0010054229,SHA1004,1,238167,0238167,Jik Bleach Regular 70Ml *144,OU,S,CA,48,0,3218.39,22.35,1072.8,0,0,0,0,0,1072.8,0,171.65,1244.45,SOSHA1004000105,Invoice,Invoiced,10/03/2025,,,,,,,,,,,,,,48,Picked,DTR Van-A,,,,,,,,
IN000963,7880336,CT0010054434,SHA1006,12,3249064,3249064,DETTOL SOAP HERBAL 125G,OU,S,CA,8,0,11285.27,156.74,1253.92,0,0,0,0,0,1253.92,0,0,1253.92,SOSHA1006000187,Invoice,Invoiced,13/03/2025,,,,,,,,,,,,,,8,Picked,DTR Van-D,,,,,,,,
IN000130,7880336,CT0010047799,SHA1001,2,3049805,3049805,DETTOL LIQUID 72*125ML,OU,S,CA,4,0,22571,313.49,1253.96,0,0,0,0,0,1253.96,0,0,1253.96,SOSHA1001000001,Invoice,Invoiced,04/03/2025,,,,,,,,,,,,,,4,Unpick,DTR Van-D,,,,,,,,
IN000234,7880336,CT0010045067,SHA1002,1,349130,0349130,Mortein Doom P.Gard Aik Lemon 12*100Ml,OU,S,CA,6,0,2163.01,180.25,1081.5,0,0,0,0,0,1081.5,0,173.04,1254.54,SOSHA1002000058,Invoice,Invoiced,05/03/2025,,,,,,,,,,,,,,6,Picked,DTR Van-D,,,,,,,,
IN000240,7880336,CT0010044653,SHA1004,1,349130,0349130,Mortein Doom P.Gard Aik Lemon 12*100Ml,OU,S,CA,6,0,2163.01,180.25,1081.5,0,0,0,0,0,1081.5,0,173.04,1254.54,SOSHA1004000030,Invoice,Invoiced,05/03/2025,,,,,,,,,,,,,,6,Picked,DTR Van-D,,,,,,,,
IN000459,7880336,CT0010054143,SHA1005,1,349130,0349130,Mortein Doom P.Gard Aik Lemon 12*100Ml,OU,S,CA,6,0,2163.01,180.25,1081.5,0,0,0,0,0,1081.5,0,173.04,1254.54,SOSHA1005000056,Invoice,Invoiced,06/03/2025,,,,,,,,,,,,,,6,Picked,DTR Van-D,,,,,,,,
IN000467,7880336,CT0010054121,SHA1006,1,349130,0349130,Mortein Doom P.Gard Aik Lemon 12*100Ml,OU,S,CA,6,0,2163.01,180.25,1081.5,0,0,0,0,0,1081.5,0,173.04,1254.54,SOSHA1006000106,Invoice,Invoiced,06/03/2025,,,,,,,,,,,,,,6,Picked,DTR Van-A,,,,,,,,
IN000591,7880336,CT0010054164,SHA1007,1,349130,0349130,Mortein Doom P.Gard Aik Lemon 12*100Ml,OU,S,CA,6,0,2163.01,180.25,1081.5,0,0,0,0,0,1081.5,0,173.04,1254.54,SOSHA1007000095,Invoice,Invoiced,08/03/2025,,,,,,,,,,,,,,6,Picked,DTR Van-D,,,,,,,,
IN000649,7880336,CT0010054231,SHA1004,1,349130,0349130,Mortein Doom P.Gard Aik Lemon 12*100Ml,OU,S,CA,6,0,2163.01,180.25,1081.5,0,0,0,0,0,1081.5,0,173.04,1254.54,SOSHA1004000094,Invoice,Invoiced,10/03/2025,,,,,,,,,,,,,,6,Picked,DTR Van-A,,,,,,,,
IN000755,7880336,CT0010054273,SHA1004,1,349130,0349130,Mortein Doom P.Gard Aik Lemon 12*100Ml,OU,S,CA,6,0,2163.01,180.25,1081.5,0,0,0,0,0,1081.5,0,173.04,1254.54,SOSHA1004000121,Invoice,Invoiced,11/03/2025,,,,,,,,,,,,,,6,Picked,DTR Van-A,,,,,,,,
IN000979,7880336,CT0010054478,SHA1001,1,349130,0349130,Mortein Doom P.Gard Aik Lemon 12*100Ml,OU,S,CA,6,0,2163.01,180.25,1081.5,0,0,0,0,0,1081.5,0,173.04,1254.54,SOSHA1001000162,Invoice,Invoiced,14/03/2025,,,,,,,,,,,,,,6,Picked,DTR Van-D,,,,,,,,
IN001066,7880336,CT0010054524,SHA1001,1,349130,0349130,Mortein Doom P.Gard Aik Lemon 12*100Ml,OU,S,CA,6,0,2163.01,180.25,1081.5,0,0,0,0,0,1081.5,0,173.04,1254.54,SOSHA1001000179,Invoice,Invoiced,17/03/2025,,,,,,,,,,,,,,6,Picked,DTR Van-D,,,,,,,,
IN000265,7880336,CT0010046203,SHA1006,3,3298961,3298961,Dettol soap Skincare 85g,EA,S,EA,12,0,94,94,1128,0,0,0,0,0,1128,0,180.48,1308.48,SOSHA1006000069,Invoice,Invoiced,05/03/2025,,,,,,,,,,,,,,12,Picked,DTR Van-D,,,,,,,,
IN000962,7880336,CT0010054433,SHA1006,31,3298961,3298961,Dettol soap Skincare 85g,EA,S,EA,12,0,94,94,1128,0,0,0,0,0,1128,0,180.48,1308.48,SOSHA1006000186,Invoice,Invoiced,13/03/2025,,,,,,,,,,,,,,12,Picked,DTR Van-D,,,,,,,,
IN000978,7880336,CT0010050026,SHA1000,12,3298961,3298961,Dettol soap Skincare 85g,EA,S,EA,12,0,94,94,1128,0,0,0,0,0,1128,0,180.48,1308.48,SOSHA1000000023,Invoice,Invoiced,14/03/2025,,,,,,,,,,,,,,12,Picked,Other Supermarts-D,,,,,,,,
IN000988,7880336,CT0010047804,SHA1001,3,3298961,3298961,Dettol soap Skincare 85g,EA,S,EA,12,0,94,94,1128,0,0,0,0,0,1128,0,180.48,1308.48,SOSHA1001000172,Invoice,Invoiced,14/03/2025,,,,,,,,,,,,,,12,Picked,DTR Van-D,,,,,,,,
IN000990,7880336,CT0010047799,SHA1001,12,3298961,3298961,Dettol soap Skincare 85g,EA,S,EA,12,0,94,94,1128,0,0,0,0,0,1128,0,180.48,1308.48,SOSHA1001000173,Invoice,Invoiced,14/03/2025,,,,,,,,,,,,,,12,Picked,DTR Van-D,,,,,,,,
IN001054,7880336,CT0010054457,SHA1006,36,3298961,3298961,Dettol soap Skincare 85g,EA,S,EA,12,0,94,94,1128,0,0,0,0,0,1128,0,180.48,1308.48,SOSHA1006000189,Invoice,Invoiced,14/03/2025,,,,,,,,,,,,,,12,Picked,DTR Van-D,,,,,,,,
IN001058,7880336,CT0010046433,SHA1007,3,3298961,3298961,Dettol soap Skincare 85g,EA,S,EA,12,0,94,94,1128,0,0,0,0,0,1128,0,180.48,1308.48,SOSHA1007000157,Invoice,Invoiced,14/03/2025,,,,,,,,,,,,,,12,Picked,DTR Van-D,,,,,,,,
IN001078,7880336,CT0010043496,SHA1000,20,3298961,3298961,Dettol soap Skincare 85g,EA,S,EA,12,0,94,94,1128,0,0,0,0,0,1128,0,180.48,1308.48,SOSHA1000000024,Invoice,Invoiced,17/03/2025,,,,,,,,,,,,,,12,Picked,DTR Van-D,,,,,,,,
IN001203,7880336,CT0010041538,SHA1003,5,3298961,3298961,Dettol soap Skincare 85g,EA,S,EA,12,0,94,94,1128,0,0,0,0,0,1128,0,180.48,1308.48,SOSHA1003000199,Invoice,Invoiced,18/03/2025,,,,,,,,,,,,,,12,Picked,DTR Van-D,,,,,,,,
IN001288,7880336,CT0010041892,SHA1000,12,3298961,3298961,Dettol soap Skincare 85g,EA,S,EA,12,0,94,94,1128,0,0,0,0,0,1128,0,180.48,1308.48,SOSHA1000000030,Invoice,Invoiced,20/03/2025,,,,,,,,,,,,,,12,Picked,DTR Van-D,,,,,,,,
IN001506,7880336,CT0010054736,SHA1007,7,3298961,3298961,Dettol soap Skincare 85g,EA,S,EA,12,0,94,94,1128,0,0,0,0,0,1128,0,180.48,1308.48,SOSHA1007000230,Invoice,Invoiced,21/03/2025,,,,,,,,,,,,,,12,Picked,DTR Van-D,,,,,,,,
IN000142,7880336,CT0010043148,SHA1000,3,3049801,3049801,DETTOL LIQUID 96*50ML,OU,S,CA,12,0,9028.21,94.04,1128.48,0,0,0,0,0,1128.48,0,180.56,1309.04,SOSHA1000000011,Invoice,Invoiced,04/03/2025,,,,,,,,,,,,,,12,Picked,Other Supermarts-D,,,,,,,,
IN000150,7880336,CT0010045227,SHA1001,1,3049801,3049801,DETTOL LIQUID 96*50ML,OU,S,CA,12,0,9028.21,94.04,1128.48,0,0,0,0,0,1128.48,0,180.56,1309.04,SOSHA1001000014,Invoice,Invoiced,04/03/2025,,,,,,,,,,,,,,12,Picked,DTR Van-D,,,,,,,,
IN000152,7880336,CT0010043051,SHA1001,1,3049801,3049801,DETTOL LIQUID 96*50ML,OU,S,CA,12,0,9028.21,94.04,1128.48,0,0,0,0,0,1128.48,0,180.56,1309.04,SOSHA1001000017,Invoice,Invoiced,04/03/2025,,,,,,,,,,,,,,12,Picked,DTR Van-D,,,,,,,,
IN000163,7880336,CT0010045121,SHA1002,1,3049801,3049801,DETTOL LIQUID 96*50ML,OU,S,CA,12,0,9028.21,94.04,1128.48,0,0,0,0,0,1128.48,0,180.56,1309.04,SOSHA1002000034,Invoice,Invoiced,04/03/2025,,,,,,,,,,,,,,12,Picked,DTR Van-D,,,,,,,,
IN000173,7880336,CT0010041681,SHA1003,1,3049801,3049801,DETTOL LIQUID 96*50ML,OU,S,CA,12,0,9028.21,94.04,1128.48,0,0,0,0,0,1128.48,0,180.56,1309.04,SOSHA1003000055,Invoice,Invoiced,04/03/2025,,,,,,,,,,,,,,12,Picked,DTR Van-D,,,,,,,,
IN000178,7880336,CT0010043128,SHA1005,2,3049801,3049801,DETTOL LIQUID 96*50ML,OU,S,CA,12,0,9028.21,94.04,1128.48,0,0,0,0,0,1128.48,0,180.56,1309.04,SOSHA1005000016,Invoice,Invoiced,04/03/2025,,,,,,,,,,,,,,12,Picked,DTR Van-D,,,,,,,,
IN000179,7880336,CT0010043132,SHA1005,1,3049801,3049801,DETTOL LIQUID 96*50ML,OU,S,CA,12,0,9028.21,94.04,1128.48,0,0,0,0,0,1128.48,0,180.56,1309.04,SOSHA1005000017,Invoice,Invoiced,04/03/2025,,,,,,,,,,,,,,12,Picked,DTR Van-D,,,,,,,,
IN000180,7880336,CT0010043504,SHA1002,1,3049801,3049801,DETTOL LIQUID 96*50ML,OU,S,CA,12,0,9028.21,94.04,1128.48,0,0,0,0,0,1128.48,0,180.56,1309.04,SOSHA1002000037,Invoice,Invoiced,04/03/2025,,,,,,,,,,,,,,12,Picked,DTR Van-D,,,,,,,,
IN000182,7880336,CT0010043187,SHA1005,1,3049801,3049801,DETTOL LIQUID 96*50ML,OU,S,CA,12,0,9028.21,94.04,1128.48,0,0,0,0,0,1128.48,0,180.56,1309.04,SOSHA1005000019,Invoice,Invoiced,04/03/2025,,,,,,,,,,,,,,12,Picked,DTR Van-D,,,,,,,,
IN000187,7880336,CT0010043532,SHA1007,1,3049801,3049801,DETTOL LIQUID 96*50ML,OU,S,CA,12,0,9028.21,94.04,1128.48,0,0,0,0,0,1128.48,0,180.56,1309.04,SOSHA1007000028,Invoice,Invoiced,04/03/2025,,,,,,,,,,,,,,12,Picked,DTR Van-D,,,,,,,,
IN000223,7880336,CT0010045088,SHA1002,1,3049801,3049801,DETTOL LIQUID 96*50ML,OU,S,CA,12,0,9028.21,94.04,1128.48,0,0,0,0,0,1128.48,0,180.56,1309.04,SOSHA1002000047,Invoice,Invoiced,05/03/2025,,,,,,,,,,,,,,12,Picked,DTR Van-D,,,,,,,,
IN000232,7880336,CT0010054041,SHA1002,1,3049801,3049801,DETTOL LIQUID 96*50ML,OU,S,CA,12,0,9028.21,94.04,1128.48,0,0,0,0,0,1128.48,0,180.56,1309.04,SOSHA1002000056,Invoice,Invoiced,05/03/2025,,,,,,,,,,,,,,12,Picked,DUKA,,,,,,,,
IN000244,7880336,CT0010044665,SHA1004,1,3049801,3049801,DETTOL LIQUID 96*50ML,OU,S,CA,12,0,9028.21,94.04,1128.48,0,0,0,0,0,1128.48,0,180.56,1309.04,SOSHA1004000035,Invoice,Invoiced,05/03/2025,,,,,,,,,,,,,,12,Picked,DTR Van-D,,,,,,,,
IN000249,7880336,CT0010043448,SHA1005,1,3049801,3049801,DETTOL LIQUID 96*50ML,OU,S,CA,12,0,9028.21,94.04,1128.48,0,0,0,0,0,1128.48,0,180.56,1309.04,SOSHA1005000022,Invoice,Invoiced,05/03/2025,,,,,,,,,,,,,,12,Picked,DTR Van-D,,,,,,,,
IN000250,7880336,CT0010043448,SHA1005,1,3049801,3049801,DETTOL LIQUID 96*50ML,OU,S,CA,12,0,9028.21,94.04,1128.48,0,0,0,0,0,1128.48,0,180.56,1309.04,SOSHA1005000024,Invoice,Invoiced,05/03/2025,,,,,,,,,,,,,,12,Picked,DTR Van-D,,,,,,,,
IN000251,7880336,CT0010043448,SHA1005,1,3049801,3049801,DETTOL LIQUID 96*50ML,OU,S,CA,12,0,9028.21,94.04,1128.48,0,0,0,0,0,1128.48,0,180.56,1309.04,SOSHA1005000025,Invoice,Invoiced,05/03/2025,,,,,,,,,,,,,,12,Picked,DTR Van-D,,,,,,,,
IN000260,7880336,CT0010054034,SHA1006,1,3049801,3049801,DETTOL LIQUID 96*50ML,OU,S,CA,12,0,9028.21,94.04,1128.48,0,0,0,0,0,1128.48,0,180.56,1309.04,SOSHA1006000071,Invoice,Invoiced,05/03/2025,,,,,,,,,,,,,,12,Picked,DTR Van-A,,,,,,,,
IN000261,7880336,CT0010054035,SHA1006,1,3049801,3049801,DETTOL LIQUID 96*50ML,OU,S,CA,12,0,9028.21,94.04,1128.48,0,0,0,0,0,1128.48,0,180.56,1309.04,SOSHA1006000073,Invoice,Invoiced,05/03/2025,,,,,,,,,,,,,,12,Picked,DTR Van-A,,,,,,,,
IN000263,7880336,CT0010054036,SHA1006,1,3049801,3049801,DETTOL LIQUID 96*50ML,OU,S,CA,12,0,9028.21,94.04,1128.48,0,0,0,0,0,1128.48,0,180.56,1309.04,SOSHA1006000075,Invoice,Invoiced,05/03/2025,,,,,,,,,,,,,,12,Picked,DTR Van-A,,,,,,,,
IN000264,7880336,CT0010054043,SHA1006,1,3049801,3049801,DETTOL LIQUID 96*50ML,OU,S,CA,12,0,9028.21,94.04,1128.48,0,0,0,0,0,1128.48,0,180.56,1309.04,SOSHA1006000077,Invoice,Invoiced,05/03/2025,,,,,,,,,,,,,,12,Picked,DTR Van-A,,,,,,,,
IN000269,7880336,CT0010054038,SHA1007,1,3049801,3049801,DETTOL LIQUID 96*50ML,OU,S,CA,12,0,9028.21,94.04,1128.48,0,0,0,0,0,1128.48,0,180.56,1309.04,SOSHA1007000038,Invoice,Invoiced,05/03/2025,,,,,,,,,,,,,,12,Picked,DTR Van-A,,,,,,,,
IN000278,7880336,CT0010054062,SHA1001,1,3049801,3049801,DETTOL LIQUID 96*50ML,OU,S,CA,12,0,9028.21,94.04,1128.48,0,0,0,0,0,1128.48,0,180.56,1309.04,SOSHA1001000045,Invoice,Invoiced,06/03/2025,,,,,,,,,,,,,,12,Picked,DTR Van-D,,,,,,,,
IN000350,7880336,CT0010054080,SHA1006,1,3049801,3049801,DETTOL LIQUID 96*50ML,OU,S,CA,12,0,9028.21,94.04,1128.48,0,0,0,0,0,1128.48,0,180.56,1309.04,SOSHA1006000081,Invoice,Invoiced,06/03/2025,,,,,,,,,,,,,,12,Picked,DTR Van-A,,,,,,,,
IN000351,7880336,CT0010054084,SHA1006,1,3049801,3049801,DETTOL LIQUID 96*50ML,OU,S,CA,12,0,9028.21,94.04,1128.48,0,0,0,0,0,1128.48,0,180.56,1309.04,SOSHA1006000082,Invoice,Invoiced,06/03/2025,,,,,,,,,,,,,,12,Picked,DTR Van-A,,,,,,,,
IN000352,7880336,CT0010054079,SHA1006,1,3049801,3049801,DETTOL LIQUID 96*50ML,OU,S,CA,12,0,9028.21,94.04,1128.48,0,0,0,0,0,1128.48,0,180.56,1309.04,SOSHA1006000080,Invoice,Invoiced,06/03/2025,,,,,,,,,,,,,,12,Picked,DTR Van-A,,,,,,,,
IN000357,7880336,CT0010054086,SHA1006,1,3049801,3049801,DETTOL LIQUID 96*50ML,OU,S,CA,12,0,9028.21,94.04,1128.48,0,0,0,0,0,1128.48,0,180.56,1309.04,SOSHA1006000087,Invoice,Invoiced,06/03/2025,,,,,,,,,,,,,,12,Picked,DTR Van-A,,,,,,,,
IN000366,7880336,CT0010054109,SHA1006,1,3049801,3049801,DETTOL LIQUID 96*50ML,OU,S,CA,12,0,9028.21,94.04,1128.48,0,0,0,0,0,1128.48,0,180.56,1309.04,SOSHA1006000096,Invoice,Invoiced,06/03/2025,,,,,,,,,,,,,,12,Picked,DTR Van-A,,,,,,,,
IN000389,7880336,CT0010054136,SHA1001,1,3049801,3049801,DETTOL LIQUID 96*50ML,OU,S,CA,12,0,9028.21,94.04,1128.48,0,0,0,0,0,1128.48,0,180.56,1309.04,SOSHA1001000062,Invoice,Invoiced,06/03/2025,,,,,,,,,,,,,,12,Picked,DTR Van-D,,,,,,,,
IN000433,7880336,CT0010054158,SHA1004,1,3049801,3049801,DETTOL LIQUID 96*50ML,OU,S,CA,12,0,9028.21,94.04,1128.48,0,0,0,0,0,1128.48,0,180.56,1309.04,SOSHA1004000070,Invoice,Invoiced,06/03/2025,,,,,,,,,,,,,,12,Picked,DTR Van-A,,,,,,,,
IN000436,7880336,CT0010054102,SHA1004,1,3049801,3049801,DETTOL LIQUID 96*50ML,OU,S,CA,12,0,9028.21,94.04,1128.48,0,0,0,0,0,1128.48,0,180.56,1309.04,SOSHA1004000053,Invoice,Invoiced,06/03/2025,,,,,,,,,,,,,,12,Picked,DTR Van-A,,,,,,,,
IN000439,7880336,CT0010054152,SHA1004,1,3049801,3049801,DETTOL LIQUID 96*50ML,OU,S,CA,12,0,9028.21,94.04,1128.48,0,0,0,0,0,1128.48,0,180.56,1309.04,SOSHA1004000073,Invoice,Invoiced,06/03/2025,,,,,,,,,,,,,,12,Picked,DTR Van-A,,,,,,,,
IN000440,7880336,CT0010054147,SHA1004,1,3049801,3049801,DETTOL LIQUID 96*50ML,OU,S,CA,12,0,9028.21,94.04,1128.48,0,0,0,0,0,1128.48,0,180.56,1309.04,SOSHA1004000074,Invoice,Invoiced,06/03/2025,,,,,,,,,,,,,,12,Picked,DTR Van-A,,,,,,,,
IN000446,7880336,CT0010054117,SHA1005,1,3049801,3049801,DETTOL LIQUID 96*50ML,OU,S,CA,12,0,9028.21,94.04,1128.48,0,0,0,0,0,1128.48,0,180.56,1309.04,SOSHA1005000041,Invoice,Invoiced,06/03/2025,,,,,,,,,,,,,,12,Picked,DTR Van-D,,,,,,,,
IN000455,7880336,CT0010054139,SHA1005,1,3049801,3049801,DETTOL LIQUID 96*50ML,OU,S,CA,12,0,9028.21,94.04,1128.48,0,0,0,0,0,1128.48,0,180.56,1309.04,SOSHA1005000053,Invoice,Invoiced,06/03/2025,,,,,,,,,,,,,,12,Picked,DTR Van-D,,,,,,,,
IN000465,7880336,CT0010054149,SHA1006,1,3049801,3049801,DETTOL LIQUID 96*50ML,OU,S,CA,12,0,9028.21,94.04,1128.48,0,0,0,0,0,1128.48,0,180.56,1309.04,SOSHA1006000104,Invoice,Invoiced,06/03/2025,,,,,,,,,,,,,,12,Picked,DTR Van-A,,,,,,,,
IN000467,7880336,CT0010054121,SHA1006,2,3049801,3049801,DETTOL LIQUID 96*50ML,OU,S,CA,12,0,9028.21,94.04,1128.48,0,0,0,0,0,1128.48,0,180.56,1309.04,SOSHA1006000106,Invoice,Invoiced,06/03/2025,,,,,,,,,,,,,,12,Picked,DTR Van-A,,,,,,,,
IN000469,7880336,CT0010054163,SHA1006,1,3049801,3049801,DETTOL LIQUID 96*50ML,OU,S,CA,12,0,9028.21,94.04,1128.48,0,0,0,0,0,1128.48,0,180.56,1309.04,SOSHA1006000113,Invoice,Invoiced,06/03/2025,,,,,,,,,,,,,,12,Picked,DTR Van-A,,,,,,,,
IN000472,7880336,CT0010054162,SHA1006,1,3049801,3049801,DETTOL LIQUID 96*50ML,OU,S,CA,12,0,9028.21,94.04,1128.48,0,0,0,0,0,1128.48,0,180.56,1309.04,SOSHA1006000112,Invoice,Invoiced,06/03/2025,,,,,,,,,,,,,,12,Picked,DTR Van-A,,,,,,,,
IN000474,7880336,CT0010054108,SHA1007,1,3049801,3049801,DETTOL LIQUID 96*50ML,OU,S,CA,12,0,9028.21,94.04,1128.48,0,0,0,0,0,1128.48,0,180.56,1309.04,SOSHA1007000057,Invoice,Invoiced,06/03/2025,,,,,,,,,,,,,,12,Picked,DTR Van-D,,,,,,,,
IN000477,7880336,CT0010054107,SHA1007,1,3049801,3049801,DETTOL LIQUID 96*50ML,OU,S,CA,12,0,9028.21,94.04,1128.48,0,0,0,0,0,1128.48,0,180.56,1309.04,SOSHA1007000060,Invoice,Invoiced,06/03/2025,,,,,,,,,,,,,,12,Picked,DTR Van-D,,,,,,,,
IN000479,7880336,CT0010054105,SHA1007,1,3049801,3049801,DETTOL LIQUID 96*50ML,OU,S,CA,12,0,9028.21,94.04,1128.48,0,0,0,0,0,1128.48,0,180.56,1309.04,SOSHA1007000062,Invoice,Invoiced,06/03/2025,,,,,,,,,,,,,,12,Picked,DTR Van-D,,,,,,,,
IN000480,7880336,CT0010054111,SHA1007,1,3049801,3049801,DETTOL LIQUID 96*50ML,OU,S,CA,12,0,9028.21,94.04,1128.48,0,0,0,0,0,1128.48,0,180.56,1309.04,SOSHA1007000063,Invoice,Invoiced,06/03/2025,,,,,,,,,,,,,,12,Picked,DTR Van-D,,,,,,,,
IN000568,7880336,CT0010054205,SHA1006,1,3049801,3049801,DETTOL LIQUID 96*50ML,OU,S,CA,12,0,9028.21,94.04,1128.48,0,0,0,0,0,1128.48,0,180.56,1309.04,SOSHA1006000119,Invoice,Invoiced,08/03/2025,,,,,,,,,,,,,,12,Picked,DTR Van-D,,,,,,,,
IN000574,7880336,CT0010054204,SHA1006,1,3049801,3049801,DETTOL LIQUID 96*50ML,OU,S,CA,12,0,9028.21,94.04,1128.48,0,0,0,0,0,1128.48,0,180.56,1309.04,SOSHA1006000128,Invoice,Invoiced,08/03/2025,,,,,,,,,,,,,,12,Picked,DTR Van-A,,,,,,,,
IN000593,7880336,CT0010054214,SHA1007,1,3049801,3049801,DETTOL LIQUID 96*50ML,OU,S,CA,12,0,9028.21,94.04,1128.48,0,0,0,0,0,1128.48,0,180.56,1309.04,SOSHA1007000097,Invoice,Invoiced,08/03/2025,,,,,,,,,,,,,,12,Picked,DTR Van-D,,,,,,,,
IN000598,7880336,CT0010054219,SHA1004,3,3049801,3049801,DETTOL LIQUID 96*50ML,OU,S,CA,12,0,9028.21,94.04,1128.48,0,0,0,0,0,1128.48,0,180.56,1309.04,SOSHA1004000087,Invoice,Invoiced,10/03/2025,,,,,,,,,,,,,,12,Unpick,DTR Van-A,,,,,,,,
IN000606,7880336,CT0010054257,SHA1001,1,3049801,3049801,DETTOL LIQUID 96*50ML,OU,S,CA,12,0,9028.21,94.04,1128.48,0,0,0,0,0,1128.48,0,180.56,1309.04,SOSHA1001000099,Invoice,Invoiced,10/03/2025,,,,,,,,,,,,,,12,Picked,DTR Van-D,,,,,,,,
IN000610,7880336,CT0010054260,SHA1001,1,3049801,3049801,DETTOL LIQUID 96*50ML,OU,S,CA,12,0,9028.21,94.04,1128.48,0,0,0,0,0,1128.48,0,180.56,1309.04,SOSHA1001000103,Invoice,Invoiced,10/03/2025,,,,,,,,,,,,,,12,Picked,DTR Van-D,,,,,,,,
IN000665,7880336,CT0010054264,SHA1004,1,3049801,3049801,DETTOL LIQUID 96*50ML,OU,S,CA,12,0,9028.21,94.04,1128.48,0,0,0,0,0,1128.48,0,180.56,1309.04,SOSHA1004000110,Invoice,Invoiced,10/03/2025,,,,,,,,,,,,,,12,Picked,DTR Van-A,,,,,,,,
IN000684,7880336,CT0010053976,SHA1007,1,3049801,3049801,DETTOL LIQUID 96*50ML,OU,S,CA,12,0,9028.21,94.04,1128.48,0,0,0,0,0,1128.48,0,180.56,1309.04,SOSHA1007000104,Invoice,Invoiced,10/03/2025,,,,,,,,,,,,,,12,Picked,DTR Van-D,,,,,,,,
IN000724,7880336,CT0010054314,SHA1001,1,3049801,3049801,DETTOL LIQUID 96*50ML,OU,S,CA,12,0,9028.21,94.04,1128.48,0,0,0,0,0,1128.48,0,180.56,1309.04,SOSHA1001000128,Invoice,Invoiced,11/03/2025,,,,,,,,,,,,,,12,Picked,DTR Van-D,,,,,,,,
IN000732,7880336,CT0010054277,SHA1002,1,3049801,3049801,DETTOL LIQUID 96*50ML,OU,S,CA,12,0,9028.21,94.04,1128.48,0,0,0,0,0,1128.48,0,180.56,1309.04,SOSHA1002000137,Invoice,Invoiced,11/03/2025,,,,,,,,,,,,,,12,Picked,DTR Van-D,,,,,,,,
IN000749,7880336,CT0010054318,SHA1004,1,3049801,3049801,DETTOL LIQUID 96*50ML,OU,S,CA,12,0,9028.21,94.04,1128.48,0,0,0,0,0,1128.48,0,180.56,1309.04,SOSHA1004000115,Invoice,Invoiced,11/03/2025,,,,,,,,,,,,,,12,Picked,DTR Van-A,,,,,,,,
IN000750,7880336,CT0010054317,SHA1004,1,3049801,3049801,DETTOL LIQUID 96*50ML,OU,S,CA,12,0,9028.21,94.04,1128.48,0,0,0,0,0,1128.48,0,180.56,1309.04,SOSHA1004000116,Invoice,Invoiced,11/03/2025,,,,,,,,,,,,,,12,Picked,DTR Van-A,,,,,,,,
IN000764,7880336,CT0010054319,SHA1005,1,3049801,3049801,DETTOL LIQUID 96*50ML,OU,S,CA,12,0,9028.21,94.04,1128.48,0,0,0,0,0,1128.48,0,180.56,1309.04,SOSHA1005000094,Invoice,Invoiced,11/03/2025,,,,,,,,,,,,,,12,Picked,DTR Van-D,,,,,,,,
IN000817,7880336,CT0010054368,SHA1001,1,3049801,3049801,DETTOL LIQUID 96*50ML,OU,S,CA,12,0,9028.21,94.04,1128.48,0,0,0,0,0,1128.48,0,180.56,1309.04,SOSHA1001000142,Invoice,Invoiced,12/03/2025,,,,,,,,,,,,,,12,Picked,DTR Van-D,,,,,,,,
IN001067,7880336,CT0010054525,SHA1001,1,3049801,3049801,DETTOL LIQUID 96*50ML,OU,S,CA,12,0,9028.21,94.04,1128.48,0,0,0,0,0,1128.48,0,180.56,1309.04,SOSHA1001000180,Invoice,Invoiced,17/03/2025,,,,,,,,,,,,,,12,Picked,DTR Van-D,,,,,,,,
IN001153,7880336,CT0010054581,SHA1006,3,3277708,3277708,JIK REGULAR 750ML (2+1),OU,S,CA,2,0,3972,662,1324,0,0,0,0,0,1324,0,0,1324,SOSHA1006000224,Invoice,Invoiced,17/03/2025,,,,,,,,,,,,,,2,Picked,DTR Van-D,,,,,,,,
IN000202,7880336,CT0010043746,SHA1003,3,366184,0366184,Dettol Soap Cool 72*90Gm,OU,S,CA,12,0,9028,125.39,1504.68,1083.36,180.56,0,0,180.56,1324.12,0,0,1324.12,SOSHA1003000051,Invoice,Invoiced,05/03/2025,,,,,,,,,,,,,,12,Unpick,DTR Van-D,,,,,,,,
IN000202,7880336,CT0010043746,SHA1003,4,366195,0366195,Dettol Soap Herbal 72*90Gm,OU,S,CA,12,0,9028,125.39,1504.68,1083.36,180.56,0,0,180.56,1324.12,0,0,1324.12,SOSHA1003000051,Invoice,Invoiced,05/03/2025,,,,,,,,,,,,,,12,Unpick,DTR Van-D,,,,,,,,
IN000210,7880336,CT0010046225,SHA1006,2,366159,0366159,Dettol Soap Original 72*90Gm,OU,S,CA,12,0,9028,125.39,1504.68,1083.36,180.56,0,0,180.56,1324.12,0,0,1324.12,SOSHA1006000024,Invoice,Invoiced,05/03/2025,,,,,,,,,,,,,,12,Unpick,DTR Van-D,,,,,,,,
IN000473,7880336,CT0010054090,SHA1007,5,366163,0366163,Dettol Soap Original 72*60G,OU,S,CA,24,0,3986,55.36,1328.64,0,0,0,0,0,1328.64,0,0,1328.64,SOSHA1007000056,Invoice,Invoiced,06/03/2025,,,,,,,,,,,,,,24,Picked,DTR Van-A,,,,,,,,
IN000174,7880336,CT0010045388,SHA1004,6,3012868,3012868,Jik Colours 70Ml *144,OU,S,CA,36,0,4597.7,31.93,1149.48,0,0,0,0,0,1149.48,0,183.92,1333.4,SOSHA1004000011,Invoice,Invoiced,04/03/2025,,,,,,,,,,,,,,36,Picked,DTR Van-D,,,,,,,,
IN000793,7880336,CT0010054326,SHA1002,4,3012868,3012868,Jik Colours 70Ml *144,OU,S,CA,36,0,4597.7,31.93,1149.48,0,0,0,0,0,1149.48,0,183.92,1333.4,SOSHA1002000138,Invoice,Invoiced,11/03/2025,,,,,,,,,,,,,,36,Picked,DTR Van-D,,,,,,,,
IN001047,7880336,CT0010054466,SHA1006,2,3012868,3012868,Jik Colours 70Ml *144,OU,S,CA,36,0,4597.7,31.93,1149.48,0,0,0,0,0,1149.48,0,183.92,1333.4,SOSHA1006000193,Invoice,Invoiced,14/03/2025,,,,,,,,,,,,,,36,Picked,DTR Van-D,,,,,,,,
IN001476,7880336,CT0010044090,SHA1005,9,3012868,3012868,Jik Colours 70Ml *144,OU,S,CA,36,0,4597.7,31.93,1149.48,0,0,0,0,0,1149.48,0,183.92,1333.4,SOSHA1005000202,Invoice,Invoiced,21/03/2025,,,,,,,,,,,,,,36,Picked,DTR Van-D,,,,,,,,
IN000194,7880336,CT0010041512,SHA1003,2,366165,0366165,Dettol Soap Original 48*175G,OU,S,CA,6,0,11184,233,1398,447.36,55.92,0,0,55.92,1342.08,0,0,1342.08,SOSHA1003000046,Invoice,Invoiced,05/03/2025,,,,,,,,,,,,,,6,Unpick,DTR Van-D,,,,,,,,
IN000391,7880336,CT0010045223,SHA1001,2,366163,0366163,Dettol Soap Original 72*60G,OU,S,CA,24,0,3986,55.36,1328.64,478.32,159.44,0,0,159.44,1169.2,0,187.07,1356.27,SOSHA1001000064,Invoice,Invoiced,06/03/2025,,,,,,,,,,,,,,24,Picked,DTR Van-D,,,,,,,,
IN000747,7880336,CT0010045490,SHA1004,5,366163,0366163,Dettol Soap Original 72*60G,OU,S,CA,24,0,3986,55.36,1328.64,478.32,159.44,0,0,159.44,1169.2,0,187.07,1356.27,SOSHA1004000112,Invoice,Invoiced,11/03/2025,,,,,,,,,,,,,,24,Picked,DTR Van-D,,,,,,,,
IN000762,7880336,CT0010041884,SHA1005,6,366163,0366163,Dettol Soap Original 72*60G,OU,S,CA,24,0,3986,55.36,1328.64,478.32,159.44,0,0,159.44,1169.2,0,187.07,1356.27,SOSHA1005000092,Invoice,Invoiced,11/03/2025,,,,,,,,,,,,,,24,Picked,DTR Van-D,,,,,,,,
IN000828,7880336,CT0010054338,SHA1002,2,366163,0366163,Dettol Soap Original 72*60G,OU,S,CA,24,0,3986,55.36,1328.64,478.32,159.44,0,0,159.44,1169.2,0,187.07,1356.27,SOSHA1002000144,Invoice,Invoiced,12/03/2025,,,,,,,,,,,,,,24,Picked,DTR Van-D,,,,,,,,
IN000909,7880336,CT0010042299,SHA1001,1,366163,0366163,Dettol Soap Original 72*60G,OU,S,CA,24,0,3986,55.36,1328.64,478.32,159.44,0,0,159.44,1169.2,0,187.07,1356.27,SOSHA1001000157,Invoice,Invoiced,13/03/2025,,,,,,,,,,,,,,24,Picked,DTR Van-D,,,,,,,,
IN000938,7880336,CT0010043782,SHA1004,1,366163,0366163,Dettol Soap Original 72*60G,OU,S,CA,24,0,3986,55.36,1328.64,478.32,159.44,0,0,159.44,1169.2,0,187.07,1356.27,SOSHA1004000144,Invoice,Invoiced,13/03/2025,,,,,,,,,,,,,,24,Picked,DTR Van-D,,,,,,,,
IN000962,7880336,CT0010054433,SHA1006,22,366163,0366163,Dettol Soap Original 72*60G,OU,S,CA,24,0,3986,55.36,1328.64,478.32,159.44,0,0,159.44,1169.2,0,187.07,1356.27,SOSHA1006000186,Invoice,Invoiced,13/03/2025,,,,,,,,,,,,,,24,Picked,DTR Van-D,,,,,,,,
IN001054,7880336,CT0010054457,SHA1006,27,366163,0366163,Dettol Soap Original 72*60G,OU,S,CA,24,0,3986,55.36,1328.64,478.32,159.44,0,0,159.44,1169.2,0,187.07,1356.27,SOSHA1006000189,Invoice,Invoiced,14/03/2025,,,,,,,,,,,,,,24,Picked,DTR Van-D,,,,,,,,
IN001061,7880336,CT0010047714,SHA1000,7,366163,0366163,Dettol Soap Original 72*60G,OU,S,CA,24,0,3986,55.36,1328.64,478.32,159.44,0,0,159.44,1169.2,0,187.07,1356.27,SOSHA1000000025,Invoice,Invoiced,17/03/2025,,,,,,,,,,,,,,24,Picked,DTR Van-D,,,,,,,,
IN001077,7880336,CT0010054009,SHA1001,5,366163,0366163,Dettol Soap Original 72*60G,OU,S,CA,24,0,3986,55.36,1328.64,478.32,159.44,0,0,159.44,1169.2,0,187.07,1356.27,SOSHA1001000191,Invoice,Invoiced,17/03/2025,,,,,,,,,,,,,,24,Picked,DTR Van-D,,,,,,,,
IN001187,7880336,CT0010054595,SHA1002,2,366163,0366163,Dettol Soap Original 72*60G,OU,S,CA,24,0,3986,55.36,1328.64,478.32,159.44,0,0,159.44,1169.2,0,187.07,1356.27,SOSHA1002000190,Invoice,Invoiced,18/03/2025,,,,,,,,,,,,,,24,Picked,DTR Van-D,,,,,,,,
IN001288,7880336,CT0010041892,SHA1000,9,366163,0366163,Dettol Soap Original 72*60G,OU,S,CA,24,0,3986,55.36,1328.64,478.32,159.44,0,0,159.44,1169.2,0,187.07,1356.27,SOSHA1000000030,Invoice,Invoiced,20/03/2025,,,,,,,,,,,,,,24,Picked,DTR Van-D,,,,,,,,
IN001310,7880336,CT0010054069,SHA1002,1,366163,0366163,Dettol Soap Original 72*60G,OU,S,CA,24,0,3986,55.36,1328.64,478.32,159.44,0,0,159.44,1169.2,0,187.07,1356.27,SOSHA1002000217,Invoice,Invoiced,20/03/2025,,,,,,,,,,,,,,24,Picked,DTR Van-D,,,,,,,,
IN000989,7880336,CT0010047784,SHA1001,10,3299175,3299175,Dettol soap Pome 165g,EA,S,EA,6,0,220,220,1320,25.01,150.06,0,0,150.06,1169.94,0,187.19,1357.13,SOSHA1001000168,Invoice,Invoiced,14/03/2025,,,,,,,,,,,,,,6,Picked,DTR Van-D,,,,,,,,
IN000989,7880336,CT0010047784,SHA1001,11,3299176,3299176,Dettol soap Eventone 165g,EA,S,EA,6,0,220,220,1320,25.01,150.06,0,0,150.06,1169.94,0,187.19,1357.13,SOSHA1001000168,Invoice,Invoiced,14/03/2025,,,,,,,,,,,,,,6,Picked,DTR Van-D,,,,,,,,
IN000611,7880336,CT0010054261,SHA1001,2,384658,0384658,Jik Bleach Regular 250Ml *18,OU,S,CA,9,0,2355.3,130.85,1177.65,0,0,0,0,0,1177.65,0,188.42,1366.07,SOSHA1001000104,Invoice,Invoiced,10/03/2025,,,,,,,,,,,,,,9,Picked,DTR Van-D,,,,,,,,
IN000123,7880336,CT0010041511,SHA1003,2,3239866,3239866,DETTOL LIQUID 125ML+50ML,OU,S,CA,4,0,8265,344.38,1377.52,0,0,0,0,0,1377.52,0,0,1377.52,SOSHA1003000002,Invoice,Invoiced,04/03/2025,,,,,,,,,,,,,,4,Unpick,DTR Van-D,,,,,,,,
IN001092,7880336,CT0010041681,SHA1003,1,247586,0247586,Harpic Bluematic Single 96*50G,OU,S,CA,6,0,19211.82,200.12,1200.72,0,0,0,0,0,1200.72,0,192.12,1392.84,SOSHA1003000190,Invoice,Invoiced,17/03/2025,,,,,,,,,,,,,,6,Picked,DTR Van-D,,,,,,,,
IN000159,7880336,CT0010044208,SHA1000,2,8055074,8055074,Veet Cream Sensitive 72*50Gm,OU,S,CA,3,0,33856,470.22,1410.66,0,0,0,0,0,1410.66,0,0,1410.66,SOSHA1000000010,Invoice,Invoiced,04/03/2025,,,,,,,,,,,,,,3,Picked,DTR Van-D,,,,,,,,
IN000159,7880336,CT0010044208,SHA1000,3,8055075,8055075,Veet Cream Normal 72*50Gm,OU,S,CA,3,0,33856,470.22,1410.66,0,0,0,0,0,1410.66,0,0,1410.66,SOSHA1000000010,Invoice,Invoiced,04/03/2025,,,,,,,,,,,,,,3,Picked,DTR Van-D,,,,,,,,
IN000197,7880336,CT0010043767,SHA1003,3,299714,0299714,Harpic Power Plus 200Ml *36,OU,S,CA,12,0,4655,129.31,1551.72,418.95,139.65,0,0,139.65,1412.07,0,0,1412.07,SOSHA1003000050,Invoice,Invoiced,05/03/2025,,,,,,,,,,,,,,12,Unpick,DTR Van-D,,,,,,,,
IN000963,7880336,CT0010054434,SHA1006,17,299714,0299714,Harpic Power Plus 200Ml *36,OU,S,CA,12,0,4655,129.31,1551.72,418.95,139.65,0,0,139.65,1412.07,0,0,1412.07,SOSHA1006000187,Invoice,Invoiced,13/03/2025,,,,,,,,,,,,,,12,Picked,DTR Van-D,,,,,,,,
IN000448,7880336,CT0010046711,SHA1005,1,238167,0238167,Jik Bleach Regular 70Ml *144,OU,S,CA,60,0,3218.39,22.35,1341,289.656,120.69,0,0,120.69,1220.31,0,195.25,1415.56,SOSHA1005000044,Invoice,Invoiced,06/03/2025,,,,,,,,,,,,,,60,Picked,DTR Van-D,,,,,,,,
IN000533,7880336,CT0010043857,SHA1003,1,238167,0238167,Jik Bleach Regular 70Ml *144,OU,S,CA,60,0,3218.39,22.35,1341,289.656,120.69,0,0,120.69,1220.31,0,195.25,1415.56,SOSHA1003000099,Invoice,Invoiced,08/03/2025,,,,,,,,,,,,,,60,Picked,DTR Van-D,,,,,,,,
IN001103,7880336,CT0010045388,SHA1004,1,238167,0238167,Jik Bleach Regular 70Ml *144,OU,S,CA,60,0,3218.39,22.35,1341,289.656,120.69,0,0,120.69,1220.31,0,195.25,1415.56,SOSHA1004000181,Invoice,Invoiced,17/03/2025,,,,,,,,,,,,,,60,Picked,DTR Van-D,,,,,,,,
IN001166,7880336,CT0010054574,SHA1007,1,238167,0238167,Jik Bleach Regular 70Ml *144,OU,S,CA,60,0,3218.39,22.35,1341,289.656,120.69,0,0,120.69,1220.31,0,195.25,1415.56,SOSHA1007000177,Invoice,Invoiced,17/03/2025,,,,,,,,,,,,,,60,Picked,DTR Van-D,,,,,,,,
IN001288,7880336,CT0010041892,SHA1000,6,384663,0384663,Jik Bleach 1.5L(New Pack) *8,OU,S,CA,2,0,4926.11,615.76,1231.52,0,0,0,0,0,1231.52,0,197.04,1428.56,SOSHA1000000030,Invoice,Invoiced,20/03/2025,,,,,,,,,,,,,,2,Picked,DTR Van-D,,,,,,,,
IN000135,7880336,CT0010045474,SHA1002,3,384658,0384658,Jik Bleach Regular 250Ml *18,OU,S,CA,12,0,2355.3,130.85,1570.2,211.98,141.32,0,0,141.32,1428.88,0,0,1428.88,SOSHA1002000026,Invoice,Invoiced,04/03/2025,,,,,,,,,,,,,,12,Unpick,DTR Van-D,,,,,,,,
IN000202,7880336,CT0010043746,SHA1003,2,384658,0384658,Jik Bleach Regular 250Ml *18,OU,S,CA,12,0,2355.3,130.85,1570.2,211.98,141.32,0,0,141.32,1428.88,0,0,1428.88,SOSHA1003000051,Invoice,Invoiced,05/03/2025,,,,,,,,,,,,,,12,Unpick,DTR Van-D,,,,,,,,
IN000879,7880336,CT0010054374,SHA1003,2,384658,0384658,Jik Bleach Regular 250Ml *18,OU,S,CA,12,0,2355.3,130.85,1570.2,211.98,141.32,0,0,141.32,1428.88,0,0,1428.88,SOSHA1003000146,Invoice,Invoiced,12/03/2025,,,,,,,,,,,,,,12,Picked,DTR Van-D,,,,,,,,
IN001444,7880336,CT0010054385,SHA1003,3,3053889,3053889,HARPIC P/PLUS 500ML+200ML*12,OU,S,CA,3,0,5726,477.17,1431.51,0,0,0,0,0,1431.51,0,0,1431.51,SOSHA1003000244,Invoice,Invoiced,21/03/2025,,,,,,,,,,,,,,3,Picked,DTR Van-D,,,,,,,,
IN000989,7880336,CT0010047784,SHA1001,6,3299074,3299074,Dettol soap Herbal 165g,EA,S,EA,6,0,233,233,1398,26.4883,158.93,0,0,158.93,1239.07,0,198.25,1437.32,SOSHA1001000168,Invoice,Invoiced,14/03/2025,,,,,,,,,,,,,,6,Picked,DTR Van-D,,,,,,,,
IN000989,7880336,CT0010047784,SHA1001,8,3299086,3299086,Dettol soap cool 165g,EA,S,EA,6,0,233,233,1398,26.4883,158.93,0,0,158.93,1239.07,0,198.25,1437.32,SOSHA1001000168,Invoice,Invoiced,14/03/2025,,,,,,,,,,,,,,6,Picked,DTR Van-D,,,,,,,,
IN000989,7880336,CT0010047784,SHA1001,9,3299087,3299087,Dettol soap Skincare 165g,EA,S,EA,6,0,233,233,1398,26.4883,158.93,0,0,158.93,1239.07,0,198.25,1437.32,SOSHA1001000168,Invoice,Invoiced,14/03/2025,,,,,,,,,,,,,,6,Picked,DTR Van-D,,,,,,,,
IN000181,7880336,CT0010043510,SHA1002,3,384683,0384683,Jik Colours 250Ml *18,OU,S,CA,6,0,3740.76,207.82,1246.92,0,0,0,0,0,1246.92,0,199.51,1446.43,SOSHA1002000039,Invoice,Invoiced,04/03/2025,,,,,,,,,,,,,,6,Picked,DTR Van-D,,,,,,,,
IN000182,7880336,CT0010043187,SHA1005,3,384683,0384683,Jik Colours 250Ml *18,OU,S,CA,6,0,3740.76,207.82,1246.92,0,0,0,0,0,1246.92,0,199.51,1446.43,SOSHA1005000019,Invoice,Invoiced,04/03/2025,,,,,,,,,,,,,,6,Picked,DTR Van-D,,,,,,,,
IN000367,7880336,CT0010043546,SHA1006,1,384683,0384683,Jik Colours 250Ml *18,OU,S,CA,6,0,3740.76,207.82,1246.92,0,0,0,0,0,1246.92,0,199.51,1446.43,SOSHA1006000097,Invoice,Invoiced,06/03/2025,,,,,,,,,,,,,,6,Picked,DTR Van-D,,,,,,,,
IN000395,7880336,CT0010046666,SHA1001,2,384683,0384683,Jik Colours 250Ml *18,OU,S,CA,6,0,3740.76,207.82,1246.92,0,0,0,0,0,1246.92,0,199.51,1446.43,SOSHA1001000068,Invoice,Invoiced,06/03/2025,,,,,,,,,,,,,,6,Picked,DTR Van-D,,,,,,,,
IN000448,7880336,CT0010046711,SHA1005,2,384683,0384683,Jik Colours 250Ml *18,OU,S,CA,6,0,3740.76,207.82,1246.92,0,0,0,0,0,1246.92,0,199.51,1446.43,SOSHA1005000044,Invoice,Invoiced,06/03/2025,,,,,,,,,,,,,,6,Picked,DTR Van-D,,,,,,,,
IN000458,7880336,CT0010054141,SHA1005,4,384683,0384683,Jik Colours 250Ml *18,OU,S,CA,6,0,3740.76,207.82,1246.92,0,0,0,0,0,1246.92,0,199.51,1446.43,SOSHA1005000048,Invoice,Invoiced,06/03/2025,,,,,,,,,,,,,,6,Picked,DTR Van-D,,,,,,,,
IN000459,7880336,CT0010054143,SHA1005,2,384683,0384683,Jik Colours 250Ml *18,OU,S,CA,6,0,3740.76,207.82,1246.92,0,0,0,0,0,1246.92,0,199.51,1446.43,SOSHA1005000056,Invoice,Invoiced,06/03/2025,,,,,,,,,,,,,,6,Picked,DTR Van-D,,,,,,,,
IN000510,7880336,CT0010045010,SHA1001,3,384683,0384683,Jik Colours 250Ml *18,OU,S,CA,6,0,3740.76,207.82,1246.92,0,0,0,0,0,1246.92,0,199.51,1446.43,SOSHA1001000088,Invoice,Invoiced,08/03/2025,,,,,,,,,,,,,,6,Picked,DTR Van-D,,,,,,,,
IN000585,7880336,CT0010054180,SHA1007,1,384683,0384683,Jik Colours 250Ml *18,OU,S,CA,6,0,3740.76,207.82,1246.92,0,0,0,0,0,1246.92,0,199.51,1446.43,SOSHA1007000088,Invoice,Invoiced,08/03/2025,,,,,,,,,,,,,,6,Picked,DTR Van-D,,,,,,,,
IN000598,7880336,CT0010054219,SHA1004,5,384683,0384683,Jik Colours 250Ml *18,OU,S,CA,6,0,3740.76,207.82,1246.92,0,0,0,0,0,1246.92,0,199.51,1446.43,SOSHA1004000087,Invoice,Invoiced,10/03/2025,,,,,,,,,,,,,,6,Unpick,DTR Van-A,,,,,,,,
IN000707,7880336,CT0010042929,SHA1001,2,384683,0384683,Jik Colours 250Ml *18,OU,S,CA,6,0,3740.76,207.82,1246.92,0,0,0,0,0,1246.92,0,199.51,1446.43,SOSHA1001000112,Invoice,Invoiced,11/03/2025,,,,,,,,,,,,,,6,Picked,DTR Van-D,,,,,,,,
IN001026,7880336,CT0010054462,SHA1005,3,384683,0384683,Jik Colours 250Ml *18,OU,S,CA,6,0,3740.76,207.82,1246.92,0,0,0,0,0,1246.92,0,199.51,1446.43,SOSHA1005000122,Invoice,Invoiced,14/03/2025,,,,,,,,,,,,,,6,Picked,DTR Van-D,,,,,,,,
IN001221,7880336,CT0010054627,SHA1004,1,384683,0384683,Jik Colours 250Ml *18,OU,S,CA,6,0,3740.76,207.82,1246.92,0,0,0,0,0,1246.92,0,199.51,1446.43,SOSHA1004000205,Invoice,Invoiced,18/03/2025,,,,,,,,,,,,,,6,Picked,DTR Van-D,,,,,,,,
IN001270,7880336,CT0010046213,SHA1006,4,384683,0384683,Jik Colours 250Ml *18,OU,S,CA,6,0,3740.76,207.82,1246.92,0,0,0,0,0,1246.92,0,199.51,1446.43,SOSHA1006000237,Invoice,Invoiced,18/03/2025,,,,,,,,,,,,,,6,Picked,DTR Van-D,,,,,,,,
IN000511,7880336,CT0010045013,SHA1001,2,3325468,3325468,DETTOL SOAP 90G ORIGINAL - 5+1,EA,S,CA,2,0,7524.51,627.04,1254.08,0,0,0,0,0,1254.08,0,200.65,1454.73,SOSHA1001000089,Invoice,Invoiced,08/03/2025,,,,,,,,,,,,,,2,Picked,DTR Van-D,,,,,,,,
IN000593,7880336,CT0010054214,SHA1007,2,3325468,3325468,DETTOL SOAP 90G ORIGINAL - 5+1,EA,S,CA,2,0,7524.51,627.04,1254.08,0,0,0,0,0,1254.08,0,200.65,1454.73,SOSHA1007000097,Invoice,Invoiced,08/03/2025,,,,,,,,,,,,,,2,Picked,DTR Van-D,,,,,,,,
IN000594,7880336,CT0010054154,SHA1007,1,3325468,3325468,DETTOL SOAP 90G ORIGINAL - 5+1,EA,S,CA,2,0,7524.51,627.04,1254.08,0,0,0,0,0,1254.08,0,200.65,1454.73,SOSHA1007000098,Invoice,Invoiced,08/03/2025,,,,,,,,,,,,,,2,Picked,DTR Van-D,,,,,,,,
IN000595,7880336,CT0010054215,SHA1007,1,3325468,3325468,DETTOL SOAP 90G ORIGINAL - 5+1,EA,S,CA,2,0,7524.51,627.04,1254.08,0,0,0,0,0,1254.08,0,200.65,1454.73,SOSHA1007000099,Invoice,Invoiced,08/03/2025,,,,,,,,,,,,,,2,Picked,DTR Van-D,,,,,,,,
IN000665,7880336,CT0010054264,SHA1004,2,3325468,3325468,DETTOL SOAP 90G ORIGINAL - 5+1,EA,S,CA,2,0,7524.51,627.04,1254.08,0,0,0,0,0,1254.08,0,200.65,1454.73,SOSHA1004000110,Invoice,Invoiced,10/03/2025,,,,,,,,,,,,,,2,Picked,DTR Van-A,,,,,,,,
IN000673,7880336,CT0010046390,SHA1005,2,384658,0384658,Jik Bleach Regular 250Ml *18,OU,S,CA,10,0,2355.3,130.85,1308.5,84.798,47.11,0,0,47.11,1261.39,0,201.82,1463.21,SOSHA1005000079,Invoice,Invoiced,10/03/2025,,,,,,,,,,,,,,10,Picked,DTR Van-D,,,,,,,,
IN000312,7880336,CT0010041882,SHA1003,9,366165,0366165,Dettol Soap Original 48*175G,OU,S,CA,6,0,11184,233,1398,894.72,111.84,0,0,111.84,1286.16,0,205.79,1491.95,SOSHA1003000064,Invoice,Invoiced,06/03/2025,,,,,,,,,,,,,,6,Picked,DTR Van-D,,,,,,,,
IN000312,7880336,CT0010041882,SHA1003,12,366185,0366185,Dettol Soap Cool 48*175G,OU,S,CA,6,0,11184,233,1398,894.72,111.84,0,0,111.84,1286.16,0,205.79,1491.95,SOSHA1003000064,Invoice,Invoiced,06/03/2025,,,,,,,,,,,,,,6,Picked,DTR Van-D,,,,,,,,
IN000312,7880336,CT0010041882,SHA1003,15,366196,0366196,Dettol Soap Herbal 48*175G,OU,S,CA,6,0,11184,233,1398,894.72,111.84,0,0,111.84,1286.16,0,205.79,1491.95,SOSHA1003000064,Invoice,Invoiced,06/03/2025,,,,,,,,,,,,,,6,Picked,DTR Van-D,,,,,,,,
IN000138,7880336,CT0010041564,SHA1003,1,328895,0328895,STREPSILS HONEY&LEMON 50*2(NEW STOCK *24 UNIT,OU,S,EA,50,0,33.83,33.83,1691.5,3.8972,194.86,0,0,194.86,1496.64,0,0,1496.64,SOSHA1003000024,Invoice,Invoiced,04/03/2025,,,,,,,,,,,,,,50,Unpick,DTR Van-D,,,,,,,,
IN000138,7880336,CT0010041564,SHA1003,2,328906,0328906,STREPSILS REGULAR 50*2(NEW STOCK *24 UNIT,OU,S,EA,50,0,33.83,33.83,1691.5,3.8972,194.86,0,0,194.86,1496.64,0,0,1496.64,SOSHA1003000024,Invoice,Invoiced,04/03/2025,,,,,,,,,,,,,,50,Unpick,DTR Van-D,,,,,,,,
IN000139,7880336,CT0010041859,SHA1003,2,328895,0328895,STREPSILS HONEY&LEMON 50*2(NEW STOCK *24 UNIT,OU,S,EA,50,0,33.83,33.83,1691.5,3.8972,194.86,0,0,194.86,1496.64,0,0,1496.64,SOSHA1003000025,Invoice,Invoiced,04/03/2025,,,,,,,,,,,,,,50,Unpick,DTR Van-D,,,,,,,,
IN000168,7880336,CT0010054001,SHA1002,2,384660,0384660,Jik Bleach Regular 750Ml *18,OU,S,CA,4,0,5957.51,330.97,1323.88,0,0,0,0,0,1323.88,0,211.82,1535.7,SOSHA1002000041,Invoice,Invoiced,04/03/2025,,,,,,,,,,,,,,4,Picked,MiniMart,,,,,,,,
IN000421,7880336,CT0010046315,SHA1004,1,384677,0384677,Jik Lemon 750Ml *18,OU,S,CA,4,0,5957.51,330.97,1323.88,0,0,0,0,0,1323.88,0,211.82,1535.7,SOSHA1004000054,Invoice,Invoiced,06/03/2025,,,,,,,,,,,,,,4,Picked,DTR Van-D,,,,,,,,
IN000546,7880336,CT0010054186,SHA1004,1,3277707,3277707,JIK REGULAR 750ML + 250ML,OU,S,CA,4,0,3972,331,1324,0,0,0,0,0,1324,0,211.84,1535.84,SOSHA1004000082,Invoice,Invoiced,08/03/2025,,,,,,,,,,,,,,4,Picked,DTR Van-A,,,,,,,,
IN000661,7880336,CT0010054251,SHA1004,1,3277707,3277707,JIK REGULAR 750ML + 250ML,OU,S,CA,4,0,3972,331,1324,0,0,0,0,0,1324,0,211.84,1535.84,SOSHA1004000107,Invoice,Invoiced,10/03/2025,,,,,,,,,,,,,,4,Picked,DTR Van-A,,,,,,,,
IN000820,7880336,CT0010044319,SHA1001,1,3277707,3277707,JIK REGULAR 750ML + 250ML,OU,S,CA,4,0,3972,331,1324,0,0,0,0,0,1324,0,211.84,1535.84,SOSHA1001000145,Invoice,Invoiced,12/03/2025,,,,,,,,,,,,,,4,Picked,DTR Van-D,,,,,,,,
IN001050,7880336,CT0010042230,SHA1006,2,3277708,3277708,JIK REGULAR 750ML (2+1),OU,S,CA,2,0,3972,662,1324,0,0,0,0,0,1324,0,211.84,1535.84,SOSHA1006000196,Invoice,Invoiced,14/03/2025,,,,,,,,,,,,,,2,Picked,DTR Van-D,,,,,,,,
IN001217,7880336,CT0010054630,SHA1003,3,3277707,3277707,JIK REGULAR 750ML + 250ML,OU,S,CA,4,0,3972,331,1324,0,0,0,0,0,1324,0,211.84,1535.84,SOSHA1003000208,Invoice,Invoiced,18/03/2025,,,,,,,,,,,,,,4,Picked,DTR Van-D,,,,,,,,
IN001299,7880336,CT0010046509,SHA1001,2,3277708,3277708,JIK REGULAR 750ML (2+1),OU,S,CA,2,0,3972,662,1324,0,0,0,0,0,1324,0,211.84,1535.84,SOSHA1001000216,Invoice,Invoiced,20/03/2025,,,,,,,,,,,,,,2,Picked,DTR Van-D,,,,,,,,
IN000151,7880336,CT0010054009,SHA1001,7,366163,0366163,Dettol Soap Original 72*60G,OU,S,CA,24,0,3986,55.36,1328.64,0,0,0,0,0,1328.64,0,212.58,1541.22,SOSHA1001000016,Invoice,Invoiced,04/03/2025,,,,,,,,,,,,,,24,Picked,DTR Van-D,,,,,,,,
IN000267,7880336,CT0010046212,SHA1006,1,366163,0366163,Dettol Soap Original 72*60G,OU,S,CA,24,0,3986,55.36,1328.64,0,0,0,0,0,1328.64,0,212.58,1541.22,SOSHA1006000072,Invoice,Invoiced,05/03/2025,,,,,,,,,,,,,,24,Picked,DTR Van-D,,,,,,,,
IN000275,7880336,CT0010046547,SHA1001,2,366163,0366163,Dettol Soap Original 72*60G,OU,S,CA,24,0,3986,55.36,1328.64,0,0,0,0,0,1328.64,0,212.58,1541.22,SOSHA1001000042,Invoice,Invoiced,06/03/2025,,,,,,,,,,,,,,24,Picked,DTR Van-D,,,,,,,,
IN000291,7880336,CT0010047427,SHA1002,1,366163,0366163,Dettol Soap Original 72*60G,OU,S,CA,24,0,3986,55.36,1328.64,0,0,0,0,0,1328.64,0,212.58,1541.22,SOSHA1002000064,Invoice,Invoiced,06/03/2025,,,,,,,,,,,,,,24,Picked,DTR Van-D,,,,,,,,
IN000296,7880336,CT0010047456,SHA1002,1,366163,0366163,Dettol Soap Original 72*60G,OU,S,CA,24,0,3986,55.36,1328.64,0,0,0,0,0,1328.64,0,212.58,1541.22,SOSHA1002000068,Invoice,Invoiced,06/03/2025,,,,,,,,,,,,,,24,Picked,DTR Van-D,,,,,,,,
IN000452,7880336,CT0010054115,SHA1005,4,366163,0366163,Dettol Soap Original 72*60G,OU,S,CA,24,0,3986,55.36,1328.64,0,0,0,0,0,1328.64,0,212.58,1541.22,SOSHA1005000050,Invoice,Invoiced,06/03/2025,,,,,,,,,,,,,,24,Picked,DTR Van-D,,,,,,,,
IN000474,7880336,CT0010054108,SHA1007,3,366163,0366163,Dettol Soap Original 72*60G,OU,S,CA,24,0,3986,55.36,1328.64,0,0,0,0,0,1328.64,0,212.58,1541.22,SOSHA1007000057,Invoice,Invoiced,06/03/2025,,,,,,,,,,,,,,24,Picked,DTR Van-D,,,,,,,,
IN000479,7880336,CT0010054105,SHA1007,3,366163,0366163,Dettol Soap Original 72*60G,OU,S,CA,24,0,3986,55.36,1328.64,0,0,0,0,0,1328.64,0,212.58,1541.22,SOSHA1007000062,Invoice,Invoiced,06/03/2025,,,,,,,,,,,,,,24,Picked,DTR Van-D,,,,,,,,
IN000487,7880336,CT0010054123,SHA1007,1,366163,0366163,Dettol Soap Original 72*60G,OU,S,CA,24,0,3986,55.36,1328.64,0,0,0,0,0,1328.64,0,212.58,1541.22,SOSHA1007000070,Invoice,Invoiced,06/03/2025,,,,,,,,,,,,,,24,Picked,DTR Van-D,,,,,,,,
IN000495,7880336,CT0010054165,SHA1007,1,366163,0366163,Dettol Soap Original 72*60G,OU,S,CA,24,0,3986,55.36,1328.64,0,0,0,0,0,1328.64,0,212.58,1541.22,SOSHA1007000078,Invoice,Invoiced,06/03/2025,,,,,,,,,,,,,,24,Picked,DTR Van-D,,,,,,,,
IN000582,7880336,CT0010054165,SHA1007,1,366163,0366163,Dettol Soap Original 72*60G,OU,S,CA,24,0,3986,55.36,1328.64,0,0,0,0,0,1328.64,0,212.58,1541.22,SOSHA1007000085,Invoice,Invoiced,08/03/2025,,,,,,,,,,,,,,24,Picked,DTR Van-D,,,,,,,,
IN000639,7880336,CT0010054262,SHA1003,1,366163,0366163,Dettol Soap Original 72*60G,OU,S,CA,24,0,3986,55.36,1328.64,0,0,0,0,0,1328.64,0,212.58,1541.22,SOSHA1003000115,Invoice,Invoiced,10/03/2025,,,,,,,,,,,,,,24,Picked,DTR Van-D,,,,,,,,
IN000639,7880336,CT0010054262,SHA1003,2,366183,0366183,Dettol Soap Cool 72*60G,OU,S,CA,24,0,3986,55.36,1328.64,0,0,0,0,0,1328.64,0,212.58,1541.22,SOSHA1003000115,Invoice,Invoiced,10/03/2025,,,,,,,,,,,,,,24,Picked,DTR Van-D,,,,,,,,
IN000639,7880336,CT0010054262,SHA1003,3,366194,0366194,Dettol Soap Herbal 72*60G,OU,S,CA,24,0,3986,55.36,1328.64,0,0,0,0,0,1328.64,0,212.58,1541.22,SOSHA1003000115,Invoice,Invoiced,10/03/2025,,,,,,,,,,,,,,24,Picked,DTR Van-D,,,,,,,,
IN000721,7880336,CT0010054234,SHA1000,11,366183,0366183,Dettol Soap Cool 72*60G,OU,S,CA,24,0,3986,55.36,1328.64,0,0,0,0,0,1328.64,0,212.58,1541.22,SOSHA1000000014,Invoice,Invoiced,11/03/2025,,,,,,,,,,,,,,24,Picked,Other Supermarts-D,,,,,,,,
IN000762,7880336,CT0010041884,SHA1005,7,366194,0366194,Dettol Soap Herbal 72*60G,OU,S,CA,24,0,3986,55.36,1328.64,0,0,0,0,0,1328.64,0,212.58,1541.22,SOSHA1005000092,Invoice,Invoiced,11/03/2025,,,,,,,,,,,,,,24,Picked,DTR Van-D,,,,,,,,
IN000778,7880336,CT0010044532,SHA1006,1,366183,0366183,Dettol Soap Cool 72*60G,OU,S,CA,24,0,3986,55.36,1328.64,0,0,0,0,0,1328.64,0,212.58,1541.22,SOSHA1006000141,Invoice,Invoiced,11/03/2025,,,,,,,,,,,,,,24,Picked,DTR Van-D,,,,,,,,
IN000793,7880336,CT0010054326,SHA1002,6,366163,0366163,Dettol Soap Original 72*60G,OU,S,CA,24,0,3986,55.36,1328.64,0,0,0,0,0,1328.64,0,212.58,1541.22,SOSHA1002000138,Invoice,Invoiced,11/03/2025,,,,,,,,,,,,,,24,Picked,DTR Van-D,,,,,,,,
IN000793,7880336,CT0010054326,SHA1002,8,366183,0366183,Dettol Soap Cool 72*60G,OU,S,CA,24,0,3986,55.36,1328.64,0,0,0,0,0,1328.64,0,212.58,1541.22,SOSHA1002000138,Invoice,Invoiced,11/03/2025,,,,,,,,,,,,,,24,Picked,DTR Van-D,,,,,,,,
IN000793,7880336,CT0010054326,SHA1002,10,366194,0366194,Dettol Soap Herbal 72*60G,OU,S,CA,24,0,3986,55.36,1328.64,0,0,0,0,0,1328.64,0,212.58,1541.22,SOSHA1002000138,Invoice,Invoiced,11/03/2025,,,,,,,,,,,,,,24,Picked,DTR Van-D,,,,,,,,
IN000909,7880336,CT0010042299,SHA1001,2,366183,0366183,Dettol Soap Cool 72*60G,OU,S,CA,24,0,3986,55.36,1328.64,0,0,0,0,0,1328.64,0,212.58,1541.22,SOSHA1001000157,Invoice,Invoiced,13/03/2025,,,,,,,,,,,,,,24,Picked,DTR Van-D,,,,,,,,
IN000909,7880336,CT0010042299,SHA1001,3,366194,0366194,Dettol Soap Herbal 72*60G,OU,S,CA,24,0,3986,55.36,1328.64,0,0,0,0,0,1328.64,0,212.58,1541.22,SOSHA1001000157,Invoice,Invoiced,13/03/2025,,,,,,,,,,,,,,24,Picked,DTR Van-D,,,,,,,,
IN001288,7880336,CT0010041892,SHA1000,11,366194,0366194,Dettol Soap Herbal 72*60G,OU,S,CA,24,0,3986,55.36,1328.64,0,0,0,0,0,1328.64,0,212.58,1541.22,SOSHA1000000030,Invoice,Invoiced,20/03/2025,,,,,,,,,,,,,,24,Picked,DTR Van-D,,,,,,,,
IN001498,7880336,CT0010046859,SHA1007,4,366194,0366194,Dettol Soap Herbal 72*60G,OU,S,CA,24,0,3986,55.36,1328.64,0,0,0,0,0,1328.64,0,212.58,1541.22,SOSHA1007000218,Invoice,Invoiced,21/03/2025,,,,,,,,,,,,,,24,Picked,DTR Van-D,,,,,,,,
IN000904,7880336,CT0010054391,SHA1000,78,3286535,3286535,HARPIC POWERPLUS 100ML,CA,S,CA,1,0,1552,1552,1552,0,0,0,0,0,1552,0,0,1552,SOSHA1000000019,Invoice,Invoiced,13/03/2025,,,,,,,,,,,,,,36,Picked,Other Supermarts-D,,,,,,,,
IN000773,7880336,CT0010044823,SHA1007,2,366165,0366165,Dettol Soap Original 48*175G,OU,S,CA,6,0,11184,233,1398,447.36,55.92,0,0,55.92,1342.08,0,214.73,1556.81,SOSHA1007000121,Invoice,Invoiced,11/03/2025,,,,,,,,,,,,,,6,Picked,DTR Van-D,,,,,,,,
IN001256,7880336,CT0010054646,SHA1005,2,366165,0366165,Dettol Soap Original 48*175G,OU,S,CA,6,0,11184,233,1398,447.36,55.92,0,0,55.92,1342.08,0,214.73,1556.81,SOSHA1005000182,Invoice,Invoiced,18/03/2025,,,,,,,,,,,,,,6,Picked,DTR Van-D,,,,,,,,
IN000473,7880336,CT0010054090,SHA1007,3,384658,0384658,Jik Bleach Regular 250Ml *18,OU,S,CA,12,0,2355.3,130.85,1570.2,0,0,0,0,0,1570.2,0,0,1570.2,SOSHA1007000056,Invoice,Invoiced,06/03/2025,,,,,,,,,,,,,,12,Picked,DTR Van-A,,,,,,,,
IN000338,7880336,CT0010044921,SHA1004,1,328906,0328906,STREPSILS REGULAR 50*2(NEW STOCK *24 UNIT,OU,S,EA,50,0,33.83,33.83,1691.5,2.2734,113.67,0,0,113.67,1577.83,0,0,1577.83,SOSHA1004000045,Invoice,Invoiced,06/03/2025,,,,,,,,,,,,,,50,Picked,DTR Van-D,,,,,,,,
IN000677,7880336,CT0010042577,SHA1006,1,328906,0328906,STREPSILS REGULAR 50*2(NEW STOCK *24 UNIT,OU,S,EA,50,0,33.83,33.83,1691.5,2.2734,113.67,0,0,113.67,1577.83,0,0,1577.83,SOSHA1006000132,Invoice,Invoiced,10/03/2025,,,,,,,,,,,,,,50,Picked,DTR Van-D,,,,,,,,
IN000698,7880336,CT0010044358,SHA1007,1,328906,0328906,STREPSILS REGULAR 50*2(NEW STOCK *24 UNIT,OU,S,EA,50,0,33.83,33.83,1691.5,2.2734,113.67,0,0,113.67,1577.83,0,0,1577.83,SOSHA1007000103,Invoice,Invoiced,10/03/2025,,,,,,,,,,,,,,50,Picked,DTR Van-D,,,,,,,,
IN000759,7880336,CT0010045496,SHA1004,3,328906,0328906,STREPSILS REGULAR 50*2(NEW STOCK *24 UNIT,OU,S,EA,50,0,33.83,33.83,1691.5,2.2734,113.67,0,0,113.67,1577.83,0,0,1577.83,SOSHA1004000114,Invoice,Invoiced,11/03/2025,,,,,,,,,,,,,,50,Picked,DTR Van-D,,,,,,,,
IN000802,7880336,CT0010054308,SHA1006,1,328906,0328906,STREPSILS REGULAR 50*2(NEW STOCK *24 UNIT,OU,S,EA,50,0,33.83,33.83,1691.5,2.2734,113.67,0,0,113.67,1577.83,0,0,1577.83,SOSHA1006000152,Invoice,Invoiced,12/03/2025,,,,,,,,,,,,,,50,Picked,DTR Van-D,,,,,,,,
IN000807,7880336,CT0010054284,SHA1006,4,328906,0328906,STREPSILS REGULAR 50*2(NEW STOCK *24 UNIT,OU,S,EA,50,0,33.83,33.83,1691.5,2.2734,113.67,0,0,113.67,1577.83,0,0,1577.83,SOSHA1006000148,Invoice,Invoiced,12/03/2025,,,,,,,,,,,,,,50,Picked,DTR Van-D,,,,,,,,
IN000820,7880336,CT0010044319,SHA1001,2,328906,0328906,STREPSILS REGULAR 50*2(NEW STOCK *24 UNIT,OU,S,EA,50,0,33.83,33.83,1691.5,2.2734,113.67,0,0,113.67,1577.83,0,0,1577.83,SOSHA1001000145,Invoice,Invoiced,12/03/2025,,,,,,,,,,,,,,50,Picked,DTR Van-D,,,,,,,,
IN000833,7880336,CT0010042715,SHA1004,3,328906,0328906,STREPSILS REGULAR 50*2(NEW STOCK *24 UNIT,OU,S,EA,50,0,33.83,33.83,1691.5,2.2734,113.67,0,0,113.67,1577.83,0,0,1577.83,SOSHA1004000132,Invoice,Invoiced,12/03/2025,,,,,,,,,,,,,,50,Picked,DTR Van-D,,,,,,,,
IN000896,7880336,CT0010054360,SHA1006,3,328906,0328906,STREPSILS REGULAR 50*2(NEW STOCK *24 UNIT,OU,S,EA,50,0,33.83,33.83,1691.5,2.2734,113.67,0,0,113.67,1577.83,0,0,1577.83,SOSHA1006000163,Invoice,Invoiced,12/03/2025,,,,,,,,,,,,,,50,Picked,DTR Van-D,,,,,,,,
IN000950,7880336,CT0010054400,SHA1006,1,328906,0328906,STREPSILS REGULAR 50*2(NEW STOCK *24 UNIT,OU,S,EA,50,0,33.83,33.83,1691.5,2.2734,113.67,0,0,113.67,1577.83,0,0,1577.83,SOSHA1006000175,Invoice,Invoiced,13/03/2025,,,,,,,,,,,,,,50,Picked,DTR Van-D,,,,,,,,
IN001007,7880336,CT0010044580,SHA1004,2,328906,0328906,STREPSILS REGULAR 50*2(NEW STOCK *24 UNIT,OU,S,EA,50,0,33.83,33.83,1691.5,2.2734,113.67,0,0,113.67,1577.83,0,0,1577.83,SOSHA1004000156,Invoice,Invoiced,14/03/2025,,,,,,,,,,,,,,50,Picked,DTR Van-D,,,,,,,,
IN001025,7880336,CT0010054461,SHA1005,2,328906,0328906,STREPSILS REGULAR 50*2(NEW STOCK *24 UNIT,OU,S,EA,50,0,33.83,33.83,1691.5,2.2734,113.67,0,0,113.67,1577.83,0,0,1577.83,SOSHA1005000121,Invoice,Invoiced,14/03/2025,,,,,,,,,,,,,,50,Picked,DTR Van-D,,,,,,,,
IN001026,7880336,CT0010054462,SHA1005,5,328906,0328906,STREPSILS REGULAR 50*2(NEW STOCK *24 UNIT,OU,S,EA,50,0,33.83,33.83,1691.5,2.2734,113.67,0,0,113.67,1577.83,0,0,1577.83,SOSHA1005000122,Invoice,Invoiced,14/03/2025,,,,,,,,,,,,,,50,Picked,DTR Van-D,,,,,,,,
IN001031,7880336,CT0010054474,SHA1005,1,328906,0328906,STREPSILS REGULAR 50*2(NEW STOCK *24 UNIT,OU,S,EA,50,0,33.83,33.83,1691.5,2.2734,113.67,0,0,113.67,1577.83,0,0,1577.83,SOSHA1005000128,Invoice,Invoiced,14/03/2025,,,,,,,,,,,,,,50,Picked,DTR Van-D,,,,,,,,
IN001032,7880336,CT0010044132,SHA1005,3,328906,0328906,STREPSILS REGULAR 50*2(NEW STOCK *24 UNIT,OU,S,EA,50,0,33.83,33.83,1691.5,2.2734,113.67,0,0,113.67,1577.83,0,0,1577.83,SOSHA1005000130,Invoice,Invoiced,14/03/2025,,,,,,,,,,,,,,50,Picked,DTR Van-D,,,,,,,,
IN001040,7880336,CT0010054472,SHA1005,1,328906,0328906,STREPSILS REGULAR 50*2(NEW STOCK *24 UNIT,OU,S,EA,50,0,33.83,33.83,1691.5,2.2734,113.67,0,0,113.67,1577.83,0,0,1577.83,SOSHA1005000126,Invoice,Invoiced,14/03/2025,,,,,,,,,,,,,,50,Picked,DTR Van-D,,,,,,,,
IN001060,7880336,CT0010054485,SHA1001,2,328906,0328906,STREPSILS REGULAR 50*2(NEW STOCK *24 UNIT,OU,S,EA,50,0,33.83,33.83,1691.5,2.2734,113.67,0,0,113.67,1577.83,0,0,1577.83,SOSHA1001000175,Invoice,Invoiced,15/03/2025,,,,,,,,,,,,,,50,Unpick,DTR Van-D,,,,,,,,
IN001120,7880336,CT0010054541,SHA1005,1,328906,0328906,STREPSILS REGULAR 50*2(NEW STOCK *24 UNIT,OU,S,EA,50,0,33.83,33.83,1691.5,2.2734,113.67,0,0,113.67,1577.83,0,0,1577.83,SOSHA1005000148,Invoice,Invoiced,17/03/2025,,,,,,,,,,,,,,50,Picked,DTR Van-D,,,,,,,,
IN001136,7880336,CT0010043181,SHA1005,1,328895,0328895,STREPSILS HONEY&LEMON 50*2(NEW STOCK *24 UNIT,OU,S,EA,50,0,33.83,33.83,1691.5,2.2734,113.67,0,0,113.67,1577.83,0,0,1577.83,SOSHA1005000153,Invoice,Invoiced,17/03/2025,,,,,,,,,,,,,,50,Picked,DTR Van-D,,,,,,,,
IN001222,7880336,CT0010044688,SHA1004,1,328906,0328906,STREPSILS REGULAR 50*2(NEW STOCK *24 UNIT,OU,S,EA,50,0,33.83,33.83,1691.5,2.2734,113.67,0,0,113.67,1577.83,0,0,1577.83,SOSHA1004000206,Invoice,Invoiced,18/03/2025,,,,,,,,,,,,,,50,Picked,DTR Van-D,,,,,,,,
IN001224,7880336,CT0010044637,SHA1004,2,328906,0328906,STREPSILS REGULAR 50*2(NEW STOCK *24 UNIT,OU,S,EA,50,0,33.83,33.83,1691.5,2.2734,113.67,0,0,113.67,1577.83,0,0,1577.83,SOSHA1004000208,Invoice,Invoiced,18/03/2025,,,,,,,,,,,,,,50,Picked,DTR Van-D,,,,,,,,
IN001234,7880336,CT0010054590,SHA1004,2,328906,0328906,STREPSILS REGULAR 50*2(NEW STOCK *24 UNIT,OU,S,EA,50,0,33.83,33.83,1691.5,2.2734,113.67,0,0,113.67,1577.83,0,0,1577.83,SOSHA1004000209,Invoice,Invoiced,18/03/2025,,,,,,,,,,,,,,50,Picked,DTR Van-D,,,,,,,,
IN001269,7880336,CT0010054033,SHA1006,5,328895,0328895,STREPSILS HONEY&LEMON 50*2(NEW STOCK *24 UNIT,OU,S,EA,50,0,33.83,33.83,1691.5,2.2734,113.67,0,0,113.67,1577.83,0,0,1577.83,SOSHA1006000236,Invoice,Invoiced,18/03/2025,,,,,,,,,,,,,,50,Picked,DTR Van-A,,,,,,,,
IN001269,7880336,CT0010054033,SHA1006,6,328906,0328906,STREPSILS REGULAR 50*2(NEW STOCK *24 UNIT,OU,S,EA,50,0,33.83,33.83,1691.5,2.2734,113.67,0,0,113.67,1577.83,0,0,1577.83,SOSHA1006000236,Invoice,Invoiced,18/03/2025,,,,,,,,,,,,,,50,Picked,DTR Van-A,,,,,,,,
IN001362,7880336,CT0010044948,SHA1004,3,328906,0328906,STREPSILS REGULAR 50*2(NEW STOCK *24 UNIT,OU,S,EA,50,0,33.83,33.83,1691.5,2.2734,113.67,0,0,113.67,1577.83,0,0,1577.83,SOSHA1004000235,Invoice,Invoiced,20/03/2025,,,,,,,,,,,,,,50,Picked,DTR Van-D,,,,,,,,
IN001387,7880336,CT0010054665,SHA1007,1,328906,0328906,STREPSILS REGULAR 50*2(NEW STOCK *24 UNIT,OU,S,EA,50,0,33.83,33.83,1691.5,2.2734,113.67,0,0,113.67,1577.83,0,0,1577.83,SOSHA1007000194,Invoice,Invoiced,20/03/2025,,,,,,,,,,,,,,50,Picked,DTR Van-D,,,,,,,,
IN001390,7880336,CT0010054107,SHA1007,1,328906,0328906,STREPSILS REGULAR 50*2(NEW STOCK *24 UNIT,OU,S,EA,50,0,33.83,33.83,1691.5,2.2734,113.67,0,0,113.67,1577.83,0,0,1577.83,SOSHA1007000198,Invoice,Invoiced,20/03/2025,,,,,,,,,,,,,,50,Picked,DTR Van-D,,,,,,,,
IN001395,7880336,CT0010046932,SHA1007,1,328906,0328906,STREPSILS REGULAR 50*2(NEW STOCK *24 UNIT,OU,S,EA,50,0,33.83,33.83,1691.5,2.2734,113.67,0,0,113.67,1577.83,0,0,1577.83,SOSHA1007000205,Invoice,Invoiced,20/03/2025,,,,,,,,,,,,,,50,Picked,DTR Van-D,,,,,,,,
IN001428,7880336,CT0010047008,SHA1002,1,328906,0328906,STREPSILS REGULAR 50*2(NEW STOCK *24 UNIT,OU,S,EA,50,0,33.83,33.83,1691.5,2.2734,113.67,0,0,113.67,1577.83,0,0,1577.83,SOSHA1002000239,Invoice,Invoiced,21/03/2025,,,,,,,,,,,,,,50,Picked,DTR Van-D,,,,,,,,
IN001478,7880336,CT0010054703,SHA1005,3,328906,0328906,STREPSILS REGULAR 50*2(NEW STOCK *24 UNIT,OU,S,EA,50,0,33.83,33.83,1691.5,2.2734,113.67,0,0,113.67,1577.83,0,0,1577.83,SOSHA1005000205,Invoice,Invoiced,21/03/2025,,,,,,,,,,,,,,50,Picked,DTR Van-D,,,,,,,,
IN000889,7880336,CT0010044745,SHA1005,6,299719,0299719,HARPIC POWERPLUS CITRUS 500ML*24,OU,S,CA,3,0,11083.74,461.82,1385.46,0,0,0,0,0,1385.46,0,221.67,1607.13,SOSHA1005000115,Invoice,Invoiced,12/03/2025,,,,,,,,,,,,,,3,Picked,DTR Van-D,,,,,,,,
IN001056,7880336,CT0010046424,SHA1007,1,299713,0299713,Harpic Power Plus 500Ml*24,OU,S,CA,3,0,11083.74,461.82,1385.46,0,0,0,0,0,1385.46,0,221.67,1607.13,SOSHA1007000155,Invoice,Invoiced,14/03/2025,,,,,,,,,,,,,,3,Picked,DTR Van-D,,,,,,,,
IN000506,7880336,CT0010045008,SHA1001,1,366165,0366165,Dettol Soap Original 48*175G,OU,S,CA,6,0,11184,233,1398,0,0,0,0,0,1398,0,223.68,1621.68,SOSHA1001000079,Invoice,Invoiced,08/03/2025,,,,,,,,,,,,,,6,Picked,DTR Van-D,,,,,,,,
IN001139,7880336,CT0010054555,SHA1006,4,8158005,8158005,HARPIC POWER PLUS CITRUS TWINPACK 12*500ML,EA,S,CA,2,0,8405.17,700.43,1400.86,0,0,0,0,0,1400.86,0,224.14,1625,SOSHA1006000206,Invoice,Invoiced,17/03/2025,,,,,,,,,,,,,,2,Picked,DTR Van-D,,,,,,,,
IN000701,7880336,CT0010047492,SHA1000,10,8055074,8055074,Veet Cream Sensitive 72*50Gm,OU,S,CA,3,0,33856,470.22,1410.66,0,0,0,0,0,1410.66,0,225.71,1636.37,SOSHA1000000015,Invoice,Invoiced,11/03/2025,,,,,,,,,,,,,,3,Picked,Medium Supermarket-D,,,,,,,,
IN000701,7880336,CT0010047492,SHA1000,11,8055075,8055075,Veet Cream Normal 72*50Gm,OU,S,CA,3,0,33856,470.22,1410.66,0,0,0,0,0,1410.66,0,225.71,1636.37,SOSHA1000000015,Invoice,Invoiced,11/03/2025,,,,,,,,,,,,,,3,Picked,Medium Supermarket-D,,,,,,,,
IN000807,7880336,CT0010054284,SHA1006,3,8055075,8055075,Veet Cream Normal 72*50Gm,OU,S,CA,3,0,33856,470.22,1410.66,0,0,0,0,0,1410.66,0,225.71,1636.37,SOSHA1006000148,Invoice,Invoiced,12/03/2025,,,,,,,,,,,,,,3,Picked,DTR Van-D,,,,,,,,
IN001043,7880336,CT0010054470,SHA1005,5,8055074,8055074,Veet Cream Sensitive 72*50Gm,OU,S,CA,3,0,33856,470.22,1410.66,0,0,0,0,0,1410.66,0,225.71,1636.37,SOSHA1005000135,Invoice,Invoiced,14/03/2025,,,,,,,,,,,,,,3,Picked,DTR Van-D,,,,,,,,
IN001043,7880336,CT0010054470,SHA1005,6,8055075,8055075,Veet Cream Normal 72*50Gm,OU,S,CA,3,0,33856,470.22,1410.66,0,0,0,0,0,1410.66,0,225.71,1636.37,SOSHA1005000135,Invoice,Invoiced,14/03/2025,,,,,,,,,,,,,,3,Picked,DTR Van-D,,,,,,,,
IN001054,7880336,CT0010054457,SHA1006,15,8055075,8055075,Veet Cream Normal 72*50Gm,OU,S,CA,3,0,33856,470.22,1410.66,0,0,0,0,0,1410.66,0,225.71,1636.37,SOSHA1006000189,Invoice,Invoiced,14/03/2025,,,,,,,,,,,,,,3,Picked,DTR Van-D,,,,,,,,
IN000340,7880336,CT0010044870,SHA1004,3,299714,0299714,Harpic Power Plus 200Ml *36,OU,S,CA,12,0,4655,129.31,1551.72,418.95,139.65,0,0,139.65,1412.07,0,225.93,1638,SOSHA1004000048,Invoice,Invoiced,06/03/2025,,,,,,,,,,,,,,12,Picked,DTR Van-D,,,,,,,,
IN000493,7880336,CT0010047104,SHA1007,3,299714,0299714,Harpic Power Plus 200Ml *36,OU,S,CA,12,0,4655,129.31,1551.72,418.95,139.65,0,0,139.65,1412.07,0,225.93,1638,SOSHA1007000076,Invoice,Invoiced,06/03/2025,,,,,,,,,,,,,,12,Picked,DTR Van-D,,,,,,,,
IN000525,7880336,CT0010044976,SHA1002,1,299714,0299714,Harpic Power Plus 200Ml *36,OU,S,CA,12,0,4655,129.31,1551.72,418.95,139.65,0,0,139.65,1412.07,0,225.93,1638,SOSHA1002000111,Invoice,Invoiced,08/03/2025,,,,,,,,,,,,,,12,Picked,DTR Van-D,,,,,,,,
IN000575,7880336,CT0010044244,SHA1006,4,299714,0299714,Harpic Power Plus 200Ml *36,OU,S,CA,12,0,4655,129.31,1551.72,418.95,139.65,0,0,139.65,1412.07,0,225.93,1638,SOSHA1006000118,Invoice,Invoiced,08/03/2025,,,,,,,,,,,,,,12,Picked,DTR Van-D,,,,,,,,
IN000578,7880336,CT0010051751,SHA1006,4,299714,0299714,Harpic Power Plus 200Ml *36,OU,S,CA,12,0,4655,129.31,1551.72,418.95,139.65,0,0,139.65,1412.07,0,225.93,1638,SOSHA1006000127,Invoice,Invoiced,08/03/2025,,,,,,,,,,,,,,12,Picked,DTR Van-D,,,,,,,,
IN000675,7880336,CT0010042508,SHA1006,2,299714,0299714,Harpic Power Plus 200Ml *36,OU,S,CA,12,0,4655,129.31,1551.72,418.95,139.65,0,0,139.65,1412.07,0,225.93,1638,SOSHA1006000129,Invoice,Invoiced,10/03/2025,,,,,,,,,,,,,,12,Picked,DTR Van-D,,,,,,,,
IN000739,7880336,CT0010042951,SHA1001,12,299714,0299714,Harpic Power Plus 200Ml *36,OU,S,CA,12,0,4655,129.31,1551.72,418.95,139.65,0,0,139.65,1412.07,0,225.93,1638,SOSHA1001000131,Invoice,Invoiced,11/03/2025,,,,,,,,,,,,,,12,Picked,DTR Van-D,,,,,,,,
IN000740,7880336,CT0010042942,SHA1001,16,299714,0299714,Harpic Power Plus 200Ml *36,OU,S,CA,12,0,4655,129.31,1551.72,418.95,139.65,0,0,139.65,1412.07,0,225.93,1638,SOSHA1001000132,Invoice,Invoiced,11/03/2025,,,,,,,,,,,,,,12,Picked,DTR Van-D,,,,,,,,
IN000746,7880336,CT0010043746,SHA1003,1,299714,0299714,Harpic Power Plus 200Ml *36,OU,S,CA,12,0,4655,129.31,1551.72,418.95,139.65,0,0,139.65,1412.07,0,225.93,1638,SOSHA1003000131,Invoice,Invoiced,11/03/2025,,,,,,,,,,,,,,12,Picked,DTR Van-D,,,,,,,,
IN000758,7880336,CT0010043745,SHA1003,23,299714,0299714,Harpic Power Plus 200Ml *36,OU,S,CA,12,0,4655,129.31,1551.72,418.95,139.65,0,0,139.65,1412.07,0,225.93,1638,SOSHA1003000132,Invoice,Invoiced,11/03/2025,,,,,,,,,,,,,,12,Picked,DTR Van-D,,,,,,,,
IN000805,7880336,CT0010054328,SHA1006,11,299714,0299714,Harpic Power Plus 200Ml *36,OU,S,CA,12,0,4655,129.31,1551.72,418.95,139.65,0,0,139.65,1412.07,0,225.93,1638,SOSHA1006000155,Invoice,Invoiced,12/03/2025,,,,,,,,,,,,,,12,Picked,DTR Van-D,,,,,,,,
IN000807,7880336,CT0010054284,SHA1006,8,299714,0299714,Harpic Power Plus 200Ml *36,OU,S,CA,12,0,4655,129.31,1551.72,418.95,139.65,0,0,139.65,1412.07,0,225.93,1638,SOSHA1006000148,Invoice,Invoiced,12/03/2025,,,,,,,,,,,,,,12,Picked,DTR Van-D,,,,,,,,
IN001011,7880336,CT0010044594,SHA1004,3,299714,0299714,Harpic Power Plus 200Ml *36,OU,S,CA,12,0,4655,129.31,1551.72,418.95,139.65,0,0,139.65,1412.07,0,225.93,1638,SOSHA1004000160,Invoice,Invoiced,14/03/2025,,,,,,,,,,,,,,12,Picked,DTR Van-D,,,,,,,,
IN001054,7880336,CT0010054457,SHA1006,47,299714,0299714,Harpic Power Plus 200Ml *36,OU,S,CA,12,0,4655,129.31,1551.72,418.95,139.65,0,0,139.65,1412.07,0,225.93,1638,SOSHA1006000189,Invoice,Invoiced,14/03/2025,,,,,,,,,,,,,,12,Picked,DTR Van-D,,,,,,,,
IN001083,7880336,CT0010045143,SHA1002,5,299714,0299714,Harpic Power Plus 200Ml *36,OU,S,CA,12,0,4655,129.31,1551.72,418.95,139.65,0,0,139.65,1412.07,0,225.93,1638,SOSHA1002000175,Invoice,Invoiced,17/03/2025,,,,,,,,,,,,,,12,Picked,DTR Van-D,,,,,,,,
IN001090,7880336,CT0010041713,SHA1003,1,299714,0299714,Harpic Power Plus 200Ml *36,OU,S,CA,12,0,4655,129.31,1551.72,418.95,139.65,0,0,139.65,1412.07,0,225.93,1638,SOSHA1003000188,Invoice,Invoiced,17/03/2025,,,,,,,,,,,,,,12,Picked,DTR Van-D,,,,,,,,
IN001095,7880336,CT0010041682,SHA1003,2,299714,0299714,Harpic Power Plus 200Ml *36,OU,S,CA,12,0,4655,129.31,1551.72,418.95,139.65,0,0,139.65,1412.07,0,225.93,1638,SOSHA1003000193,Invoice,Invoiced,17/03/2025,,,,,,,,,,,,,,12,Picked,DTR Van-D,,,,,,,,
IN001103,7880336,CT0010045388,SHA1004,2,299714,0299714,Harpic Power Plus 200Ml *36,OU,S,CA,12,0,4655,129.31,1551.72,418.95,139.65,0,0,139.65,1412.07,0,225.93,1638,SOSHA1004000181,Invoice,Invoiced,17/03/2025,,,,,,,,,,,,,,12,Picked,DTR Van-D,,,,,,,,
IN001154,7880336,CT0010054549,SHA1006,7,299714,0299714,Harpic Power Plus 200Ml *36,OU,S,CA,12,0,4655,129.31,1551.72,418.95,139.65,0,0,139.65,1412.07,0,225.93,1638,SOSHA1006000210,Invoice,Invoiced,17/03/2025,,,,,,,,,,,,,,12,Picked,DTR Van-D,,,,,,,,
IN001185,7880336,CT0010045059,SHA1002,6,299714,0299714,Harpic Power Plus 200Ml *36,OU,S,CA,12,0,4655,129.31,1551.72,418.95,139.65,0,0,139.65,1412.07,0,225.93,1638,SOSHA1002000188,Invoice,Invoiced,18/03/2025,,,,,,,,,,,,,,12,Picked,DTR Van-D,,,,,,,,
IN001186,7880336,CT0010045088,SHA1002,3,299714,0299714,Harpic Power Plus 200Ml *36,OU,S,CA,12,0,4655,129.31,1551.72,418.95,139.65,0,0,139.65,1412.07,0,225.93,1638,SOSHA1002000189,Invoice,Invoiced,18/03/2025,,,,,,,,,,,,,,12,Picked,DTR Van-D,,,,,,,,
IN001198,7880336,CT0010045052,SHA1002,2,299714,0299714,Harpic Power Plus 200Ml *36,OU,S,CA,12,0,4655,129.31,1551.72,418.95,139.65,0,0,139.65,1412.07,0,225.93,1638,SOSHA1002000203,Invoice,Invoiced,18/03/2025,,,,,,,,,,,,,,12,Picked,DTR Van-D,,,,,,,,
IN001205,7880336,CT0010042021,SHA1003,3,299714,0299714,Harpic Power Plus 200Ml *36,OU,S,CA,12,0,4655,129.31,1551.72,418.95,139.65,0,0,139.65,1412.07,0,225.93,1638,SOSHA1003000205,Invoice,Invoiced,18/03/2025,,,,,,,,,,,,,,12,Picked,DTR Van-D,,,,,,,,
IN001269,7880336,CT0010054033,SHA1006,7,299714,0299714,Harpic Power Plus 200Ml *36,OU,S,CA,12,0,4655,129.31,1551.72,418.95,139.65,0,0,139.65,1412.07,0,225.93,1638,SOSHA1006000236,Invoice,Invoiced,18/03/2025,,,,,,,,,,,,,,12,Picked,DTR Van-A,,,,,,,,
IN001270,7880336,CT0010046213,SHA1006,6,299714,0299714,Harpic Power Plus 200Ml *36,OU,S,CA,12,0,4655,129.31,1551.72,418.95,139.65,0,0,139.65,1412.07,0,225.93,1638,SOSHA1006000237,Invoice,Invoiced,18/03/2025,,,,,,,,,,,,,,12,Picked,DTR Van-D,,,,,,,,
IN001366,7880336,CT0010054671,SHA1005,1,299714,0299714,Harpic Power Plus 200Ml *36,OU,S,CA,12,0,4655,129.31,1551.72,418.95,139.65,0,0,139.65,1412.07,0,225.93,1638,SOSHA1005000188,Invoice,Invoiced,20/03/2025,,,,,,,,,,,,,,12,Picked,DTR Van-D,,,,,,,,
IN001375,7880336,CT0010054683,SHA1005,1,299714,0299714,Harpic Power Plus 200Ml *36,OU,S,CA,12,0,4655,129.31,1551.72,418.95,139.65,0,0,139.65,1412.07,0,225.93,1638,SOSHA1005000194,Invoice,Invoiced,20/03/2025,,,,,,,,,,,,,,12,Picked,DTR Van-D,,,,,,,,
IN001399,7880336,CT0010046977,SHA1007,6,299714,0299714,Harpic Power Plus 200Ml *36,OU,S,CA,12,0,4655,129.31,1551.72,418.95,139.65,0,0,139.65,1412.07,0,225.93,1638,SOSHA1007000207,Invoice,Invoiced,20/03/2025,,,,,,,,,,,,,,12,Picked,DTR Van-D,,,,,,,,
IN001476,7880336,CT0010044090,SHA1005,17,299714,0299714,Harpic Power Plus 200Ml *36,OU,S,CA,12,0,4655,129.31,1551.72,418.95,139.65,0,0,139.65,1412.07,0,225.93,1638,SOSHA1005000202,Invoice,Invoiced,21/03/2025,,,,,,,,,,,,,,12,Picked,DTR Van-D,,,,,,,,
IN000460,7880336,CT0010046542,SHA1005,11,3286535,3286535,HARPIC POWERPLUS 100ML,CA,S,CA,1,0,1552,1552,1552,139.68,139.68,0,0,139.68,1412.32,0,225.97,1638.29,SOSHA1005000057,Invoice,Invoiced,06/03/2025,,,,,,,,,,,,,,36,Picked,DTR Van-D,,,,,,,,
IN000681,7880336,CT0010042500,SHA1006,9,3286535,3286535,HARPIC POWERPLUS 100ML,CA,S,CA,1,0,1552,1552,1552,139.68,139.68,0,0,139.68,1412.32,0,225.97,1638.29,SOSHA1006000134,Invoice,Invoiced,10/03/2025,,,,,,,,,,,,,,36,Picked,DTR Van-D,,,,,,,,
IN001061,7880336,CT0010047714,SHA1000,9,3286535,3286535,HARPIC POWERPLUS 100ML,CA,S,CA,1,0,1552,1552,1552,139.68,139.68,0,0,139.68,1412.32,0,225.97,1638.29,SOSHA1000000025,Invoice,Invoiced,17/03/2025,,,,,,,,,,,,,,36,Picked,DTR Van-D,,,,,,,,
IN001093,7880336,CT0010054263,SHA1003,1,3286535,3286535,HARPIC POWERPLUS 100ML,CA,S,CA,1,0,1552,1552,1552,139.68,139.68,0,0,139.68,1412.32,0,225.97,1638.29,SOSHA1003000191,Invoice,Invoiced,17/03/2025,,,,,,,,,,,,,,36,Picked,DTR Van-D,,,,,,,,
IN001433,7880336,CT0010047019,SHA1002,2,3286535,3286535,HARPIC POWERPLUS 100ML,CA,S,CA,1,0,1552,1552,1552,139.68,139.68,0,0,139.68,1412.32,0,225.97,1638.29,SOSHA1002000236,Invoice,Invoiced,21/03/2025,,,,,,,,,,,,,,36,Picked,DTR Van-D,,,,,,,,
IN000244,7880336,CT0010044665,SHA1004,3,384658,0384658,Jik Bleach Regular 250Ml *18,OU,S,CA,12,0,2355.3,130.85,1570.2,211.98,141.32,0,0,141.32,1428.88,0,228.62,1657.5,SOSHA1004000035,Invoice,Invoiced,05/03/2025,,,,,,,,,,,,,,12,Picked,DTR Van-D,,,,,,,,
IN000403,7880336,CT0010045065,SHA1002,1,384658,0384658,Jik Bleach Regular 250Ml *18,OU,S,CA,12,0,2355.3,130.85,1570.2,211.98,141.32,0,0,141.32,1428.88,0,228.62,1657.5,SOSHA1002000087,Invoice,Invoiced,06/03/2025,,,,,,,,,,,,,,12,Picked,DTR Van-D,,,,,,,,
IN000460,7880336,CT0010046542,SHA1005,3,384658,0384658,Jik Bleach Regular 250Ml *18,OU,S,CA,12,0,2355.3,130.85,1570.2,211.98,141.32,0,0,141.32,1428.88,0,228.62,1657.5,SOSHA1005000057,Invoice,Invoiced,06/03/2025,,,,,,,,,,,,,,12,Picked,DTR Van-D,,,,,,,,
IN000497,7880336,CT0010047131,SHA1007,1,384658,0384658,Jik Bleach Regular 250Ml *18,OU,S,CA,12,0,2355.3,130.85,1570.2,211.98,141.32,0,0,141.32,1428.88,0,228.62,1657.5,SOSHA1007000080,Invoice,Invoiced,06/03/2025,,,,,,,,,,,,,,12,Picked,DTR Van-D,,,,,,,,
IN000523,7880336,CT0010044975,SHA1002,3,384658,0384658,Jik Bleach Regular 250Ml *18,OU,S,CA,12,0,2355.3,130.85,1570.2,211.98,141.32,0,0,141.32,1428.88,0,228.62,1657.5,SOSHA1002000109,Invoice,Invoiced,08/03/2025,,,,,,,,,,,,,,12,Picked,DTR Van-D,,,,,,,,
IN000539,7880336,CT0010043793,SHA1003,2,384658,0384658,Jik Bleach Regular 250Ml *18,OU,S,CA,12,0,2355.3,130.85,1570.2,211.98,141.32,0,0,141.32,1428.88,0,228.62,1657.5,SOSHA1003000092,Invoice,Invoiced,08/03/2025,,,,,,,,,,,,,,12,Picked,DTR Van-D,,,,,,,,
IN000628,7880336,CT0010046047,SHA1002,1,384658,0384658,Jik Bleach Regular 250Ml *18,OU,S,CA,12,0,2355.3,130.85,1570.2,211.98,141.32,0,0,141.32,1428.88,0,228.62,1657.5,SOSHA1002000122,Invoice,Invoiced,10/03/2025,,,,,,,,,,,,,,12,Picked,DTR Van-D,,,,,,,,
IN000678,7880336,CT0010042598,SHA1006,1,384658,0384658,Jik Bleach Regular 250Ml *18,OU,S,CA,12,0,2355.3,130.85,1570.2,211.98,141.32,0,0,141.32,1428.88,0,228.62,1657.5,SOSHA1006000133,Invoice,Invoiced,10/03/2025,,,,,,,,,,,,,,12,Picked,DTR Van-D,,,,,,,,
IN000700,7880336,CT0010044379,SHA1007,3,384658,0384658,Jik Bleach Regular 250Ml *18,OU,S,CA,12,0,2355.3,130.85,1570.2,211.98,141.32,0,0,141.32,1428.88,0,228.62,1657.5,SOSHA1007000114,Invoice,Invoiced,10/03/2025,,,,,,,,,,,,,,12,Picked,DTR Van-D,,,,,,,,
IN000773,7880336,CT0010044823,SHA1007,1,384658,0384658,Jik Bleach Regular 250Ml *18,OU,S,CA,12,0,2355.3,130.85,1570.2,211.98,141.32,0,0,141.32,1428.88,0,228.62,1657.5,SOSHA1007000121,Invoice,Invoiced,11/03/2025,,,,,,,,,,,,,,12,Picked,DTR Van-D,,,,,,,,
IN000835,7880336,CT0010042667,SHA1004,2,384658,0384658,Jik Bleach Regular 250Ml *18,OU,S,CA,12,0,2355.3,130.85,1570.2,211.98,141.32,0,0,141.32,1428.88,0,228.62,1657.5,SOSHA1004000134,Invoice,Invoiced,12/03/2025,,,,,,,,,,,,,,12,Picked,DTR Van-D,,,,,,,,
IN000852,7880336,CT0010045892,SHA1007,2,384658,0384658,Jik Bleach Regular 250Ml *18,OU,S,CA,12,0,2355.3,130.85,1570.2,211.98,141.32,0,0,141.32,1428.88,0,228.62,1657.5,SOSHA1007000137,Invoice,Invoiced,12/03/2025,,,,,,,,,,,,,,12,Picked,DTR Van-D,,,,,,,,
IN000892,7880336,CT0010054345,SHA1006,2,384658,0384658,Jik Bleach Regular 250Ml *18,OU,S,CA,12,0,2355.3,130.85,1570.2,211.98,141.32,0,0,141.32,1428.88,0,228.62,1657.5,SOSHA1006000159,Invoice,Invoiced,12/03/2025,,,,,,,,,,,,,,12,Picked,DTR Van-D,,,,,,,,
IN001032,7880336,CT0010044132,SHA1005,2,384658,0384658,Jik Bleach Regular 250Ml *18,OU,S,CA,12,0,2355.3,130.85,1570.2,211.98,141.32,0,0,141.32,1428.88,0,228.62,1657.5,SOSHA1005000130,Invoice,Invoiced,14/03/2025,,,,,,,,,,,,,,12,Picked,DTR Van-D,,,,,,,,
IN001037,7880336,CT0010054483,SHA1005,2,384658,0384658,Jik Bleach Regular 250Ml *18,OU,S,CA,12,0,2355.3,130.85,1570.2,211.98,141.32,0,0,141.32,1428.88,0,228.62,1657.5,SOSHA1005000138,Invoice,Invoiced,14/03/2025,,,,,,,,,,,,,,12,Picked,DTR Van-D,,,,,,,,
IN001038,7880336,CT0010054463,SHA1005,2,384658,0384658,Jik Bleach Regular 250Ml *18,OU,S,CA,12,0,2355.3,130.85,1570.2,211.98,141.32,0,0,141.32,1428.88,0,228.62,1657.5,SOSHA1005000139,Invoice,Invoiced,14/03/2025,,,,,,,,,,,,,,12,Picked,DTR Van-D,,,,,,,,
IN001041,7880336,CT0010054469,SHA1005,4,384658,0384658,Jik Bleach Regular 250Ml *18,OU,S,CA,12,0,2355.3,130.85,1570.2,211.98,141.32,0,0,141.32,1428.88,0,228.62,1657.5,SOSHA1005000129,Invoice,Invoiced,14/03/2025,,,,,,,,,,,,,,12,Picked,DTR Van-D,,,,,,,,
IN001088,7880336,CT0010045137,SHA1002,2,384658,0384658,Jik Bleach Regular 250Ml *18,OU,S,CA,12,0,2355.3,130.85,1570.2,211.98,141.32,0,0,141.32,1428.88,0,228.62,1657.5,SOSHA1002000181,Invoice,Invoiced,17/03/2025,,,,,,,,,,,,,,12,Picked,DTR Van-D,,,,,,,,
IN001119,7880336,CT0010043161,SHA1005,3,384658,0384658,Jik Bleach Regular 250Ml *18,OU,S,CA,12,0,2355.3,130.85,1570.2,211.98,141.32,0,0,141.32,1428.88,0,228.62,1657.5,SOSHA1005000146,Invoice,Invoiced,17/03/2025,,,,,,,,,,,,,,12,Picked,DTR Van-D,,,,,,,,
IN001154,7880336,CT0010054549,SHA1006,3,384658,0384658,Jik Bleach Regular 250Ml *18,OU,S,CA,12,0,2355.3,130.85,1570.2,211.98,141.32,0,0,141.32,1428.88,0,228.62,1657.5,SOSHA1006000210,Invoice,Invoiced,17/03/2025,,,,,,,,,,,,,,12,Picked,DTR Van-D,,,,,,,,
IN001163,7880336,CT0010043500,SHA1007,2,384658,0384658,Jik Bleach Regular 250Ml *18,OU,S,CA,12,0,2355.3,130.85,1570.2,211.98,141.32,0,0,141.32,1428.88,0,228.62,1657.5,SOSHA1007000167,Invoice,Invoiced,17/03/2025,,,,,,,,,,,,,,12,Picked,DTR Van-D,,,,,,,,
IN001177,7880336,CT0010054619,SHA1001,2,384658,0384658,Jik Bleach Regular 250Ml *18,OU,S,CA,12,0,2355.3,130.85,1570.2,211.98,141.32,0,0,141.32,1428.88,0,228.62,1657.5,SOSHA1001000207,Invoice,Invoiced,18/03/2025,,,,,,,,,,,,,,12,Picked,DTR Van-D,,,,,,,,
IN001269,7880336,CT0010054033,SHA1006,4,384658,0384658,Jik Bleach Regular 250Ml *18,OU,S,CA,12,0,2355.3,130.85,1570.2,211.98,141.32,0,0,141.32,1428.88,0,228.62,1657.5,SOSHA1006000236,Invoice,Invoiced,18/03/2025,,,,,,,,,,,,,,12,Picked,DTR Van-A,,,,,,,,
IN001274,7880336,CT0010054637,SHA1006,2,384658,0384658,Jik Bleach Regular 250Ml *18,OU,S,CA,12,0,2355.3,130.85,1570.2,211.98,141.32,0,0,141.32,1428.88,0,228.62,1657.5,SOSHA1006000241,Invoice,Invoiced,18/03/2025,,,,,,,,,,,,,,12,Picked,DTR Van-D,,,,,,,,
IN001284,7880336,CT0010043239,SHA1007,1,384658,0384658,Jik Bleach Regular 250Ml *18,OU,S,CA,12,0,2355.3,130.85,1570.2,211.98,141.32,0,0,141.32,1428.88,0,228.62,1657.5,SOSHA1007000188,Invoice,Invoiced,18/03/2025,,,,,,,,,,,,,,12,Picked,DTR Van-D,,,,,,,,
IN001295,7880336,CT0010046745,SHA1001,1,384658,0384658,Jik Bleach Regular 250Ml *18,OU,S,CA,12,0,2355.3,130.85,1570.2,211.98,141.32,0,0,141.32,1428.88,0,228.62,1657.5,SOSHA1001000217,Invoice,Invoiced,20/03/2025,,,,,,,,,,,,,,12,Picked,DTR Van-D,,,,,,,,
IN001297,7880336,CT0010046698,SHA1001,1,384658,0384658,Jik Bleach Regular 250Ml *18,OU,S,CA,12,0,2355.3,130.85,1570.2,211.98,141.32,0,0,141.32,1428.88,0,228.62,1657.5,SOSHA1001000219,Invoice,Invoiced,20/03/2025,,,,,,,,,,,,,,12,Picked,DTR Van-D,,,,,,,,
IN001301,7880336,CT0010046600,SHA1001,4,384658,0384658,Jik Bleach Regular 250Ml *18,OU,S,CA,12,0,2355.3,130.85,1570.2,211.98,141.32,0,0,141.32,1428.88,0,228.62,1657.5,SOSHA1001000222,Invoice,Invoiced,20/03/2025,,,,,,,,,,,,,,12,Picked,DTR Van-D,,,,,,,,
IN001342,7880336,CT0010044938,SHA1004,2,384658,0384658,Jik Bleach Regular 250Ml *18,OU,S,CA,12,0,2355.3,130.85,1570.2,211.98,141.32,0,0,141.32,1428.88,0,228.62,1657.5,SOSHA1004000219,Invoice,Invoiced,20/03/2025,,,,,,,,,,,,,,12,Picked,DTR Van-D,,,,,,,,
IN001367,7880336,CT0010054103,SHA1005,1,384658,0384658,Jik Bleach Regular 250Ml *18,OU,S,CA,12,0,2355.3,130.85,1570.2,211.98,141.32,0,0,141.32,1428.88,0,228.62,1657.5,SOSHA1005000189,Invoice,Invoiced,20/03/2025,,,,,,,,,,,,,,12,Picked,DTR Van-D,,,,,,,,
IN001381,7880336,CT0010043551,SHA1006,2,384658,0384658,Jik Bleach Regular 250Ml *18,OU,S,CA,12,0,2355.3,130.85,1570.2,211.98,141.32,0,0,141.32,1428.88,0,228.62,1657.5,SOSHA1006000250,Invoice,Invoiced,20/03/2025,,,,,,,,,,,,,,12,Picked,DTR Van-D,,,,,,,,
IN001429,7880336,CT0010047100,SHA1002,2,384658,0384658,Jik Bleach Regular 250Ml *18,OU,S,CA,12,0,2355.3,130.85,1570.2,211.98,141.32,0,0,141.32,1428.88,0,228.62,1657.5,SOSHA1002000241,Invoice,Invoiced,21/03/2025,,,,,,,,,,,,,,12,Picked,DTR Van-D,,,,,,,,
IN001448,7880336,CT0010046315,SHA1004,2,384658,0384658,Jik Bleach Regular 250Ml *18,OU,S,CA,12,0,2355.3,130.85,1570.2,211.98,141.32,0,0,141.32,1428.88,0,228.62,1657.5,SOSHA1004000243,Invoice,Invoiced,21/03/2025,,,,,,,,,,,,,,12,Picked,DTR Van-D,,,,,,,,
IN001474,7880336,CT0010054702,SHA1005,1,384658,0384658,Jik Bleach Regular 250Ml *18,OU,S,CA,12,0,2355.3,130.85,1570.2,211.98,141.32,0,0,141.32,1428.88,0,228.62,1657.5,SOSHA1005000206,Invoice,Invoiced,21/03/2025,,,,,,,,,,,,,,12,Picked,DTR Van-D,,,,,,,,
IN001484,7880336,CT0010054734,SHA1005,1,384658,0384658,Jik Bleach Regular 250Ml *18,OU,S,CA,12,0,2355.3,130.85,1570.2,211.98,141.32,0,0,141.32,1428.88,0,228.62,1657.5,SOSHA1005000212,Invoice,Invoiced,21/03/2025,,,,,,,,,,,,,,12,Picked,DTR Van-D,,,,,,,,
IN000418,7880336,CT0010042021,SHA1003,3,3053889,3053889,HARPIC P/PLUS 500ML+200ML*12,OU,S,CA,3,0,5726,477.17,1431.51,0,0,0,0,0,1431.51,0,229.04,1660.55,SOSHA1003000084,Invoice,Invoiced,06/03/2025,,,,,,,,,,,,,,3,Picked,DTR Van-D,,,,,,,,
IN000421,7880336,CT0010046315,SHA1004,3,3053889,3053889,HARPIC P/PLUS 500ML+200ML*12,OU,S,CA,3,0,5726,477.17,1431.51,0,0,0,0,0,1431.51,0,229.04,1660.55,SOSHA1004000054,Invoice,Invoiced,06/03/2025,,,,,,,,,,,,,,3,Picked,DTR Van-D,,,,,,,,
IN000504,7880336,CT0010046609,SHA1001,2,3053889,3053889,HARPIC P/PLUS 500ML+200ML*12,OU,S,CA,3,0,5726,477.17,1431.51,0,0,0,0,0,1431.51,0,229.04,1660.55,SOSHA1001000076,Invoice,Invoiced,08/03/2025,,,,,,,,,,,,,,3,Picked,DTR Van-D,,,,,,,,
IN000631,7880336,CT0010041713,SHA1003,1,3053889,3053889,HARPIC P/PLUS 500ML+200ML*12,OU,S,CA,3,0,5726,477.17,1431.51,0,0,0,0,0,1431.51,0,229.04,1660.55,SOSHA1003000106,Invoice,Invoiced,10/03/2025,,,,,,,,,,,,,,3,Picked,DTR Van-D,,,,,,,,
IN000880,7880336,CT0010042477,SHA1003,3,3053889,3053889,HARPIC P/PLUS 500ML+200ML*12,OU,S,CA,3,0,5726,477.17,1431.51,0,0,0,0,0,1431.51,0,229.04,1660.55,SOSHA1003000147,Invoice,Invoiced,12/03/2025,,,,,,,,,,,,,,3,Picked,DTR Van-D,,,,,,,,
IN000504,7880336,CT0010046609,SHA1001,3,3053891,3053891,HARPIC P/PLUS CITRUS 500ML+200ML*12,OU,S,CA,3,0,5726.6,477.22,1431.66,0,0,0,0,0,1431.66,0,229.07,1660.73,SOSHA1001000076,Invoice,Invoiced,08/03/2025,,,,,,,,,,,,,,3,Picked,DTR Van-D,,,,,,,,
IN000981,7880336,CT0010047772,SHA1001,6,3053891,3053891,HARPIC P/PLUS CITRUS 500ML+200ML*12,OU,S,CA,3,0,5726.6,477.22,1431.66,0,0,0,0,0,1431.66,0,229.07,1660.73,SOSHA1001000164,Invoice,Invoiced,14/03/2025,,,,,,,,,,,,,,3,Picked,DTR Van-D,,,,,,,,
IN001139,7880336,CT0010054555,SHA1006,2,3053891,3053891,HARPIC P/PLUS CITRUS 500ML+200ML*12,OU,S,CA,3,0,5726.6,477.22,1431.66,0,0,0,0,0,1431.66,0,229.07,1660.73,SOSHA1006000206,Invoice,Invoiced,17/03/2025,,,,,,,,,,,,,,3,Picked,DTR Van-D,,,,,,,,
IN000963,7880336,CT0010054434,SHA1006,9,366165,0366165,Dettol Soap Original 48*175G,OU,S,CA,8,0,11184,233,1864,1150.38,191.73,0,0,191.73,1672.27,0,0,1672.27,SOSHA1006000187,Invoice,Invoiced,13/03/2025,,,,,,,,,,,,,,8,Picked,DTR Van-D,,,,,,,,
IN000963,7880336,CT0010054434,SHA1006,16,3299086,3299086,Dettol soap cool 165g,EA,S,EA,8,0,233,233,1864,23.9663,191.73,0,0,191.73,1672.27,0,0,1672.27,SOSHA1006000187,Invoice,Invoiced,13/03/2025,,,,,,,,,,,,,,8,Picked,DTR Van-D,,,,,,,,
IN000131,7880336,CT0010042299,SHA1001,3,328895,0328895,STREPSILS HONEY&LEMON 50*2(NEW STOCK *24 UNIT,OU,S,EA,50,0,33.83,33.83,1691.5,0,0,0,0,0,1691.5,0,0,1691.5,SOSHA1001000002,Invoice,Invoiced,04/03/2025,,,,,,,,,,,,,,50,Unpick,DTR Van-D,,,,,,,,
IN000143,7880336,CT0010042724,SHA1001,1,328906,0328906,STREPSILS REGULAR 50*2(NEW STOCK *24 UNIT,OU,S,EA,50,0,33.83,33.83,1691.5,0,0,0,0,0,1691.5,0,0,1691.5,SOSHA1001000006,Invoice,Invoiced,04/03/2025,,,,,,,,,,,,,,50,Picked,DTR Van-D,,,,,,,,
IN000144,7880336,CT0010042718,SHA1001,1,328906,0328906,STREPSILS REGULAR 50*2(NEW STOCK *24 UNIT,OU,S,EA,50,0,33.83,33.83,1691.5,0,0,0,0,0,1691.5,0,0,1691.5,SOSHA1001000007,Invoice,Invoiced,04/03/2025,,,,,,,,,,,,,,50,Picked,DTR Van-D,,,,,,,,
IN000180,7880336,CT0010043504,SHA1002,2,328906,0328906,STREPSILS REGULAR 50*2(NEW STOCK *24 UNIT,OU,S,EA,50,0,33.83,33.83,1691.5,0,0,0,0,0,1691.5,0,0,1691.5,SOSHA1002000037,Invoice,Invoiced,04/03/2025,,,,,,,,,,,,,,50,Picked,DTR Van-D,,,,,,,,
IN000183,7880336,CT0010043578,SHA1007,2,328906,0328906,STREPSILS REGULAR 50*2(NEW STOCK *24 UNIT,OU,S,EA,50,0,33.83,33.83,1691.5,0,0,0,0,0,1691.5,0,0,1691.5,SOSHA1007000024,Invoice,Invoiced,04/03/2025,,,,,,,,,,,,,,50,Picked,DTR Van-D,,,,,,,,
IN000209,7880336,CT0010044558,SHA1006,8,328895,0328895,STREPSILS HONEY&LEMON 50*2(NEW STOCK *24 UNIT,OU,S,EA,50,0,33.83,33.83,1691.5,0,0,0,0,0,1691.5,0,0,1691.5,SOSHA1006000004,Invoice,Invoiced,05/03/2025,,,,,,,,,,,,,,50,Unpick,DTR Van-D,,,,,,,,
IN000209,7880336,CT0010044558,SHA1006,9,328906,0328906,STREPSILS REGULAR 50*2(NEW STOCK *24 UNIT,OU,S,EA,50,0,33.83,33.83,1691.5,0,0,0,0,0,1691.5,0,0,1691.5,SOSHA1006000004,Invoice,Invoiced,05/03/2025,,,,,,,,,,,,,,50,Unpick,DTR Van-D,,,,,,,,
IN000217,7880336,CT0010048393,SHA1001,1,328906,0328906,STREPSILS REGULAR 50*2(NEW STOCK *24 UNIT,OU,S,EA,50,0,33.83,33.83,1691.5,0,0,0,0,0,1691.5,0,0,1691.5,SOSHA1001000030,Invoice,Invoiced,05/03/2025,,,,,,,,,,,,,,50,Picked,DTR Van-D,,,,,,,,
IN000259,7880336,CT0010054033,SHA1006,5,328895,0328895,STREPSILS HONEY&LEMON 50*2(NEW STOCK *24 UNIT,OU,S,EA,50,0,33.83,33.83,1691.5,0,0,0,0,0,1691.5,0,0,1691.5,SOSHA1006000068,Invoice,Invoiced,05/03/2025,,,,,,,,,,,,,,50,Picked,DTR Van-A,,,,,,,,
IN000259,7880336,CT0010054033,SHA1006,6,328906,0328906,STREPSILS REGULAR 50*2(NEW STOCK *24 UNIT,OU,S,EA,50,0,33.83,33.83,1691.5,0,0,0,0,0,1691.5,0,0,1691.5,SOSHA1006000068,Invoice,Invoiced,05/03/2025,,,,,,,,,,,,,,50,Picked,DTR Van-A,,,,,,,,
IN000355,7880336,CT0010054083,SHA1006,1,328895,0328895,STREPSILS HONEY&LEMON 50*2(NEW STOCK *24 UNIT,OU,S,EA,50,0,33.83,33.83,1691.5,0,0,0,0,0,1691.5,0,0,1691.5,SOSHA1006000085,Invoice,Invoiced,06/03/2025,,,,,,,,,,,,,,50,Picked,DTR Van-A,,,,,,,,
IN000355,7880336,CT0010054083,SHA1006,2,328906,0328906,STREPSILS REGULAR 50*2(NEW STOCK *24 UNIT,OU,S,EA,50,0,33.83,33.83,1691.5,0,0,0,0,0,1691.5,0,0,1691.5,SOSHA1006000085,Invoice,Invoiced,06/03/2025,,,,,,,,,,,,,,50,Picked,DTR Van-A,,,,,,,,
IN000356,7880336,CT0010054085,SHA1006,1,328906,0328906,STREPSILS REGULAR 50*2(NEW STOCK *24 UNIT,OU,S,EA,50,0,33.83,33.83,1691.5,0,0,0,0,0,1691.5,0,0,1691.5,SOSHA1006000086,Invoice,Invoiced,06/03/2025,,,,,,,,,,,,,,50,Picked,DTR Van-A,,,,,,,,
IN000366,7880336,CT0010054109,SHA1006,4,328906,0328906,STREPSILS REGULAR 50*2(NEW STOCK *24 UNIT,OU,S,EA,50,0,33.83,33.83,1691.5,0,0,0,0,0,1691.5,0,0,1691.5,SOSHA1006000096,Invoice,Invoiced,06/03/2025,,,,,,,,,,,,,,50,Picked,DTR Van-A,,,,,,,,
IN000390,7880336,CT0010054137,SHA1001,1,328895,0328895,STREPSILS HONEY&LEMON 50*2(NEW STOCK *24 UNIT,OU,S,EA,50,0,33.83,33.83,1691.5,0,0,0,0,0,1691.5,0,0,1691.5,SOSHA1001000063,Invoice,Invoiced,06/03/2025,,,,,,,,,,,,,,50,Picked,DTR Van-D,,,,,,,,
IN000468,7880336,CT0010054119,SHA1006,1,328906,0328906,STREPSILS REGULAR 50*2(NEW STOCK *24 UNIT,OU,S,EA,50,0,33.83,33.83,1691.5,0,0,0,0,0,1691.5,0,0,1691.5,SOSHA1006000107,Invoice,Invoiced,06/03/2025,,,,,,,,,,,,,,50,Picked,DTR Van-A,,,,,,,,
IN000477,7880336,CT0010054107,SHA1007,2,328906,0328906,STREPSILS REGULAR 50*2(NEW STOCK *24 UNIT,OU,S,EA,50,0,33.83,33.83,1691.5,0,0,0,0,0,1691.5,0,0,1691.5,SOSHA1007000060,Invoice,Invoiced,06/03/2025,,,,,,,,,,,,,,50,Picked,DTR Van-D,,,,,,,,
IN000478,7880336,CT0010054106,SHA1007,1,328906,0328906,STREPSILS REGULAR 50*2(NEW STOCK *24 UNIT,OU,S,EA,50,0,33.83,33.83,1691.5,0,0,0,0,0,1691.5,0,0,1691.5,SOSHA1007000061,Invoice,Invoiced,06/03/2025,,,,,,,,,,,,,,50,Picked,DTR Van-D,,,,,,,,
IN000503,7880336,CT0010044627,SHA1004,1,328906,0328906,STREPSILS REGULAR 50*2(NEW STOCK *24 UNIT,OU,S,EA,50,0,33.83,33.83,1691.5,0,0,0,0,0,1691.5,0,0,1691.5,SOSHA1004000025,Invoice,Invoiced,07/03/2025,,,,,,,,,,,,,,50,Picked,DTR Van-D,,,,,,,,
IN000611,7880336,CT0010054261,SHA1001,3,328906,0328906,STREPSILS REGULAR 50*2(NEW STOCK *24 UNIT,OU,S,EA,50,0,33.83,33.83,1691.5,0,0,0,0,0,1691.5,0,0,1691.5,SOSHA1001000104,Invoice,Invoiced,10/03/2025,,,,,,,,,,,,,,50,Picked,DTR Van-D,,,,,,,,
IN000669,7880336,CT0010054244,SHA1005,2,328895,0328895,STREPSILS HONEY&LEMON 50*2(NEW STOCK *24 UNIT,OU,S,EA,50,0,33.83,33.83,1691.5,0,0,0,0,0,1691.5,0,0,1691.5,SOSHA1005000075,Invoice,Invoiced,10/03/2025,,,,,,,,,,,,,,50,Picked,DTR Van-D,,,,,,,,
IN000720,7880336,CT0010054303,SHA1001,1,328906,0328906,STREPSILS REGULAR 50*2(NEW STOCK *24 UNIT,OU,S,EA,50,0,33.83,33.83,1691.5,0,0,0,0,0,1691.5,0,0,1691.5,SOSHA1001000125,Invoice,Invoiced,11/03/2025,,,,,,,,,,,,,,50,Picked,DTR Van-D,,,,,,,,
IN000722,7880336,CT0010054304,SHA1001,2,328906,0328906,STREPSILS REGULAR 50*2(NEW STOCK *24 UNIT,OU,S,EA,50,0,33.83,33.83,1691.5,0,0,0,0,0,1691.5,0,0,1691.5,SOSHA1001000126,Invoice,Invoiced,11/03/2025,,,,,,,,,,,,,,50,Picked,DTR Van-D,,,,,,,,
IN000829,7880336,CT0010054332,SHA1001,2,328906,0328906,STREPSILS REGULAR 50*2(NEW STOCK *24 UNIT,OU,S,EA,50,0,33.83,33.83,1691.5,0,0,0,0,0,1691.5,0,0,1691.5,SOSHA1001000135,Invoice,Invoiced,12/03/2025,,,,,,,,,,,,,,50,Picked,DTR Van-D,,,,,,,,
IN000904,7880336,CT0010054391,SHA1000,43,328895,0328895,STREPSILS HONEY&LEMON 50*2(NEW STOCK *24 UNIT,OU,S,EA,50,0,33.83,33.83,1691.5,0,0,0,0,0,1691.5,0,0,1691.5,SOSHA1000000019,Invoice,Invoiced,13/03/2025,,,,,,,,,,,,,,50,Picked,Other Supermarts-D,,,,,,,,
IN000904,7880336,CT0010054391,SHA1000,44,328906,0328906,STREPSILS REGULAR 50*2(NEW STOCK *24 UNIT,OU,S,EA,50,0,33.83,33.83,1691.5,0,0,0,0,0,1691.5,0,0,1691.5,SOSHA1000000019,Invoice,Invoiced,13/03/2025,,,,,,,,,,,,,,50,Picked,Other Supermarts-D,,,,,,,,
IN001067,7880336,CT0010054525,SHA1001,2,328895,0328895,STREPSILS HONEY&LEMON 50*2(NEW STOCK *24 UNIT,OU,S,EA,50,0,33.83,33.83,1691.5,0,0,0,0,0,1691.5,0,0,1691.5,SOSHA1001000180,Invoice,Invoiced,17/03/2025,,,,,,,,,,,,,,50,Picked,DTR Van-D,,,,,,,,
IN001067,7880336,CT0010054525,SHA1001,3,328906,0328906,STREPSILS REGULAR 50*2(NEW STOCK *24 UNIT,OU,S,EA,50,0,33.83,33.83,1691.5,0,0,0,0,0,1691.5,0,0,1691.5,SOSHA1001000180,Invoice,Invoiced,17/03/2025,,,,,,,,,,,,,,50,Picked,DTR Van-D,,,,,,,,
IN001173,7880336,CT0010054614,SHA1001,1,328906,0328906,STREPSILS REGULAR 50*2(NEW STOCK *24 UNIT,OU,S,EA,50,0,33.83,33.83,1691.5,0,0,0,0,0,1691.5,0,0,1691.5,SOSHA1001000199,Invoice,Invoiced,18/03/2025,,,,,,,,,,,,,,50,Picked,DTR Van-D,,,,,,,,
IN000124,7880336,CT0010041511,SHA1003,2,3049806,3049806,DETTOL LIQUID 48*250ML,OU,S,CA,3,0,27134,565.29,1695.87,0,0,0,0,0,1695.87,0,0,1695.87,SOSHA1003000003,Invoice,Invoiced,04/03/2025,,,,,,,,,,,,,,3,Unpick,DTR Van-D,,,,,,,,
IN000229,7880336,CT0010045035,SHA1002,1,238167,0238167,Jik Bleach Regular 70Ml *144,OU,S,CA,72,0,3218.39,22.35,1609.2,289.66,144.83,0,0,144.83,1464.37,0,234.3,1698.67,SOSHA1002000053,Invoice,Invoiced,05/03/2025,,,,,,,,,,,,,,72,Picked,DTR Van-D,,,,,,,,
IN000324,7880336,CT0010041906,SHA1003,1,238167,0238167,Jik Bleach Regular 70Ml *144,OU,S,CA,72,0,3218.39,22.35,1609.2,289.66,144.83,0,0,144.83,1464.37,0,234.3,1698.67,SOSHA1003000078,Invoice,Invoiced,06/03/2025,,,,,,,,,,,,,,72,Picked,DTR Van-D,,,,,,,,
IN000328,7880336,CT0010041564,SHA1003,3,238167,0238167,Jik Bleach Regular 70Ml *144,OU,S,CA,72,0,3218.39,22.35,1609.2,289.66,144.83,0,0,144.83,1464.37,0,234.3,1698.67,SOSHA1003000071,Invoice,Invoiced,06/03/2025,,,,,,,,,,,,,,72,Picked,DTR Van-D,,,,,,,,
IN000510,7880336,CT0010045010,SHA1001,2,238167,0238167,Jik Bleach Regular 70Ml *144,OU,S,CA,72,0,3218.39,22.35,1609.2,289.66,144.83,0,0,144.83,1464.37,0,234.3,1698.67,SOSHA1001000088,Invoice,Invoiced,08/03/2025,,,,,,,,,,,,,,72,Picked,DTR Van-D,,,,,,,,
IN000637,7880336,CT0010042036,SHA1003,1,238167,0238167,Jik Bleach Regular 70Ml *144,OU,S,CA,72,0,3218.39,22.35,1609.2,289.66,144.83,0,0,144.83,1464.37,0,234.3,1698.67,SOSHA1003000112,Invoice,Invoiced,10/03/2025,,,,,,,,,,,,,,72,Picked,DTR Van-D,,,,,,,,
IN000762,7880336,CT0010041884,SHA1005,1,238167,0238167,Jik Bleach Regular 70Ml *144,OU,S,CA,72,0,3218.39,22.35,1609.2,289.66,144.83,0,0,144.83,1464.37,0,234.3,1698.67,SOSHA1005000092,Invoice,Invoiced,11/03/2025,,,,,,,,,,,,,,72,Picked,DTR Van-D,,,,,,,,
IN000825,7880336,CT0010045896,SHA1002,1,238167,0238167,Jik Bleach Regular 70Ml *144,OU,S,CA,72,0,3218.39,22.35,1609.2,289.66,144.83,0,0,144.83,1464.37,0,234.3,1698.67,SOSHA1002000141,Invoice,Invoiced,12/03/2025,,,,,,,,,,,,,,72,Picked,DTR Van-D,,,,,,,,
IN001344,7880336,CT0010044932,SHA1004,1,238167,0238167,Jik Bleach Regular 70Ml *144,OU,S,CA,72,0,3218.39,22.35,1609.2,289.66,144.83,0,0,144.83,1464.37,0,234.3,1698.67,SOSHA1004000221,Invoice,Invoiced,20/03/2025,,,,,,,,,,,,,,72,Picked,DTR Van-D,,,,,,,,
IN001345,7880336,CT0010044962,SHA1004,1,238167,0238167,Jik Bleach Regular 70Ml *144,OU,S,CA,72,0,3218.39,22.35,1609.2,289.66,144.83,0,0,144.83,1464.37,0,234.3,1698.67,SOSHA1004000222,Invoice,Invoiced,20/03/2025,,,,,,,,,,,,,,72,Picked,DTR Van-D,,,,,,,,
IN000151,7880336,CT0010054009,SHA1001,6,366159,0366159,Dettol Soap Original 72*90Gm,OU,S,CA,12,0,9028,125.39,1504.68,0,0,0,0,0,1504.68,0,240.75,1745.43,SOSHA1001000016,Invoice,Invoiced,04/03/2025,,,,,,,,,,,,,,12,Picked,DTR Van-D,,,,,,,,
IN000151,7880336,CT0010054009,SHA1001,9,366184,0366184,Dettol Soap Cool 72*90Gm,OU,S,CA,12,0,9028,125.39,1504.68,0,0,0,0,0,1504.68,0,240.75,1745.43,SOSHA1001000016,Invoice,Invoiced,04/03/2025,,,,,,,,,,,,,,12,Picked,DTR Van-D,,,,,,,,
IN000151,7880336,CT0010054009,SHA1001,11,366195,0366195,Dettol Soap Herbal 72*90Gm,OU,S,CA,12,0,9028,125.39,1504.68,0,0,0,0,0,1504.68,0,240.75,1745.43,SOSHA1001000016,Invoice,Invoiced,04/03/2025,,,,,,,,,,,,,,12,Picked,DTR Van-D,,,,,,,,
IN000180,7880336,CT0010043504,SHA1002,3,366177,0366177,Dettol Soap Skincare 72*90G,OU,S,CA,12,0,9028,125.39,1504.68,0,0,0,0,0,1504.68,0,240.75,1745.43,SOSHA1002000037,Invoice,Invoiced,04/03/2025,,,,,,,,,,,,,,12,Picked,DTR Van-D,,,,,,,,
IN000216,7880336,CT0010043370,SHA1001,2,366177,0366177,Dettol Soap Skincare 72*90G,OU,S,CA,12,0,9028,125.39,1504.68,0,0,0,0,0,1504.68,0,240.75,1745.43,SOSHA1001000029,Invoice,Invoiced,05/03/2025,,,,,,,,,,,,,,12,Picked,DTR Van-D,,,,,,,,
IN000219,7880336,CT0010045053,SHA1002,3,366159,0366159,Dettol Soap Original 72*90Gm,OU,S,CA,12,0,9028,125.39,1504.68,0,0,0,0,0,1504.68,0,240.75,1745.43,SOSHA1002000043,Invoice,Invoiced,05/03/2025,,,,,,,,,,,,,,12,Picked,DTR Van-D,,,,,,,,
IN000219,7880336,CT0010045053,SHA1002,4,366195,0366195,Dettol Soap Herbal 72*90Gm,OU,S,CA,12,0,9028,125.39,1504.68,0,0,0,0,0,1504.68,0,240.75,1745.43,SOSHA1002000043,Invoice,Invoiced,05/03/2025,,,,,,,,,,,,,,12,Picked,DTR Van-D,,,,,,,,
IN000270,7880336,CT0010045407,SHA1007,2,366159,0366159,Dettol Soap Original 72*90Gm,OU,S,CA,12,0,9028,125.39,1504.68,0,0,0,0,0,1504.68,0,240.75,1745.43,SOSHA1007000039,Invoice,Invoiced,05/03/2025,,,,,,,,,,,,,,12,Picked,DTR Van-D,,,,,,,,
IN000287,7880336,CT0010054097,SHA1001,1,366159,0366159,Dettol Soap Original 72*90Gm,OU,S,CA,12,0,9028,125.39,1504.68,0,0,0,0,0,1504.68,0,240.75,1745.43,SOSHA1001000055,Invoice,Invoiced,06/03/2025,,,,,,,,,,,,,,12,Picked,DTR Van-D,,,,,,,,
IN000295,7880336,CT0010045162,SHA1002,1,366159,0366159,Dettol Soap Original 72*90Gm,OU,S,CA,12,0,9028,125.39,1504.68,0,0,0,0,0,1504.68,0,240.75,1745.43,SOSHA1002000067,Invoice,Invoiced,06/03/2025,,,,,,,,,,,,,,12,Picked,DTR Van-D,,,,,,,,
IN000300,7880336,CT0010047413,SHA1002,1,366159,0366159,Dettol Soap Original 72*90Gm,OU,S,CA,12,0,9028,125.39,1504.68,0,0,0,0,0,1504.68,0,240.75,1745.43,SOSHA1002000072,Invoice,Invoiced,06/03/2025,,,,,,,,,,,,,,12,Picked,DTR Van-D,,,,,,,,
IN000306,7880336,CT0010047393,SHA1002,1,366159,0366159,Dettol Soap Original 72*90Gm,OU,S,CA,12,0,9028,125.39,1504.68,0,0,0,0,0,1504.68,0,240.75,1745.43,SOSHA1002000078,Invoice,Invoiced,06/03/2025,,,,,,,,,,,,,,12,Picked,DTR Van-D,,,,,,,,
IN000316,7880336,CT0010041539,SHA1003,2,366159,0366159,Dettol Soap Original 72*90Gm,OU,S,CA,12,0,9028,125.39,1504.68,0,0,0,0,0,1504.68,0,240.75,1745.43,SOSHA1003000069,Invoice,Invoiced,06/03/2025,,,,,,,,,,,,,,12,Picked,DTR Van-D,,,,,,,,
IN000327,7880336,CT0010041632,SHA1003,2,366159,0366159,Dettol Soap Original 72*90Gm,OU,S,CA,12,0,9028,125.39,1504.68,0,0,0,0,0,1504.68,0,240.75,1745.43,SOSHA1003000065,Invoice,Invoiced,06/03/2025,,,,,,,,,,,,,,12,Picked,DTR Van-D,,,,,,,,
IN000335,7880336,CT0010044957,SHA1004,1,366159,0366159,Dettol Soap Original 72*90Gm,OU,S,CA,12,0,9028,125.39,1504.68,0,0,0,0,0,1504.68,0,240.75,1745.43,SOSHA1004000042,Invoice,Invoiced,06/03/2025,,,,,,,,,,,,,,12,Picked,DTR Van-D,,,,,,,,
IN000385,7880336,CT0010054128,SHA1001,2,366159,0366159,Dettol Soap Original 72*90Gm,OU,S,CA,12,0,9028,125.39,1504.68,0,0,0,0,0,1504.68,0,240.75,1745.43,SOSHA1001000057,Invoice,Invoiced,06/03/2025,,,,,,,,,,,,,,12,Picked,DTR Van-D,,,,,,,,
IN000391,7880336,CT0010045223,SHA1001,1,366159,0366159,Dettol Soap Original 72*90Gm,OU,S,CA,12,0,9028,125.39,1504.68,0,0,0,0,0,1504.68,0,240.75,1745.43,SOSHA1001000064,Invoice,Invoiced,06/03/2025,,,,,,,,,,,,,,12,Picked,DTR Van-D,,,,,,,,
IN000395,7880336,CT0010046666,SHA1001,3,366159,0366159,Dettol Soap Original 72*90Gm,OU,S,CA,12,0,9028,125.39,1504.68,0,0,0,0,0,1504.68,0,240.75,1745.43,SOSHA1001000068,Invoice,Invoiced,06/03/2025,,,,,,,,,,,,,,12,Picked,DTR Van-D,,,,,,,,
IN000406,7880336,CT0010047007,SHA1002,2,366159,0366159,Dettol Soap Original 72*90Gm,OU,S,CA,12,0,9028,125.39,1504.68,0,0,0,0,0,1504.68,0,240.75,1745.43,SOSHA1002000092,Invoice,Invoiced,06/03/2025,,,,,,,,,,,,,,12,Picked,DTR Van-D,,,,,,,,
IN000452,7880336,CT0010054115,SHA1005,3,366159,0366159,Dettol Soap Original 72*90Gm,OU,S,CA,12,0,9028,125.39,1504.68,0,0,0,0,0,1504.68,0,240.75,1745.43,SOSHA1005000050,Invoice,Invoiced,06/03/2025,,,,,,,,,,,,,,12,Picked,DTR Van-D,,,,,,,,
IN000453,7880336,CT0010054093,SHA1005,1,366159,0366159,Dettol Soap Original 72*90Gm,OU,S,CA,12,0,9028,125.39,1504.68,0,0,0,0,0,1504.68,0,240.75,1745.43,SOSHA1005000051,Invoice,Invoiced,06/03/2025,,,,,,,,,,,,,,12,Picked,DTR Van-D,,,,,,,,
IN000486,7880336,CT0010041508,SHA1007,1,366159,0366159,Dettol Soap Original 72*90Gm,OU,S,CA,12,0,9028,125.39,1504.68,0,0,0,0,0,1504.68,0,240.75,1745.43,SOSHA1007000069,Invoice,Invoiced,06/03/2025,,,,,,,,,,,,,,12,Picked,DTR Van-D,,,,,,,,
IN000493,7880336,CT0010047104,SHA1007,1,366159,0366159,Dettol Soap Original 72*90Gm,OU,S,CA,12,0,9028,125.39,1504.68,0,0,0,0,0,1504.68,0,240.75,1745.43,SOSHA1007000076,Invoice,Invoiced,06/03/2025,,,,,,,,,,,,,,12,Picked,DTR Van-D,,,,,,,,
IN000513,7880336,CT0010045003,SHA1002,2,366159,0366159,Dettol Soap Original 72*90Gm,OU,S,CA,12,0,9028,125.39,1504.68,0,0,0,0,0,1504.68,0,240.75,1745.43,SOSHA1002000099,Invoice,Invoiced,08/03/2025,,,,,,,,,,,,,,12,Picked,DTR Van-D,,,,,,,,
IN000518,7880336,CT0010044988,SHA1002,1,366159,0366159,Dettol Soap Original 72*90Gm,OU,S,CA,12,0,9028,125.39,1504.68,0,0,0,0,0,1504.68,0,240.75,1745.43,SOSHA1002000104,Invoice,Invoiced,08/03/2025,,,,,,,,,,,,,,12,Picked,DTR Van-D,,,,,,,,
IN000536,7880336,CT0010043800,SHA1003,2,366159,0366159,Dettol Soap Original 72*90Gm,OU,S,CA,12,0,9028,125.39,1504.68,0,0,0,0,0,1504.68,0,240.75,1745.43,SOSHA1003000102,Invoice,Invoiced,08/03/2025,,,,,,,,,,,,,,12,Picked,DTR Van-D,,,,,,,,
IN000539,7880336,CT0010043793,SHA1003,4,366195,0366195,Dettol Soap Herbal 72*90Gm,OU,S,CA,12,0,9028,125.39,1504.68,0,0,0,0,0,1504.68,0,240.75,1745.43,SOSHA1003000092,Invoice,Invoiced,08/03/2025,,,,,,,,,,,,,,12,Picked,DTR Van-D,,,,,,,,
IN000583,7880336,CT0010054179,SHA1007,2,366159,0366159,Dettol Soap Original 72*90Gm,OU,S,CA,12,0,9028,125.39,1504.68,0,0,0,0,0,1504.68,0,240.75,1745.43,SOSHA1007000086,Invoice,Invoiced,08/03/2025,,,,,,,,,,,,,,12,Picked,DTR Van-D,,,,,,,,
IN000585,7880336,CT0010054180,SHA1007,3,366159,0366159,Dettol Soap Original 72*90Gm,OU,S,CA,12,0,9028,125.39,1504.68,0,0,0,0,0,1504.68,0,240.75,1745.43,SOSHA1007000088,Invoice,Invoiced,08/03/2025,,,,,,,,,,,,,,12,Picked,DTR Van-D,,,,,,,,
IN000614,7880336,CT0010046031,SHA1002,1,366159,0366159,Dettol Soap Original 72*90Gm,OU,S,CA,12,0,9028,125.39,1504.68,0,0,0,0,0,1504.68,0,240.75,1745.43,SOSHA1002000116,Invoice,Invoiced,10/03/2025,,,,,,,,,,,,,,12,Picked,DTR Van-D,,,,,,,,
IN000615,7880336,CT0010046037,SHA1002,1,366159,0366159,Dettol Soap Original 72*90Gm,OU,S,CA,12,0,9028,125.39,1504.68,0,0,0,0,0,1504.68,0,240.75,1745.43,SOSHA1002000117,Invoice,Invoiced,10/03/2025,,,,,,,,,,,,,,12,Picked,DTR Van-D,,,,,,,,
IN000702,7880336,CT0010042926,SHA1001,1,366159,0366159,Dettol Soap Original 72*90Gm,OU,S,CA,12,0,9028,125.39,1504.68,0,0,0,0,0,1504.68,0,240.75,1745.43,SOSHA1001000107,Invoice,Invoiced,11/03/2025,,,,,,,,,,,,,,12,Picked,DTR Van-D,,,,,,,,
IN000718,7880336,CT0010054301,SHA1001,2,366159,0366159,Dettol Soap Original 72*90Gm,OU,S,CA,12,0,9028,125.39,1504.68,0,0,0,0,0,1504.68,0,240.75,1745.43,SOSHA1001000123,Invoice,Invoiced,11/03/2025,,,,,,,,,,,,,,12,Picked,DTR Van-D,,,,,,,,
IN000724,7880336,CT0010054314,SHA1001,3,366159,0366159,Dettol Soap Original 72*90Gm,OU,S,CA,12,0,9028,125.39,1504.68,0,0,0,0,0,1504.68,0,240.75,1745.43,SOSHA1001000128,Invoice,Invoiced,11/03/2025,,,,,,,,,,,,,,12,Picked,DTR Van-D,,,,,,,,
IN000732,7880336,CT0010054277,SHA1002,3,366159,0366159,Dettol Soap Original 72*90Gm,OU,S,CA,12,0,9028,125.39,1504.68,0,0,0,0,0,1504.68,0,240.75,1745.43,SOSHA1002000137,Invoice,Invoiced,11/03/2025,,,,,,,,,,,,,,12,Picked,DTR Van-D,,,,,,,,
IN000739,7880336,CT0010042951,SHA1001,7,366195,0366195,Dettol Soap Herbal 72*90Gm,OU,S,CA,12,0,9028,125.39,1504.68,0,0,0,0,0,1504.68,0,240.75,1745.43,SOSHA1001000131,Invoice,Invoiced,11/03/2025,,,,,,,,,,,,,,12,Picked,DTR Van-D,,,,,,,,
IN000740,7880336,CT0010042942,SHA1001,10,366159,0366159,Dettol Soap Original 72*90Gm,OU,S,CA,12,0,9028,125.39,1504.68,0,0,0,0,0,1504.68,0,240.75,1745.43,SOSHA1001000132,Invoice,Invoiced,11/03/2025,,,,,,,,,,,,,,12,Picked,DTR Van-D,,,,,,,,
IN000747,7880336,CT0010045490,SHA1004,4,366159,0366159,Dettol Soap Original 72*90Gm,OU,S,CA,12,0,9028,125.39,1504.68,0,0,0,0,0,1504.68,0,240.75,1745.43,SOSHA1004000112,Invoice,Invoiced,11/03/2025,,,,,,,,,,,,,,12,Picked,DTR Van-D,,,,,,,,
IN000747,7880336,CT0010045490,SHA1004,7,366195,0366195,Dettol Soap Herbal 72*90Gm,OU,S,CA,12,0,9028,125.39,1504.68,0,0,0,0,0,1504.68,0,240.75,1745.43,SOSHA1004000112,Invoice,Invoiced,11/03/2025,,,,,,,,,,,,,,12,Picked,DTR Van-D,,,,,,,,
IN000765,7880336,CT0010045468,SHA1005,2,366159,0366159,Dettol Soap Original 72*90Gm,OU,S,CA,12,0,9028,125.39,1504.68,0,0,0,0,0,1504.68,0,240.75,1745.43,SOSHA1005000095,Invoice,Invoiced,11/03/2025,,,,,,,,,,,,,,12,Picked,DTR Van-D,,,,,,,,
IN000776,7880336,CT0010054290,SHA1005,5,366159,0366159,Dettol Soap Original 72*90Gm,OU,S,CA,12,0,9028,125.39,1504.68,0,0,0,0,0,1504.68,0,240.75,1745.43,SOSHA1005000090,Invoice,Invoiced,11/03/2025,,,,,,,,,,,,,,12,Picked,DTR Van-D,,,,,,,,
IN000776,7880336,CT0010054290,SHA1005,6,366177,0366177,Dettol Soap Skincare 72*90G,OU,S,CA,12,0,9028,125.39,1504.68,0,0,0,0,0,1504.68,0,240.75,1745.43,SOSHA1005000090,Invoice,Invoiced,11/03/2025,,,,,,,,,,,,,,12,Picked,DTR Van-D,,,,,,,,
IN000839,7880336,CT0010043602,SHA1005,1,366159,0366159,Dettol Soap Original 72*90Gm,OU,S,CA,12,0,9028,125.39,1504.68,0,0,0,0,0,1504.68,0,240.75,1745.43,SOSHA1005000100,Invoice,Invoiced,12/03/2025,,,,,,,,,,,,,,12,Picked,DTR Van-D,,,,,,,,
IN000840,7880336,CT0010043603,SHA1005,1,366159,0366159,Dettol Soap Original 72*90Gm,OU,S,CA,12,0,9028,125.39,1504.68,0,0,0,0,0,1504.68,0,240.75,1745.43,SOSHA1005000101,Invoice,Invoiced,12/03/2025,,,,,,,,,,,,,,12,Picked,DTR Van-D,,,,,,,,
IN000869,7880336,CT0010054371,SHA1002,1,366159,0366159,Dettol Soap Original 72*90Gm,OU,S,CA,12,0,9028,125.39,1504.68,0,0,0,0,0,1504.68,0,240.75,1745.43,SOSHA1002000152,Invoice,Invoiced,12/03/2025,,,,,,,,,,,,,,12,Picked,DTR Van-D,,,,,,,,
IN000886,7880336,CT0010044729,SHA1005,1,366159,0366159,Dettol Soap Original 72*90Gm,OU,S,CA,12,0,9028,125.39,1504.68,0,0,0,0,0,1504.68,0,240.75,1745.43,SOSHA1005000112,Invoice,Invoiced,12/03/2025,,,,,,,,,,,,,,12,Picked,DTR Van-D,,,,,,,,
IN000905,7880336,CT0010047868,SHA1001,1,366159,0366159,Dettol Soap Original 72*90Gm,OU,S,CA,12,0,9028,125.39,1504.68,0,0,0,0,0,1504.68,0,240.75,1745.43,SOSHA1001000149,Invoice,Invoiced,13/03/2025,,,,,,,,,,,,,,12,Picked,DTR Van-D,,,,,,,,
IN000969,7880336,CT0010054407,SHA1002,2,366159,0366159,Dettol Soap Original 72*90Gm,OU,S,CA,12,0,9028,125.39,1504.68,0,0,0,0,0,1504.68,0,240.75,1745.43,SOSHA1002000161,Invoice,Invoiced,13/03/2025,,,,,,,,,,,,,,12,Picked,DTR Van-D,,,,,,,,
IN000977,7880336,CT0010047497,SHA1000,12,366195,0366195,Dettol Soap Herbal 72*90Gm,OU,S,CA,12,0,9028,125.39,1504.68,0,0,0,0,0,1504.68,0,240.75,1745.43,SOSHA1000000022,Invoice,Invoiced,14/03/2025,,,,,,,,,,,,,,12,Picked,Medium Supermarket-D,,,,,,,,
IN000978,7880336,CT0010050026,SHA1000,9,366195,0366195,Dettol Soap Herbal 72*90Gm,OU,S,CA,12,0,9028,125.39,1504.68,0,0,0,0,0,1504.68,0,240.75,1745.43,SOSHA1000000023,Invoice,Invoiced,14/03/2025,,,,,,,,,,,,,,12,Picked,Other Supermarts-D,,,,,,,,
IN000988,7880336,CT0010047804,SHA1001,2,366159,0366159,Dettol Soap Original 72*90Gm,OU,S,CA,12,0,9028,125.39,1504.68,0,0,0,0,0,1504.68,0,240.75,1745.43,SOSHA1001000172,Invoice,Invoiced,14/03/2025,,,,,,,,,,,,,,12,Picked,DTR Van-D,,,,,,,,
IN000990,7880336,CT0010047799,SHA1001,8,366159,0366159,Dettol Soap Original 72*90Gm,OU,S,CA,12,0,9028,125.39,1504.68,0,0,0,0,0,1504.68,0,240.75,1745.43,SOSHA1001000173,Invoice,Invoiced,14/03/2025,,,,,,,,,,,,,,12,Picked,DTR Van-D,,,,,,,,
IN001002,7880336,CT0010043988,SHA1003,2,366159,0366159,Dettol Soap Original 72*90Gm,OU,S,CA,12,0,9028,125.39,1504.68,0,0,0,0,0,1504.68,0,240.75,1745.43,SOSHA1003000183,Invoice,Invoiced,14/03/2025,,,,,,,,,,,,,,12,Picked,DTR Van-D,,,,,,,,
IN001004,7880336,CT0010054456,SHA1003,1,366159,0366159,Dettol Soap Original 72*90Gm,OU,S,CA,12,0,9028,125.39,1504.68,0,0,0,0,0,1504.68,0,240.75,1745.43,SOSHA1003000185,Invoice,Invoiced,14/03/2025,,,,,,,,,,,,,,12,Picked,DTR Van-D,,,,,,,,
IN001025,7880336,CT0010054461,SHA1005,3,366159,0366159,Dettol Soap Original 72*90Gm,OU,S,CA,12,0,9028,125.39,1504.68,0,0,0,0,0,1504.68,0,240.75,1745.43,SOSHA1005000121,Invoice,Invoiced,14/03/2025,,,,,,,,,,,,,,12,Picked,DTR Van-D,,,,,,,,
IN001029,7880336,CT0010054475,SHA1005,3,366177,0366177,Dettol Soap Skincare 72*90G,OU,S,CA,12,0,9028,125.39,1504.68,0,0,0,0,0,1504.68,0,240.75,1745.43,SOSHA1005000124,Invoice,Invoiced,14/03/2025,,,,,,,,,,,,,,12,Picked,DTR Van-D,,,,,,,,
IN001033,7880336,CT0010054482,SHA1005,3,366159,0366159,Dettol Soap Original 72*90Gm,OU,S,CA,12,0,9028,125.39,1504.68,0,0,0,0,0,1504.68,0,240.75,1745.43,SOSHA1005000131,Invoice,Invoiced,14/03/2025,,,,,,,,,,,,,,12,Picked,DTR Van-D,,,,,,,,
IN001054,7880336,CT0010054457,SHA1006,26,366159,0366159,Dettol Soap Original 72*90Gm,OU,S,CA,12,0,9028,125.39,1504.68,0,0,0,0,0,1504.68,0,240.75,1745.43,SOSHA1006000189,Invoice,Invoiced,14/03/2025,,,,,,,,,,,,,,12,Picked,DTR Van-D,,,,,,,,
IN001071,7880336,CT0010054015,SHA1001,1,366159,0366159,Dettol Soap Original 72*90Gm,OU,S,CA,12,0,9028,125.39,1504.68,0,0,0,0,0,1504.68,0,240.75,1745.43,SOSHA1001000184,Invoice,Invoiced,17/03/2025,,,,,,,,,,,,,,12,Picked,DTR Van-D,,,,,,,,
IN001076,7880336,CT0010045227,SHA1001,3,366159,0366159,Dettol Soap Original 72*90Gm,OU,S,CA,12,0,9028,125.39,1504.68,0,0,0,0,0,1504.68,0,240.75,1745.43,SOSHA1001000190,Invoice,Invoiced,17/03/2025,,,,,,,,,,,,,,12,Picked,DTR Van-D,,,,,,,,
IN001077,7880336,CT0010054009,SHA1001,4,366159,0366159,Dettol Soap Original 72*90Gm,OU,S,CA,12,0,9028,125.39,1504.68,0,0,0,0,0,1504.68,0,240.75,1745.43,SOSHA1001000191,Invoice,Invoiced,17/03/2025,,,,,,,,,,,,,,12,Picked,DTR Van-D,,,,,,,,
IN001097,7880336,CT0010045135,SHA1002,4,366159,0366159,Dettol Soap Original 72*90Gm,OU,S,CA,12,0,9028,125.39,1504.68,0,0,0,0,0,1504.68,0,240.75,1745.43,SOSHA1002000170,Invoice,Invoiced,17/03/2025,,,,,,,,,,,,,,12,Picked,DTR Van-D,,,,,,,,
IN001187,7880336,CT0010054595,SHA1002,1,366159,0366159,Dettol Soap Original 72*90Gm,OU,S,CA,12,0,9028,125.39,1504.68,0,0,0,0,0,1504.68,0,240.75,1745.43,SOSHA1002000190,Invoice,Invoiced,18/03/2025,,,,,,,,,,,,,,12,Picked,DTR Van-D,,,,,,,,
IN001188,7880336,CT0010045066,SHA1002,1,366159,0366159,Dettol Soap Original 72*90Gm,OU,S,CA,12,0,9028,125.39,1504.68,0,0,0,0,0,1504.68,0,240.75,1745.43,SOSHA1002000191,Invoice,Invoiced,18/03/2025,,,,,,,,,,,,,,12,Picked,DTR Van-D,,,,,,,,
IN001241,7880336,CT0010043426,SHA1005,1,366159,0366159,Dettol Soap Original 72*90Gm,OU,S,CA,12,0,9028,125.39,1504.68,0,0,0,0,0,1504.68,0,240.75,1745.43,SOSHA1005000166,Invoice,Invoiced,18/03/2025,,,,,,,,,,,,,,12,Picked,DTR Van-D,,,,,,,,
IN001248,7880336,CT0010054042,SHA1005,1,366159,0366159,Dettol Soap Original 72*90Gm,OU,S,CA,12,0,9028,125.39,1504.68,0,0,0,0,0,1504.68,0,240.75,1745.43,SOSHA1005000173,Invoice,Invoiced,18/03/2025,,,,,,,,,,,,,,12,Picked,DTR Van,,,,,,,,
IN001251,7880336,CT0010054612,SHA1005,2,366159,0366159,Dettol Soap Original 72*90Gm,OU,S,CA,12,0,9028,125.39,1504.68,0,0,0,0,0,1504.68,0,240.75,1745.43,SOSHA1005000176,Invoice,Invoiced,18/03/2025,,,,,,,,,,,,,,12,Picked,DTR Van-D,,,,,,,,
IN001288,7880336,CT0010041892,SHA1000,8,366159,0366159,Dettol Soap Original 72*90Gm,OU,S,CA,12,0,9028,125.39,1504.68,0,0,0,0,0,1504.68,0,240.75,1745.43,SOSHA1000000030,Invoice,Invoiced,20/03/2025,,,,,,,,,,,,,,12,Picked,DTR Van-D,,,,,,,,
IN001300,7880336,CT0010046730,SHA1001,5,366159,0366159,Dettol Soap Original 72*90Gm,OU,S,CA,12,0,9028,125.39,1504.68,0,0,0,0,0,1504.68,0,240.75,1745.43,SOSHA1001000221,Invoice,Invoiced,20/03/2025,,,,,,,,,,,,,,12,Picked,DTR Van-D,,,,,,,,
IN001365,7880336,CT0010054664,SHA1005,1,366159,0366159,Dettol Soap Original 72*90Gm,OU,S,CA,12,0,9028,125.39,1504.68,0,0,0,0,0,1504.68,0,240.75,1745.43,SOSHA1005000187,Invoice,Invoiced,20/03/2025,,,,,,,,,,,,,,12,Picked,DTR Van-D,,,,,,,,
IN001373,7880336,CT0010054657,SHA1005,1,366159,0366159,Dettol Soap Original 72*90Gm,OU,S,CA,12,0,9028,125.39,1504.68,0,0,0,0,0,1504.68,0,240.75,1745.43,SOSHA1005000185,Invoice,Invoiced,20/03/2025,,,,,,,,,,,,,,12,Picked,DTR Van-D,,,,,,,,
IN001412,7880336,CT0010046786,SHA1001,1,366159,0366159,Dettol Soap Original 72*90Gm,OU,S,CA,12,0,9028,125.39,1504.68,0,0,0,0,0,1504.68,0,240.75,1745.43,SOSHA1001000231,Invoice,Invoiced,21/03/2025,,,,,,,,,,,,,,12,Picked,DTR Van-D,,,,,,,,
IN001414,7880336,CT0010046519,SHA1001,1,366159,0366159,Dettol Soap Original 72*90Gm,OU,S,CA,12,0,9028,125.39,1504.68,0,0,0,0,0,1504.68,0,240.75,1745.43,SOSHA1001000234,Invoice,Invoiced,21/03/2025,,,,,,,,,,,,,,12,Picked,DTR Van-D,,,,,,,,
IN001416,7880336,CT0010046673,SHA1001,1,366159,0366159,Dettol Soap Original 72*90Gm,OU,S,CA,12,0,9028,125.39,1504.68,0,0,0,0,0,1504.68,0,240.75,1745.43,SOSHA1001000236,Invoice,Invoiced,21/03/2025,,,,,,,,,,,,,,12,Picked,DTR Van-D,,,,,,,,
IN001439,7880336,CT0010042491,SHA1003,3,366159,0366159,Dettol Soap Original 72*90Gm,OU,S,CA,12,0,9028,125.39,1504.68,0,0,0,0,0,1504.68,0,240.75,1745.43,SOSHA1003000236,Invoice,Invoiced,21/03/2025,,,,,,,,,,,,,,12,Picked,DTR Van-D,,,,,,,,
IN000292,7880336,CT0010047432,SHA1002,2,349291,0349291,Mortein Doom P.Gard Aik Lemon 12*180Ml,OU,S,CA,3,0,6112.85,509.4,1528.2,0,0,0,0,0,1528.2,0,244.51,1772.71,SOSHA1002000061,Invoice,Invoiced,06/03/2025,,,,,,,,,,,,,,3,Picked,DTR Van-D,,,,,,,,
IN000908,7880336,CT0010047872,SHA1001,1,349291,0349291,Mortein Doom P.Gard Aik Lemon 12*180Ml,OU,S,CA,3,0,6112.85,509.4,1528.2,0,0,0,0,0,1528.2,0,244.51,1772.71,SOSHA1001000155,Invoice,Invoiced,13/03/2025,,,,,,,,,,,,,,3,Picked,DTR Van-D,,,,,,,,
IN001315,7880336,CT0010047432,SHA1002,2,349291,0349291,Mortein Doom P.Gard Aik Lemon 12*180Ml,OU,S,CA,3,0,6112.85,509.4,1528.2,0,0,0,0,0,1528.2,0,244.51,1772.71,SOSHA1002000223,Invoice,Invoiced,20/03/2025,,,,,,,,,,,,,,3,Picked,DTR Van-D,,,,,,,,
IN001413,7880336,CT0010046658,SHA1001,1,331051,0331051,Mortein Doom Powergard Aiko  12*180Ml,OU,S,CA,3,0,6112.85,509.4,1528.2,0,0,0,0,0,1528.2,0,244.51,1772.71,SOSHA1001000232,Invoice,Invoiced,21/03/2025,,,,,,,,,,,,,,3,Picked,DTR Van-D,,,,,,,,
IN001061,7880336,CT0010047714,SHA1000,4,3012868,3012868,Jik Colours 70Ml *144,OU,S,CA,48,0,4597.7,31.93,1532.64,0,0,0,0,0,1532.64,0,245.22,1777.86,SOSHA1000000025,Invoice,Invoiced,17/03/2025,,,,,,,,,,,,,,48,Picked,DTR Van-D,,,,,,,,
IN001288,7880336,CT0010041892,SHA1000,7,384666,0384666,Jik Bleach 2.25Lt *6,OU,S,CA,2,0,4618.23,769.71,1539.42,0,0,0,0,0,1539.42,0,246.31,1785.73,SOSHA1000000030,Invoice,Invoiced,20/03/2025,,,,,,,,,,,,,,2,Picked,DTR Van-D,,,,,,,,
IN000740,7880336,CT0010042942,SHA1001,14,3299175,3299175,Dettol soap Pome 165g,EA,S,EA,8,0,220,220,1760,26.4,211.2,0,0,211.2,1548.8,0,247.81,1796.61,SOSHA1001000132,Invoice,Invoiced,11/03/2025,,,,,,,,,,,,,,8,Picked,DTR Van-D,,,,,,,,
IN000740,7880336,CT0010042942,SHA1001,15,3299176,3299176,Dettol soap Eventone 165g,EA,S,EA,8,0,220,220,1760,26.4,211.2,0,0,211.2,1548.8,0,247.81,1796.61,SOSHA1001000132,Invoice,Invoiced,11/03/2025,,,,,,,,,,,,,,8,Picked,DTR Van-D,,,,,,,,
IN000223,7880336,CT0010045088,SHA1002,3,299714,0299714,Harpic Power Plus 200Ml *36,OU,S,CA,12,0,4655,129.31,1551.72,0,0,0,0,0,1551.72,0,248.28,1800,SOSHA1002000047,Invoice,Invoiced,05/03/2025,,,,,,,,,,,,,,12,Picked,DTR Van-D,,,,,,,,
IN000245,7880336,CT0010044655,SHA1004,3,299714,0299714,Harpic Power Plus 200Ml *36,OU,S,CA,12,0,4655,129.31,1551.72,0,0,0,0,0,1551.72,0,248.28,1800,SOSHA1004000020,Invoice,Invoiced,05/03/2025,,,,,,,,,,,,,,12,Picked,DTR Van-D,,,,,,,,
IN000247,7880336,CT0010044654,SHA1004,5,299714,0299714,Harpic Power Plus 200Ml *36,OU,S,CA,12,0,4655,129.31,1551.72,0,0,0,0,0,1551.72,0,248.28,1800,SOSHA1004000024,Invoice,Invoiced,05/03/2025,,,,,,,,,,,,,,12,Picked,DTR Van-D,,,,,,,,
IN000259,7880336,CT0010054033,SHA1006,7,299714,0299714,Harpic Power Plus 200Ml *36,OU,S,CA,12,0,4655,129.31,1551.72,0,0,0,0,0,1551.72,0,248.28,1800,SOSHA1006000068,Invoice,Invoiced,05/03/2025,,,,,,,,,,,,,,12,Picked,DTR Van-A,,,,,,,,
IN000281,7880336,CT0010054064,SHA1001,5,299714,0299714,Harpic Power Plus 200Ml *36,OU,S,CA,12,0,4655,129.31,1551.72,0,0,0,0,0,1551.72,0,248.28,1800,SOSHA1001000048,Invoice,Invoiced,06/03/2025,,,,,,,,,,,,,,12,Picked,DTR Van-D,,,,,,,,
IN000405,7880336,CT0010054134,SHA1002,1,299714,0299714,Harpic Power Plus 200Ml *36,OU,S,CA,12,0,4655,129.31,1551.72,0,0,0,0,0,1551.72,0,248.28,1800,SOSHA1002000090,Invoice,Invoiced,06/03/2025,,,,,,,,,,,,,,12,Picked,DTR Van-D,,,,,,,,
IN000436,7880336,CT0010054102,SHA1004,7,299714,0299714,Harpic Power Plus 200Ml *36,OU,S,CA,12,0,4655,129.31,1551.72,0,0,0,0,0,1551.72,0,248.28,1800,SOSHA1004000053,Invoice,Invoiced,06/03/2025,,,,,,,,,,,,,,12,Picked,DTR Van-A,,,,,,,,
IN001062,7880336,CT0010043148,SHA1000,5,299714,0299714,Harpic Power Plus 200Ml *36,OU,S,CA,12,0,4655,129.31,1551.72,0,0,0,0,0,1551.72,0,248.28,1800,SOSHA1000000026,Invoice,Invoiced,17/03/2025,,,,,,,,,,,,,,12,Picked,Other Supermarts-D,,,,,,,,
IN000284,7880336,CT0010054091,SHA1001,1,3286535,3286535,HARPIC POWERPLUS 100ML,CA,S,CA,1,0,1552,1552,1552,0,0,0,0,0,1552,0,248.32,1800.32,SOSHA1001000051,Invoice,Invoiced,06/03/2025,,,,,,,,,,,,,,36,Picked,DTR Van-D,,,,,,,,
IN000174,7880336,CT0010045388,SHA1004,3,384658,0384658,Jik Bleach Regular 250Ml *18,OU,S,CA,12,0,2355.3,130.85,1570.2,0,0,0,0,0,1570.2,0,251.23,1821.43,SOSHA1004000011,Invoice,Invoiced,04/03/2025,,,,,,,,,,,,,,12,Picked,DTR Van-D,,,,,,,,
IN000182,7880336,CT0010043187,SHA1005,2,384658,0384658,Jik Bleach Regular 250Ml *18,OU,S,CA,12,0,2355.3,130.85,1570.2,0,0,0,0,0,1570.2,0,251.23,1821.43,SOSHA1005000019,Invoice,Invoiced,04/03/2025,,,,,,,,,,,,,,12,Picked,DTR Van-D,,,,,,,,
IN000259,7880336,CT0010054033,SHA1006,4,384658,0384658,Jik Bleach Regular 250Ml *18,OU,S,CA,12,0,2355.3,130.85,1570.2,0,0,0,0,0,1570.2,0,251.23,1821.43,SOSHA1006000068,Invoice,Invoiced,05/03/2025,,,,,,,,,,,,,,12,Picked,DTR Van-A,,,,,,,,
IN000351,7880336,CT0010054084,SHA1006,3,384658,0384658,Jik Bleach Regular 250Ml *18,OU,S,CA,12,0,2355.3,130.85,1570.2,0,0,0,0,0,1570.2,0,251.23,1821.43,SOSHA1006000082,Invoice,Invoiced,06/03/2025,,,,,,,,,,,,,,12,Picked,DTR Van-A,,,,,,,,
IN000366,7880336,CT0010054109,SHA1006,3,384658,0384658,Jik Bleach Regular 250Ml *18,OU,S,CA,12,0,2355.3,130.85,1570.2,0,0,0,0,0,1570.2,0,251.23,1821.43,SOSHA1006000096,Invoice,Invoiced,06/03/2025,,,,,,,,,,,,,,12,Picked,DTR Van-A,,,,,,,,
IN000450,7880336,CT0010054103,SHA1005,1,384658,0384658,Jik Bleach Regular 250Ml *18,OU,S,CA,12,0,2355.3,130.85,1570.2,0,0,0,0,0,1570.2,0,251.23,1821.43,SOSHA1005000046,Invoice,Invoiced,06/03/2025,,,,,,,,,,,,,,12,Picked,DTR Van-D,,,,,,,,
IN000556,7880336,CT0010054194,SHA1005,2,384658,0384658,Jik Bleach Regular 250Ml *18,OU,S,CA,12,0,2355.3,130.85,1570.2,0,0,0,0,0,1570.2,0,251.23,1821.43,SOSHA1005000063,Invoice,Invoiced,08/03/2025,,,,,,,,,,,,,,12,Picked,DTR Van-D,,,,,,,,
IN000568,7880336,CT0010054205,SHA1006,2,384658,0384658,Jik Bleach Regular 250Ml *18,OU,S,CA,12,0,2355.3,130.85,1570.2,0,0,0,0,0,1570.2,0,251.23,1821.43,SOSHA1006000119,Invoice,Invoiced,08/03/2025,,,,,,,,,,,,,,12,Picked,DTR Van-D,,,,,,,,
IN000629,7880336,CT0010045992,SHA1002,1,384675,0384675,Jik Lemon 250Ml *18,OU,S,CA,12,0,2355.3,130.85,1570.2,0,0,0,0,0,1570.2,0,251.23,1821.43,SOSHA1002000123,Invoice,Invoiced,10/03/2025,,,,,,,,,,,,,,12,Picked,DTR Van-D,,,,,,,,
IN000793,7880336,CT0010054326,SHA1002,2,384658,0384658,Jik Bleach Regular 250Ml *18,OU,S,CA,12,0,2355.3,130.85,1570.2,0,0,0,0,0,1570.2,0,251.23,1821.43,SOSHA1002000138,Invoice,Invoiced,11/03/2025,,,,,,,,,,,,,,12,Picked,DTR Van-D,,,,,,,,
IN001066,7880336,CT0010054524,SHA1001,3,384658,0384658,Jik Bleach Regular 250Ml *18,OU,S,CA,12,0,2355.3,130.85,1570.2,0,0,0,0,0,1570.2,0,251.23,1821.43,SOSHA1001000179,Invoice,Invoiced,17/03/2025,,,,,,,,,,,,,,12,Picked,DTR Van-D,,,,,,,,
IN001288,7880336,CT0010041892,SHA1000,16,3299175,3299175,Dettol soap Pome 165g,EA,S,EA,8,0,220,220,1760,21.6,172.8,0,0,172.8,1587.2,0,253.95,1841.15,SOSHA1000000030,Invoice,Invoiced,20/03/2025,,,,,,,,,,,,,,8,Picked,DTR Van-D,,,,,,,,
IN001301,7880336,CT0010046600,SHA1001,18,3299175,3299175,Dettol soap Pome 165g,EA,S,EA,8,0,220,220,1760,21.6,172.8,0,0,172.8,1587.2,0,253.95,1841.15,SOSHA1001000222,Invoice,Invoiced,20/03/2025,,,,,,,,,,,,,,8,Picked,DTR Van-D,,,,,,,,
IN001301,7880336,CT0010046600,SHA1001,19,3299176,3299176,Dettol soap Eventone 165g,EA,S,EA,8,0,220,220,1760,21.6,172.8,0,0,172.8,1587.2,0,253.95,1841.15,SOSHA1001000222,Invoice,Invoiced,20/03/2025,,,,,,,,,,,,,,8,Picked,DTR Van-D,,,,,,,,
IN000189,7880336,CT0010043533,SHA1007,1,238167,0238167,Jik Bleach Regular 70Ml *144,OU,S,CA,72,0,3218.39,22.35,1609.2,0,0,0,0,0,1609.2,0,257.47,1866.67,SOSHA1007000030,Invoice,Invoiced,04/03/2025,,,,,,,,,,,,,,72,Picked,DTR Van-D,,,,,,,,
IN000903,7880336,CT0010054388,SHA1000,12,8132342,8132342,Dettol Shower Gel Cool 12*250Ml,OU,S,CA,5,0,3890,324.17,1620.85,0,0,0,0,0,1620.85,0,259.34,1880.19,SOSHA1000000018,Invoice,Invoiced,13/03/2025,,,,,,,,,,,,,,5,Picked,Medium Supermarket-D,,,,,,,,
IN000967,7880336,CT0010054413,SHA1007,3,8158006,8158006,HARPIC POWER PLUS  TWINPACK 12*500ML,EA,S,CA,2,0,9790.64,815.89,1631.78,0,0,0,0,0,1631.78,0,261.08,1892.86,SOSHA1007000152,Invoice,Invoiced,13/03/2025,,,,,,,,,,,,,,2,Picked,DTR Van-D,,,,,,,,
IN000629,7880336,CT0010045992,SHA1002,2,366165,0366165,Dettol Soap Original 48*175G,OU,S,CA,8,0,11184,233,1864,1342.08,223.68,0,0,223.68,1640.32,0,262.45,1902.77,SOSHA1002000123,Invoice,Invoiced,10/03/2025,,,,,,,,,,,,,,8,Picked,DTR Van-D,,,,,,,,
IN000629,7880336,CT0010045992,SHA1002,4,366196,0366196,Dettol Soap Herbal 48*175G,OU,S,CA,8,0,11184,233,1864,1342.08,223.68,0,0,223.68,1640.32,0,262.45,1902.77,SOSHA1002000123,Invoice,Invoiced,10/03/2025,,,,,,,,,,,,,,8,Picked,DTR Van-D,,,,,,,,
IN000629,7880336,CT0010045992,SHA1002,6,3299087,3299087,Dettol soap Skincare 165g,EA,S,EA,8,0,233,233,1864,27.96,223.68,0,0,223.68,1640.32,0,262.45,1902.77,SOSHA1002000123,Invoice,Invoiced,10/03/2025,,,,,,,,,,,,,,8,Picked,DTR Van-D,,,,,,,,
IN000740,7880336,CT0010042942,SHA1001,12,366165,0366165,Dettol Soap Original 48*175G,OU,S,CA,8,0,11184,233,1864,1342.08,223.68,0,0,223.68,1640.32,0,262.45,1902.77,SOSHA1001000132,Invoice,Invoiced,11/03/2025,,,,,,,,,,,,,,8,Picked,DTR Van-D,,,,,,,,
IN000837,7880336,CT0010054382,SHA1004,2,366165,0366165,Dettol Soap Original 48*175G,OU,S,CA,8,0,11184,233,1864,1342.08,223.68,0,0,223.68,1640.32,0,262.45,1902.77,SOSHA1004000136,Invoice,Invoiced,12/03/2025,,,,,,,,,,,,,,8,Picked,DTR Van-A,,,,,,,,
IN000989,7880336,CT0010047784,SHA1001,4,366165,0366165,Dettol Soap Original 48*175G,OU,S,CA,8,0,11184,233,1864,1271.46,211.91,0,0,211.91,1652.09,0,264.33,1916.42,SOSHA1001000168,Invoice,Invoiced,14/03/2025,,,,,,,,,,,,,,8,Picked,DTR Van-D,,,,,,,,
IN001301,7880336,CT0010046600,SHA1001,15,3299074,3299074,Dettol soap Herbal 165g,EA,S,EA,8,0,233,233,1864,22.8763,183.01,0,0,183.01,1680.99,0,268.96,1949.95,SOSHA1001000222,Invoice,Invoiced,20/03/2025,,,,,,,,,,,,,,8,Picked,DTR Van-D,,,,,,,,
IN001301,7880336,CT0010046600,SHA1001,16,3299086,3299086,Dettol soap cool 165g,EA,S,EA,8,0,233,233,1864,22.8763,183.01,0,0,183.01,1680.99,0,268.96,1949.95,SOSHA1001000222,Invoice,Invoiced,20/03/2025,,,,,,,,,,,,,,8,Picked,DTR Van-D,,,,,,,,
IN001301,7880336,CT0010046600,SHA1001,17,3299087,3299087,Dettol soap Skincare 165g,EA,S,EA,8,0,233,233,1864,22.8763,183.01,0,0,183.01,1680.99,0,268.96,1949.95,SOSHA1001000222,Invoice,Invoiced,20/03/2025,,,,,,,,,,,,,,8,Picked,DTR Van-D,,,,,,,,
IN000135,7880336,CT0010045474,SHA1002,1,349130,0349130,Mortein Doom P.Gard Aik Lemon 12*100Ml,CA,S,CA,1,0,2163.01,2163.01,2163.01,179.53,179.53,0,0,179.53,1983.48,0,0,1983.48,SOSHA1002000026,Invoice,Invoiced,04/03/2025,,,,,,,,,,,,,,12,Unpick,DTR Van-D,,,,,,,,
IN001153,7880336,CT0010054581,SHA1006,1,349130,0349130,Mortein Doom P.Gard Aik Lemon 12*100Ml,CA,S,CA,1,0,2163.01,2163.01,2163.01,179.53,179.53,0,0,179.53,1983.48,0,0,1983.48,SOSHA1006000224,Invoice,Invoiced,17/03/2025,,,,,,,,,,,,,,12,Picked,DTR Van-D,,,,,,,,
IN000788,7880336,CT0010054309,SHA1007,2,384686,0384686,Jik Colours 750Ml *18,OU,S,CA,3,0,10391.01,577.28,1731.84,0,0,0,0,0,1731.84,0,277.09,2008.93,SOSHA1007000127,Invoice,Invoiced,11/03/2025,,,,,,,,,,,,,,3,Picked,DTR Van-D,,,,,,,,
IN001168,7880336,CT0010054044,SHA1001,2,384686,0384686,Jik Colours 750Ml *18,OU,S,CA,3,0,10391.01,577.28,1731.84,0,0,0,0,0,1731.84,0,277.09,2008.93,SOSHA1001000193,Invoice,Invoiced,18/03/2025,,,,,,,,,,,,,,3,Picked,DTR Van-D,,,,,,,,
IN000990,7880336,CT0010047799,SHA1001,9,366165,0366165,Dettol Soap Original 48*175G,OU,S,CA,8,0,11184,233,1864,671.04,111.84,0,0,111.84,1752.16,0,280.35,2032.51,SOSHA1001000173,Invoice,Invoiced,14/03/2025,,,,,,,,,,,,,,8,Picked,DTR Van-D,,,,,,,,
IN001385,7880336,CT0010043553,SHA1006,1,366165,0366165,Dettol Soap Original 48*175G,OU,S,CA,8,0,11184,233,1864,671.04,111.84,0,0,111.84,1752.16,0,280.35,2032.51,SOSHA1006000248,Invoice,Invoiced,20/03/2025,,,,,,,,,,,,,,8,Picked,DTR Van-D,,,,,,,,
IN000130,7880336,CT0010047799,SHA1001,4,3049807,3049807,DETTOL LIQUID 24*500ML,OU,S,CA,2,0,25508,1062.83,2125.66,0,0,0,0,0,2125.66,0,0,2125.66,SOSHA1001000001,Invoice,Invoiced,04/03/2025,,,,,,,,,,,,,,2,Unpick,DTR Van-D,,,,,,,,
IN000837,7880336,CT0010054382,SHA1004,1,384663,0384663,Jik Bleach 1.5L(New Pack) *8,OU,S,CA,3,0,4926.11,615.76,1847.28,0,0,0,0,0,1847.28,0,295.56,2142.84,SOSHA1004000136,Invoice,Invoiced,12/03/2025,,,,,,,,,,,,,,3,Picked,DTR Van-A,,,,,,,,
IN000903,7880336,CT0010054388,SHA1000,56,3132947,3132947,HARPIC TETRIS ITB FOREST DEW 35G,CA,S,CA,2,0,926.72,926.72,1853.44,0,0,0,0,0,1853.44,0,296.55,2149.99,SOSHA1000000018,Invoice,Invoiced,13/03/2025,,,,,,,,,,,,,,12,Picked,Medium Supermarket-D,,,,,,,,
IN000977,7880336,CT0010047497,SHA1000,18,3132946,3132946,HARPIC TETRIS ITB MARINE SPLASH 6*35G,CA,S,CA,2,0,926.72,926.72,1853.44,0,0,0,0,0,1853.44,0,296.55,2149.99,SOSHA1000000022,Invoice,Invoiced,14/03/2025,,,,,,,,,,,,,,12,Picked,Medium Supermarket-D,,,,,,,,
IN001287,7880336,CT0010047503,SHA1000,51,3119322,3119322,HARPIC TETRIS ITB BLOCKS LAVENDER MEADOWS 6*35G,CA,S,CA,2,0,926.72,926.72,1853.44,0,0,0,0,0,1853.44,0,296.55,2149.99,SOSHA1000000029,Invoice,Invoiced,20/03/2025,,,,,,,,,,,,,,12,Picked,Medium Supermarket-D,,,,,,,,
IN000181,7880336,CT0010043510,SHA1002,4,366165,0366165,Dettol Soap Original 48*175G,OU,S,CA,8,0,11184,233,1864,0,0,0,0,0,1864,0,298.24,2162.24,SOSHA1002000039,Invoice,Invoiced,04/03/2025,,,,,,,,,,,,,,8,Picked,DTR Van-D,,,,,,,,
IN000181,7880336,CT0010043510,SHA1002,5,366196,0366196,Dettol Soap Herbal 48*175G,OU,S,CA,8,0,11184,233,1864,0,0,0,0,0,1864,0,298.24,2162.24,SOSHA1002000039,Invoice,Invoiced,04/03/2025,,,,,,,,,,,,,,8,Picked,DTR Van-D,,,,,,,,
IN000359,7880336,CT0010054087,SHA1006,2,349130,0349130,Mortein Doom P.Gard Aik Lemon 12*100Ml,CA,S,CA,1,0,2163.01,2163.01,2163.01,0,0,0,0,0,2163.01,0,0,2163.01,SOSHA1006000089,Invoice,Invoiced,06/03/2025,,,,,,,,,,,,,,12,Picked,DTR Van-A,,,,,,,,
IN000758,7880336,CT0010043745,SHA1003,9,384677,0384677,Jik Lemon 750Ml *18,OU,S,CA,6,0,5957.51,330.97,1985.82,357.45,119.15,0,0,119.15,1866.67,0,298.67,2165.34,SOSHA1003000132,Invoice,Invoiced,11/03/2025,,,,,,,,,,,,,,6,Picked,DTR Van-D,,,,,,,,
IN000779,7880336,CT0010044846,SHA1007,2,384660,0384660,Jik Bleach Regular 750Ml *18,OU,S,CA,6,0,5957.51,330.97,1985.82,357.45,119.15,0,0,119.15,1866.67,0,298.67,2165.34,SOSHA1007000124,Invoice,Invoiced,11/03/2025,,,,,,,,,,,,,,6,Picked,DTR Van-D,,,,,,,,
IN001082,7880336,CT0010043494,SHA1002,2,384660,0384660,Jik Bleach Regular 750Ml *18,OU,S,CA,6,0,5957.51,330.97,1985.82,357.45,119.15,0,0,119.15,1866.67,0,298.67,2165.34,SOSHA1002000174,Invoice,Invoiced,17/03/2025,,,,,,,,,,,,,,6,Picked,DTR Van-D,,,,,,,,
IN001195,7880336,CT0010045045,SHA1002,1,384660,0384660,Jik Bleach Regular 750Ml *18,OU,S,CA,6,0,5957.51,330.97,1985.82,357.45,119.15,0,0,119.15,1866.67,0,298.67,2165.34,SOSHA1002000200,Invoice,Invoiced,18/03/2025,,,,,,,,,,,,,,6,Picked,DTR Van-D,,,,,,,,
IN000151,7880336,CT0010054009,SHA1001,12,3249064,3249064,DETTOL SOAP HERBAL 125G,OU,S,CA,12,0,11285.27,156.74,1880.88,0,0,0,0,0,1880.88,0,300.94,2181.82,SOSHA1001000016,Invoice,Invoiced,04/03/2025,,,,,,,,,,,,,,12,Picked,DTR Van-D,,,,,,,,
IN000151,7880336,CT0010054009,SHA1001,13,3249065,3249065,DETTOL SOAP COOL 125G,OU,S,CA,12,0,11285.27,156.74,1880.88,0,0,0,0,0,1880.88,0,300.94,2181.82,SOSHA1001000016,Invoice,Invoiced,04/03/2025,,,,,,,,,,,,,,12,Picked,DTR Van-D,,,,,,,,
IN000328,7880336,CT0010041564,SHA1003,13,3249064,3249064,DETTOL SOAP HERBAL 125G,OU,S,CA,12,0,11285.27,156.74,1880.88,0,0,0,0,0,1880.88,0,300.94,2181.82,SOSHA1003000071,Invoice,Invoiced,06/03/2025,,,,,,,,,,,,,,12,Picked,DTR Van-D,,,,,,,,
IN000681,7880336,CT0010042500,SHA1006,7,3249064,3249064,DETTOL SOAP HERBAL 125G,OU,S,CA,12,0,11285.27,156.74,1880.88,0,0,0,0,0,1880.88,0,300.94,2181.82,SOSHA1006000134,Invoice,Invoiced,10/03/2025,,,,,,,,,,,,,,12,Picked,DTR Van-D,,,,,,,,
IN000721,7880336,CT0010054234,SHA1000,14,3249064,3249064,DETTOL SOAP HERBAL 125G,OU,S,CA,12,0,11285.27,156.74,1880.88,0,0,0,0,0,1880.88,0,300.94,2181.82,SOSHA1000000014,Invoice,Invoiced,11/03/2025,,,,,,,,,,,,,,12,Picked,Other Supermarts-D,,,,,,,,
IN000823,7880336,CT0010041963,SHA1001,3,3249063,3249063,DETTOL SOAP SKINCARE 125G,OU,S,CA,12,0,11285.27,156.74,1880.88,0,0,0,0,0,1880.88,0,300.94,2181.82,SOSHA1001000148,Invoice,Invoiced,12/03/2025,,,,,,,,,,,,,,12,Picked,DTR Van-D,,,,,,,,
IN000823,7880336,CT0010041963,SHA1001,4,3249065,3249065,DETTOL SOAP COOL 125G,OU,S,CA,12,0,11285.27,156.74,1880.88,0,0,0,0,0,1880.88,0,300.94,2181.82,SOSHA1001000148,Invoice,Invoiced,12/03/2025,,,,,,,,,,,,,,12,Picked,DTR Van-D,,,,,,,,
IN000962,7880336,CT0010054433,SHA1006,28,3249063,3249063,DETTOL SOAP SKINCARE 125G,OU,S,CA,12,0,11285.27,156.74,1880.88,0,0,0,0,0,1880.88,0,300.94,2181.82,SOSHA1006000186,Invoice,Invoiced,13/03/2025,,,,,,,,,,,,,,12,Picked,DTR Van-D,,,,,,,,
IN000962,7880336,CT0010054433,SHA1006,29,3249064,3249064,DETTOL SOAP HERBAL 125G,OU,S,CA,12,0,11285.27,156.74,1880.88,0,0,0,0,0,1880.88,0,300.94,2181.82,SOSHA1006000186,Invoice,Invoiced,13/03/2025,,,,,,,,,,,,,,12,Picked,DTR Van-D,,,,,,,,
IN000962,7880336,CT0010054433,SHA1006,30,3249065,3249065,DETTOL SOAP COOL 125G,OU,S,CA,12,0,11285.27,156.74,1880.88,0,0,0,0,0,1880.88,0,300.94,2181.82,SOSHA1006000186,Invoice,Invoiced,13/03/2025,,,,,,,,,,,,,,12,Picked,DTR Van-D,,,,,,,,
IN001054,7880336,CT0010054457,SHA1006,34,3249063,3249063,DETTOL SOAP SKINCARE 125G,OU,S,CA,12,0,11285.27,156.74,1880.88,0,0,0,0,0,1880.88,0,300.94,2181.82,SOSHA1006000189,Invoice,Invoiced,14/03/2025,,,,,,,,,,,,,,12,Picked,DTR Van-D,,,,,,,,
IN001054,7880336,CT0010054457,SHA1006,35,3249064,3249064,DETTOL SOAP HERBAL 125G,OU,S,CA,12,0,11285.27,156.74,1880.88,0,0,0,0,0,1880.88,0,300.94,2181.82,SOSHA1006000189,Invoice,Invoiced,14/03/2025,,,,,,,,,,,,,,12,Picked,DTR Van-D,,,,,,,,
IN001078,7880336,CT0010043496,SHA1000,17,3249063,3249063,DETTOL SOAP SKINCARE 125G,OU,S,CA,12,0,11285.27,156.74,1880.88,0,0,0,0,0,1880.88,0,300.94,2181.82,SOSHA1000000024,Invoice,Invoiced,17/03/2025,,,,,,,,,,,,,,12,Picked,DTR Van-D,,,,,,,,
IN001078,7880336,CT0010043496,SHA1000,18,3249064,3249064,DETTOL SOAP HERBAL 125G,OU,S,CA,12,0,11285.27,156.74,1880.88,0,0,0,0,0,1880.88,0,300.94,2181.82,SOSHA1000000024,Invoice,Invoiced,17/03/2025,,,,,,,,,,,,,,12,Picked,DTR Van-D,,,,,,,,
IN001078,7880336,CT0010043496,SHA1000,19,3249065,3249065,DETTOL SOAP COOL 125G,OU,S,CA,12,0,11285.27,156.74,1880.88,0,0,0,0,0,1880.88,0,300.94,2181.82,SOSHA1000000024,Invoice,Invoiced,17/03/2025,,,,,,,,,,,,,,12,Picked,DTR Van-D,,,,,,,,
IN001300,7880336,CT0010046730,SHA1001,13,3249064,3249064,DETTOL SOAP HERBAL 125G,OU,S,CA,12,0,11285.27,156.74,1880.88,0,0,0,0,0,1880.88,0,300.94,2181.82,SOSHA1001000221,Invoice,Invoiced,20/03/2025,,,,,,,,,,,,,,12,Picked,DTR Van-D,,,,,,,,
IN001300,7880336,CT0010046730,SHA1001,14,3249065,3249065,DETTOL SOAP COOL 125G,OU,S,CA,12,0,11285.27,156.74,1880.88,0,0,0,0,0,1880.88,0,300.94,2181.82,SOSHA1001000221,Invoice,Invoiced,20/03/2025,,,,,,,,,,,,,,12,Picked,DTR Van-D,,,,,,,,
IN001386,7880336,CT0010046928,SHA1007,5,3249063,3249063,DETTOL SOAP SKINCARE 125G,OU,S,CA,12,0,11285.27,156.74,1880.88,0,0,0,0,0,1880.88,0,300.94,2181.82,SOSHA1007000190,Invoice,Invoiced,20/03/2025,,,,,,,,,,,,,,12,Picked,DTR Van-D,,,,,,,,
IN000142,7880336,CT0010043148,SHA1000,4,3049805,3049805,DETTOL LIQUID 72*125ML,OU,S,CA,6,0,22571,313.49,1880.94,0,0,0,0,0,1880.94,0,300.95,2181.89,SOSHA1000000011,Invoice,Invoiced,04/03/2025,,,,,,,,,,,,,,6,Picked,Other Supermarts-D,,,,,,,,
IN000373,7880336,CT0010046991,SHA1007,1,3049805,3049805,DETTOL LIQUID 72*125ML,OU,S,CA,6,0,22571,313.49,1880.94,0,0,0,0,0,1880.94,0,300.95,2181.89,SOSHA1007000046,Invoice,Invoiced,06/03/2025,,,,,,,,,,,,,,6,Picked,DTR Van-D,,,,,,,,
IN000413,7880336,CT0010047020,SHA1002,2,3049805,3049805,DETTOL LIQUID 72*125ML,OU,S,CA,6,0,22571,313.49,1880.94,0,0,0,0,0,1880.94,0,300.95,2181.89,SOSHA1002000089,Invoice,Invoiced,06/03/2025,,,,,,,,,,,,,,6,Picked,DTR Van-D,,,,,,,,
IN000452,7880336,CT0010054115,SHA1005,2,3049805,3049805,DETTOL LIQUID 72*125ML,OU,S,CA,6,0,22571,313.49,1880.94,0,0,0,0,0,1880.94,0,300.95,2181.89,SOSHA1005000050,Invoice,Invoiced,06/03/2025,,,,,,,,,,,,,,6,Picked,DTR Van-D,,,,,,,,
IN000710,7880336,CT0010042980,SHA1001,1,3049805,3049805,DETTOL LIQUID 72*125ML,OU,S,CA,6,0,22571,313.49,1880.94,0,0,0,0,0,1880.94,0,300.95,2181.89,SOSHA1001000115,Invoice,Invoiced,11/03/2025,,,,,,,,,,,,,,6,Picked,DTR Van-D,,,,,,,,
IN000729,7880336,CT0010045164,SHA1002,2,3049805,3049805,DETTOL LIQUID 72*125ML,OU,S,CA,6,0,22571,313.49,1880.94,0,0,0,0,0,1880.94,0,300.95,2181.89,SOSHA1002000134,Invoice,Invoiced,11/03/2025,,,,,,,,,,,,,,6,Picked,DTR Van-D,,,,,,,,
IN000740,7880336,CT0010042942,SHA1001,7,3049805,3049805,DETTOL LIQUID 72*125ML,OU,S,CA,6,0,22571,313.49,1880.94,0,0,0,0,0,1880.94,0,300.95,2181.89,SOSHA1001000132,Invoice,Invoiced,11/03/2025,,,,,,,,,,,,,,6,Picked,DTR Van-D,,,,,,,,
IN000747,7880336,CT0010045490,SHA1004,3,3049805,3049805,DETTOL LIQUID 72*125ML,OU,S,CA,6,0,22571,313.49,1880.94,0,0,0,0,0,1880.94,0,300.95,2181.89,SOSHA1004000112,Invoice,Invoiced,11/03/2025,,,,,,,,,,,,,,6,Picked,DTR Van-D,,,,,,,,
IN000782,7880336,CT0010054312,SHA1007,1,3049805,3049805,DETTOL LIQUID 72*125ML,OU,S,CA,6,0,22571,313.49,1880.94,0,0,0,0,0,1880.94,0,300.95,2181.89,SOSHA1007000128,Invoice,Invoiced,11/03/2025,,,,,,,,,,,,,,6,Picked,DTR Van-D,,,,,,,,
IN001033,7880336,CT0010054482,SHA1005,2,3049805,3049805,DETTOL LIQUID 72*125ML,OU,S,CA,6,0,22571,313.49,1880.94,0,0,0,0,0,1880.94,0,300.95,2181.89,SOSHA1005000131,Invoice,Invoiced,14/03/2025,,,,,,,,,,,,,,6,Picked,DTR Van-D,,,,,,,,
IN001041,7880336,CT0010054469,SHA1005,2,3049805,3049805,DETTOL LIQUID 72*125ML,OU,S,CA,6,0,22571,313.49,1880.94,0,0,0,0,0,1880.94,0,300.95,2181.89,SOSHA1005000129,Invoice,Invoiced,14/03/2025,,,,,,,,,,,,,,6,Picked,DTR Van-D,,,,,,,,
IN001043,7880336,CT0010054470,SHA1005,3,3049805,3049805,DETTOL LIQUID 72*125ML,OU,S,CA,6,0,22571,313.49,1880.94,0,0,0,0,0,1880.94,0,300.95,2181.89,SOSHA1005000135,Invoice,Invoiced,14/03/2025,,,,,,,,,,,,,,6,Picked,DTR Van-D,,,,,,,,
IN001125,7880336,CT0010054569,SHA1005,4,3049805,3049805,DETTOL LIQUID 72*125ML,OU,S,CA,6,0,22571,313.49,1880.94,0,0,0,0,0,1880.94,0,300.95,2181.89,SOSHA1005000154,Invoice,Invoiced,17/03/2025,,,,,,,,,,,,,,6,Picked,DTR Van-D,,,,,,,,
IN000903,7880336,CT0010054388,SHA1000,5,3074756,3074756,AIRWICK KE FRESHWATER 24* 30GM,OU,S,CA,12,0,3807,158.63,1903.56,0,0,0,0,0,1903.56,0,304.57,2208.13,SOSHA1000000018,Invoice,Invoiced,13/03/2025,,,,,,,,,,,,,,12,Picked,Medium Supermarket-D,,,,,,,,
IN000962,7880336,CT0010054433,SHA1006,14,3074759,3074759,Airwick Ke Lavender 24* 30Gm,OU,S,CA,12,0,3807,158.63,1903.56,0,0,0,0,0,1903.56,0,304.57,2208.13,SOSHA1006000186,Invoice,Invoiced,13/03/2025,,,,,,,,,,,,,,12,Picked,DTR Van-D,,,,,,,,
IN000963,7880336,CT0010054434,SHA1006,6,384658,0384658,Jik Bleach Regular 250Ml *18,CA,S,CA,1,0,2355.3,2355.3,2355.3,141.32,141.32,0,0,141.32,2213.98,0,0,2213.98,SOSHA1006000187,Invoice,Invoiced,13/03/2025,,,,,,,,,,,,,,18,Picked,DTR Van-D,,,,,,,,
IN001044,7880336,CT0010054471,SHA1005,5,384658,0384658,Jik Bleach Regular 250Ml *18,CA,S,CA,1,0,2355.3,2355.3,2355.3,141.32,141.32,0,0,141.32,2213.98,0,0,2213.98,SOSHA1005000136,Invoice,Invoiced,14/03/2025,,,,,,,,,,,,,,18,Picked,DTR Van-D,,,,,,,,
IN001153,7880336,CT0010054581,SHA1006,2,384658,0384658,Jik Bleach Regular 250Ml *18,CA,S,CA,1,0,2355.3,2355.3,2355.3,141.32,141.32,0,0,141.32,2213.98,0,0,2213.98,SOSHA1006000224,Invoice,Invoiced,17/03/2025,,,,,,,,,,,,,,18,Picked,DTR Van-D,,,,,,,,
IN000166,7880336,CT0010043506,SHA1002,1,3053889,3053889,HARPIC P/PLUS 500ML+200ML*12,OU,S,CA,4,0,5726,477.17,1908.68,0,0,0,0,0,1908.68,0,305.39,2214.07,SOSHA1002000038,Invoice,Invoiced,04/03/2025,,,,,,,,,,,,,,4,Picked,DTR Van-D,,,,,,,,
IN001287,7880336,CT0010047503,SHA1000,18,3049808,3049808,DETTOL LIQUID 12*1000ML,OU,S,CA,1,0,23041,1920.08,1920.08,0,0,0,0,0,1920.08,0,307.21,2227.29,SOSHA1000000029,Invoice,Invoiced,20/03/2025,,,,,,,,,,,,,,1,Picked,Medium Supermarket-D,,,,,,,,
IN000962,7880336,CT0010054433,SHA1006,6,120891,0120891,Airwick Freshmatic Lavender Refills 6*250Ml,OU,S,CA,3,0,3879,646.5,1939.5,0,0,0,0,0,1939.5,0,310.32,2249.82,SOSHA1006000186,Invoice,Invoiced,13/03/2025,,,,,,,,,,,,,,3,Picked,DTR Van-D,,,,,,,,
IN000962,7880336,CT0010054433,SHA1006,7,120892,0120892,Airwick Freshmatic Citrus Refills 6*250Ml,OU,S,CA,3,0,3879,646.5,1939.5,0,0,0,0,0,1939.5,0,310.32,2249.82,SOSHA1006000186,Invoice,Invoiced,13/03/2025,,,,,,,,,,,,,,3,Picked,DTR Van-D,,,,,,,,
IN001054,7880336,CT0010054457,SHA1006,7,120892,0120892,Airwick Freshmatic Citrus Refills 6*250Ml,OU,S,CA,3,0,3879,646.5,1939.5,0,0,0,0,0,1939.5,0,310.32,2249.82,SOSHA1006000189,Invoice,Invoiced,14/03/2025,,,,,,,,,,,,,,3,Picked,DTR Van-D,,,,,,,,
IN000701,7880336,CT0010047492,SHA1000,9,8132342,8132342,Dettol Shower Gel Cool 12*250Ml,OU,S,CA,6,0,3890,324.17,1945.02,0,0,0,0,0,1945.02,0,311.2,2256.22,SOSHA1000000015,Invoice,Invoiced,11/03/2025,,,,,,,,,,,,,,6,Picked,Medium Supermarket-D,,,,,,,,
IN000473,7880336,CT0010054090,SHA1007,1,3049801,3049801,DETTOL LIQUID 96*50ML,OU,S,CA,24,0,9028.21,94.04,2256.96,0,0,0,0,0,2256.96,0,0,2256.96,SOSHA1007000056,Invoice,Invoiced,06/03/2025,,,,,,,,,,,,,,24,Picked,DTR Van-A,,,,,,,,
IN000274,7880336,CT0010046509,SHA1001,1,349130,0349130,Mortein Doom P.Gard Aik Lemon 12*100Ml,CA,S,CA,1,0,2163.01,2163.01,2163.01,179.53,179.53,0,0,179.53,1983.48,0,317.36,2300.84,SOSHA1001000040,Invoice,Invoiced,06/03/2025,,,,,,,,,,,,,,12,Picked,DTR Van-D,,,,,,,,
IN000327,7880336,CT0010041632,SHA1003,1,349130,0349130,Mortein Doom P.Gard Aik Lemon 12*100Ml,CA,S,CA,1,0,2163.01,2163.01,2163.01,179.53,179.53,0,0,179.53,1983.48,0,317.36,2300.84,SOSHA1003000065,Invoice,Invoiced,06/03/2025,,,,,,,,,,,,,,12,Picked,DTR Van-D,,,,,,,,
IN000348,7880336,CT0010042069,SHA1005,1,349130,0349130,Mortein Doom P.Gard Aik Lemon 12*100Ml,CA,S,CA,1,0,2163.01,2163.01,2163.01,179.53,179.53,0,0,179.53,1983.48,0,317.36,2300.84,SOSHA1005000035,Invoice,Invoiced,06/03/2025,,,,,,,,,,,,,,12,Picked,DTR Van-D,,,,,,,,
IN000362,7880336,CT0010043551,SHA1006,1,349130,0349130,Mortein Doom P.Gard Aik Lemon 12*100Ml,CA,S,CA,1,0,2163.01,2163.01,2163.01,179.53,179.53,0,0,179.53,1983.48,0,317.36,2300.84,SOSHA1006000092,Invoice,Invoiced,06/03/2025,,,,,,,,,,,,,,12,Picked,DTR Van-D,,,,,,,,
IN000368,7880336,CT0010043539,SHA1006,1,349130,0349130,Mortein Doom P.Gard Aik Lemon 12*100Ml,CA,S,CA,1,0,2163.01,2163.01,2163.01,179.53,179.53,0,0,179.53,1983.48,0,317.36,2300.84,SOSHA1006000098,Invoice,Invoiced,06/03/2025,,,,,,,,,,,,,,12,Picked,DTR Van-D,,,,,,,,
IN000375,7880336,CT0010046929,SHA1007,1,349130,0349130,Mortein Doom P.Gard Aik Lemon 12*100Ml,CA,S,CA,1,0,2163.01,2163.01,2163.01,179.53,179.53,0,0,179.53,1983.48,0,317.36,2300.84,SOSHA1007000048,Invoice,Invoiced,06/03/2025,,,,,,,,,,,,,,12,Picked,DTR Van-D,,,,,,,,
IN000394,7880336,CT0010046658,SHA1001,1,349130,0349130,Mortein Doom P.Gard Aik Lemon 12*100Ml,CA,S,CA,1,0,2163.01,2163.01,2163.01,179.53,179.53,0,0,179.53,1983.48,0,317.36,2300.84,SOSHA1001000067,Invoice,Invoiced,06/03/2025,,,,,,,,,,,,,,12,Picked,DTR Van-D,,,,,,,,
IN000409,7880336,CT0010047048,SHA1002,1,349130,0349130,Mortein Doom P.Gard Aik Lemon 12*100Ml,CA,S,CA,1,0,2163.01,2163.01,2163.01,179.53,179.53,0,0,179.53,1983.48,0,317.36,2300.84,SOSHA1002000095,Invoice,Invoiced,06/03/2025,,,,,,,,,,,,,,12,Picked,DTR Van-D,,,,,,,,
IN000492,7880336,CT0010047254,SHA1007,1,349130,0349130,Mortein Doom P.Gard Aik Lemon 12*100Ml,CA,S,CA,1,0,2163.01,2163.01,2163.01,179.53,179.53,0,0,179.53,1983.48,0,317.36,2300.84,SOSHA1007000075,Invoice,Invoiced,06/03/2025,,,,,,,,,,,,,,12,Picked,DTR Van-D,,,,,,,,
IN000543,7880336,CT0010044350,SHA1004,1,349130,0349130,Mortein Doom P.Gard Aik Lemon 12*100Ml,CA,S,CA,1,0,2163.01,2163.01,2163.01,179.53,179.53,0,0,179.53,1983.48,0,317.36,2300.84,SOSHA1004000079,Invoice,Invoiced,08/03/2025,,,,,,,,,,,,,,12,Picked,DTR Van-D,,,,,,,,
IN000581,7880336,CT0010047272,SHA1007,1,349130,0349130,Mortein Doom P.Gard Aik Lemon 12*100Ml,CA,S,CA,1,0,2163.01,2163.01,2163.01,179.53,179.53,0,0,179.53,1983.48,0,317.36,2300.84,SOSHA1007000084,Invoice,Invoiced,08/03/2025,,,,,,,,,,,,,,12,Picked,DTR Van-D,,,,,,,,
IN000740,7880336,CT0010042942,SHA1001,1,349130,0349130,Mortein Doom P.Gard Aik Lemon 12*100Ml,CA,S,CA,1,0,2163.01,2163.01,2163.01,179.53,179.53,0,0,179.53,1983.48,0,317.36,2300.84,SOSHA1001000132,Invoice,Invoiced,11/03/2025,,,,,,,,,,,,,,12,Picked,DTR Van-D,,,,,,,,
IN000771,7880336,CT0010044468,SHA1006,1,349130,0349130,Mortein Doom P.Gard Aik Lemon 12*100Ml,CA,S,CA,1,0,2163.01,2163.01,2163.01,179.53,179.53,0,0,179.53,1983.48,0,317.36,2300.84,SOSHA1006000138,Invoice,Invoiced,11/03/2025,,,,,,,,,,,,,,12,Picked,DTR Van-D,,,,,,,,
IN000801,7880336,CT0010054306,SHA1006,1,349130,0349130,Mortein Doom P.Gard Aik Lemon 12*100Ml,CA,S,CA,1,0,2163.01,2163.01,2163.01,179.53,179.53,0,0,179.53,1983.48,0,317.36,2300.84,SOSHA1006000150,Invoice,Invoiced,12/03/2025,,,,,,,,,,,,,,12,Picked,DTR Van-D,,,,,,,,
IN000804,7880336,CT0010054329,SHA1006,1,349130,0349130,Mortein Doom P.Gard Aik Lemon 12*100Ml,CA,S,CA,1,0,2163.01,2163.01,2163.01,179.53,179.53,0,0,179.53,1983.48,0,317.36,2300.84,SOSHA1006000154,Invoice,Invoiced,12/03/2025,,,,,,,,,,,,,,12,Picked,DTR Van-D,,,,,,,,
IN000807,7880336,CT0010054284,SHA1006,1,349130,0349130,Mortein Doom P.Gard Aik Lemon 12*100Ml,CA,S,CA,1,0,2163.01,2163.01,2163.01,179.53,179.53,0,0,179.53,1983.48,0,317.36,2300.84,SOSHA1006000148,Invoice,Invoiced,12/03/2025,,,,,,,,,,,,,,12,Picked,DTR Van-D,,,,,,,,
IN000845,7880336,CT0010043581,SHA1005,1,349130,0349130,Mortein Doom P.Gard Aik Lemon 12*100Ml,CA,S,CA,1,0,2163.01,2163.01,2163.01,179.53,179.53,0,0,179.53,1983.48,0,317.36,2300.84,SOSHA1005000106,Invoice,Invoiced,12/03/2025,,,,,,,,,,,,,,12,Picked,DTR Van-D,,,,,,,,
IN000853,7880336,CT0010045883,SHA1007,1,349130,0349130,Mortein Doom P.Gard Aik Lemon 12*100Ml,CA,S,CA,1,0,2163.01,2163.01,2163.01,179.53,179.53,0,0,179.53,1983.48,0,317.36,2300.84,SOSHA1007000138,Invoice,Invoiced,12/03/2025,,,,,,,,,,,,,,12,Picked,DTR Van-D,,,,,,,,
IN000862,7880336,CT0010054349,SHA1002,1,349130,0349130,Mortein Doom P.Gard Aik Lemon 12*100Ml,CA,S,CA,1,0,2163.01,2163.01,2163.01,179.53,179.53,0,0,179.53,1983.48,0,317.36,2300.84,SOSHA1002000145,Invoice,Invoiced,12/03/2025,,,,,,,,,,,,,,12,Picked,DTR Van-D,,,,,,,,
IN000900,7880336,CT0010046141,SHA1006,2,349130,0349130,Mortein Doom P.Gard Aik Lemon 12*100Ml,CA,S,CA,1,0,2163.01,2163.01,2163.01,179.53,179.53,0,0,179.53,1983.48,0,317.36,2300.84,SOSHA1006000156,Invoice,Invoiced,12/03/2025,,,,,,,,,,,,,,12,Picked,DTR Van-D,,,,,,,,
IN000956,7880336,CT0010054428,SHA1006,1,349130,0349130,Mortein Doom P.Gard Aik Lemon 12*100Ml,CA,S,CA,1,0,2163.01,2163.01,2163.01,179.53,179.53,0,0,179.53,1983.48,0,317.36,2300.84,SOSHA1006000181,Invoice,Invoiced,13/03/2025,,,,,,,,,,,,,,12,Picked,DTR Van-D,,,,,,,,
IN000961,7880336,CT0010054390,SHA1006,4,349130,0349130,Mortein Doom P.Gard Aik Lemon 12*100Ml,CA,S,CA,1,0,2163.01,2163.01,2163.01,179.53,179.53,0,0,179.53,1983.48,0,317.36,2300.84,SOSHA1006000170,Invoice,Invoiced,13/03/2025,,,,,,,,,,,,,,12,Picked,DTR Van-D,,,,,,,,
IN000992,7880336,CT0010043990,SHA1003,1,349130,0349130,Mortein Doom P.Gard Aik Lemon 12*100Ml,CA,S,CA,1,0,2163.01,2163.01,2163.01,179.53,179.53,0,0,179.53,1983.48,0,317.36,2300.84,SOSHA1003000173,Invoice,Invoiced,14/03/2025,,,,,,,,,,,,,,12,Picked,DTR Van-D,,,,,,,,
IN001043,7880336,CT0010054470,SHA1005,2,349130,0349130,Mortein Doom P.Gard Aik Lemon 12*100Ml,CA,S,CA,1,0,2163.01,2163.01,2163.01,179.53,179.53,0,0,179.53,1983.48,0,317.36,2300.84,SOSHA1005000135,Invoice,Invoiced,14/03/2025,,,,,,,,,,,,,,12,Picked,DTR Van-D,,,,,,,,
IN001054,7880336,CT0010054457,SHA1006,4,349130,0349130,Mortein Doom P.Gard Aik Lemon 12*100Ml,CA,S,CA,1,0,2163.01,2163.01,2163.01,179.53,179.53,0,0,179.53,1983.48,0,317.36,2300.84,SOSHA1006000189,Invoice,Invoiced,14/03/2025,,,,,,,,,,,,,,12,Picked,DTR Van-D,,,,,,,,
IN001058,7880336,CT0010046433,SHA1007,1,349130,0349130,Mortein Doom P.Gard Aik Lemon 12*100Ml,CA,S,CA,1,0,2163.01,2163.01,2163.01,179.53,179.53,0,0,179.53,1983.48,0,317.36,2300.84,SOSHA1007000157,Invoice,Invoiced,14/03/2025,,,,,,,,,,,,,,12,Picked,DTR Van-D,,,,,,,,
IN001077,7880336,CT0010054009,SHA1001,1,349130,0349130,Mortein Doom P.Gard Aik Lemon 12*100Ml,CA,S,CA,1,0,2163.01,2163.01,2163.01,179.53,179.53,0,0,179.53,1983.48,0,317.36,2300.84,SOSHA1001000191,Invoice,Invoiced,17/03/2025,,,,,,,,,,,,,,12,Picked,DTR Van-D,,,,,,,,
IN001146,7880336,CT0010054557,SHA1006,1,349130,0349130,Mortein Doom P.Gard Aik Lemon 12*100Ml,CA,S,CA,1,0,2163.01,2163.01,2163.01,179.53,179.53,0,0,179.53,1983.48,0,317.36,2300.84,SOSHA1006000215,Invoice,Invoiced,17/03/2025,,,,,,,,,,,,,,12,Picked,DTR Van-D,,,,,,,,
IN001150,7880336,CT0010047596,SHA1006,1,349130,0349130,Mortein Doom P.Gard Aik Lemon 12*100Ml,CA,S,CA,1,0,2163.01,2163.01,2163.01,179.53,179.53,0,0,179.53,1983.48,0,317.36,2300.84,SOSHA1006000220,Invoice,Invoiced,17/03/2025,,,,,,,,,,,,,,12,Picked,DTR Van-D,,,,,,,,
IN001154,7880336,CT0010054549,SHA1006,1,349130,0349130,Mortein Doom P.Gard Aik Lemon 12*100Ml,CA,S,CA,1,0,2163.01,2163.01,2163.01,179.53,179.53,0,0,179.53,1983.48,0,317.36,2300.84,SOSHA1006000210,Invoice,Invoiced,17/03/2025,,,,,,,,,,,,,,12,Picked,DTR Van-D,,,,,,,,
IN001164,7880336,CT0010043577,SHA1007,1,349130,0349130,Mortein Doom P.Gard Aik Lemon 12*100Ml,CA,S,CA,1,0,2163.01,2163.01,2163.01,179.53,179.53,0,0,179.53,1983.48,0,317.36,2300.84,SOSHA1007000169,Invoice,Invoiced,17/03/2025,,,,,,,,,,,,,,12,Picked,DTR Van-D,,,,,,,,
IN001382,7880336,CT0010054089,SHA1006,1,349130,0349130,Mortein Doom P.Gard Aik Lemon 12*100Ml,CA,S,CA,1,0,2163.01,2163.01,2163.01,179.53,179.53,0,0,179.53,1983.48,0,317.36,2300.84,SOSHA1006000251,Invoice,Invoiced,20/03/2025,,,,,,,,,,,,,,12,Picked,DTR Van-A,,,,,,,,
IN001406,7880336,CT0010054128,SHA1001,1,349130,0349130,Mortein Doom P.Gard Aik Lemon 12*100Ml,CA,S,CA,1,0,2163.01,2163.01,2163.01,179.53,179.53,0,0,179.53,1983.48,0,317.36,2300.84,SOSHA1001000224,Invoice,Invoiced,21/03/2025,,,,,,,,,,,,,,12,Picked,DTR Van-D,,,,,,,,
IN001458,7880336,CT0010046331,SHA1004,1,349130,0349130,Mortein Doom P.Gard Aik Lemon 12*100Ml,CA,S,CA,1,0,2163.01,2163.01,2163.01,179.53,179.53,0,0,179.53,1983.48,0,317.36,2300.84,SOSHA1004000252,Invoice,Invoiced,21/03/2025,,,,,,,,,,,,,,12,Picked,DTR Van-D,,,,,,,,
IN001476,7880336,CT0010044090,SHA1005,3,349130,0349130,Mortein Doom P.Gard Aik Lemon 12*100Ml,CA,S,CA,1,0,2163.01,2163.01,2163.01,179.53,179.53,0,0,179.53,1983.48,0,317.36,2300.84,SOSHA1005000202,Invoice,Invoiced,21/03/2025,,,,,,,,,,,,,,12,Picked,DTR Van-D,,,,,,,,
IN000218,7880336,CT0010043301,SHA1001,4,384660,0384660,Jik Bleach Regular 750Ml *18,OU,S,CA,6,0,5957.51,330.97,1985.82,0,0,0,0,0,1985.82,0,317.73,2303.55,SOSHA1001000033,Invoice,Invoiced,05/03/2025,,,,,,,,,,,,,,6,Picked,DTR Van-D,,,,,,,,
IN000584,7880336,CT0010054182,SHA1007,1,384660,0384660,Jik Bleach Regular 750Ml *18,OU,S,CA,6,0,5957.51,330.97,1985.82,0,0,0,0,0,1985.82,0,317.73,2303.55,SOSHA1007000087,Invoice,Invoiced,08/03/2025,,,,,,,,,,,,,,6,Picked,DTR Van-D,,,,,,,,
IN000788,7880336,CT0010054309,SHA1007,1,384660,0384660,Jik Bleach Regular 750Ml *18,OU,S,CA,6,0,5957.51,330.97,1985.82,0,0,0,0,0,1985.82,0,317.73,2303.55,SOSHA1007000127,Invoice,Invoiced,11/03/2025,,,,,,,,,,,,,,6,Picked,DTR Van-D,,,,,,,,
IN000274,7880336,CT0010046509,SHA1001,3,3277707,3277707,JIK REGULAR 750ML + 250ML,OU,S,CA,6,0,3972,331,1986,0,0,0,0,0,1986,0,317.76,2303.76,SOSHA1001000040,Invoice,Invoiced,06/03/2025,,,,,,,,,,,,,,6,Picked,DTR Van-D,,,,,,,,
IN000276,7880336,CT0010054060,SHA1001,1,3277707,3277707,JIK REGULAR 750ML + 250ML,OU,S,CA,6,0,3972,331,1986,0,0,0,0,0,1986,0,317.76,2303.76,SOSHA1001000043,Invoice,Invoiced,06/03/2025,,,,,,,,,,,,,,6,Picked,DTR Van-D,,,,,,,,
IN000989,7880336,CT0010047784,SHA1001,3,3277707,3277707,JIK REGULAR 750ML + 250ML,OU,S,CA,6,0,3972,331,1986,0,0,0,0,0,1986,0,317.76,2303.76,SOSHA1001000168,Invoice,Invoiced,14/03/2025,,,,,,,,,,,,,,6,Picked,DTR Van-D,,,,,,,,
IN001066,7880336,CT0010054524,SHA1001,4,3277707,3277707,JIK REGULAR 750ML + 250ML,OU,S,CA,6,0,3972,331,1986,0,0,0,0,0,1986,0,317.76,2303.76,SOSHA1001000179,Invoice,Invoiced,17/03/2025,,,,,,,,,,,,,,6,Picked,DTR Van-D,,,,,,,,
IN001287,7880336,CT0010047503,SHA1000,30,3277707,3277707,JIK REGULAR 750ML + 250ML,OU,S,CA,6,0,3972,331,1986,0,0,0,0,0,1986,0,317.76,2303.76,SOSHA1000000029,Invoice,Invoiced,20/03/2025,,,,,,,,,,,,,,6,Picked,Medium Supermarket-D,,,,,,,,
IN001301,7880336,CT0010046600,SHA1001,5,3277707,3277707,JIK REGULAR 750ML + 250ML,OU,S,CA,6,0,3972,331,1986,0,0,0,0,0,1986,0,317.76,2303.76,SOSHA1001000222,Invoice,Invoiced,20/03/2025,,,,,,,,,,,,,,6,Picked,DTR Van-D,,,,,,,,
IN001343,7880336,CT0010044891,SHA1004,1,3277707,3277707,JIK REGULAR 750ML + 250ML,OU,S,CA,6,0,3972,331,1986,0,0,0,0,0,1986,0,317.76,2303.76,SOSHA1004000220,Invoice,Invoiced,20/03/2025,,,,,,,,,,,,,,6,Picked,DTR Van-D,,,,,,,,
IN000283,7880336,CT0010046546,SHA1001,1,3049801,3049801,DETTOL LIQUID 96*50ML,OU,S,CA,24,0,9028.21,94.04,2256.96,1083.36,270.84,0,0,270.84,1986.12,0,317.78,2303.9,SOSHA1001000050,Invoice,Invoiced,06/03/2025,,,,,,,,,,,,,,24,Picked,DTR Van-D,,,,,,,,
IN000460,7880336,CT0010046542,SHA1005,1,3049801,3049801,DETTOL LIQUID 96*50ML,OU,S,CA,24,0,9028.21,94.04,2256.96,1083.36,270.84,0,0,270.84,1986.12,0,317.78,2303.9,SOSHA1005000057,Invoice,Invoiced,06/03/2025,,,,,,,,,,,,,,24,Picked,DTR Van-D,,,,,,,,
IN000461,7880336,CT0010045717,SHA1006,1,3049801,3049801,DETTOL LIQUID 96*50ML,OU,S,CA,24,0,9028.21,94.04,2256.96,1083.36,270.84,0,0,270.84,1986.12,0,317.78,2303.9,SOSHA1006000100,Invoice,Invoiced,06/03/2025,,,,,,,,,,,,,,24,Picked,DTR Van-D,,,,,,,,
IN000675,7880336,CT0010042508,SHA1006,1,3049801,3049801,DETTOL LIQUID 96*50ML,OU,S,CA,24,0,9028.21,94.04,2256.96,1083.36,270.84,0,0,270.84,1986.12,0,317.78,2303.9,SOSHA1006000129,Invoice,Invoiced,10/03/2025,,,,,,,,,,,,,,24,Picked,DTR Van-D,,,,,,,,
IN000961,7880336,CT0010054390,SHA1006,5,3049801,3049801,DETTOL LIQUID 96*50ML,OU,S,CA,24,0,9028.21,94.04,2256.96,1083.36,270.84,0,0,270.84,1986.12,0,317.78,2303.9,SOSHA1006000170,Invoice,Invoiced,13/03/2025,,,,,,,,,,,,,,24,Picked,DTR Van-D,,,,,,,,
IN001185,7880336,CT0010045059,SHA1002,1,3049801,3049801,DETTOL LIQUID 96*50ML,OU,S,CA,24,0,9028.21,94.04,2256.96,1083.36,270.84,0,0,270.84,1986.12,0,317.78,2303.9,SOSHA1002000188,Invoice,Invoiced,18/03/2025,,,,,,,,,,,,,,24,Picked,DTR Van-D,,,,,,,,
IN001259,7880336,CT0010051637,SHA1006,1,3049801,3049801,DETTOL LIQUID 96*50ML,OU,S,CA,24,0,9028.21,94.04,2256.96,1083.36,270.84,0,0,270.84,1986.12,0,317.78,2303.9,SOSHA1006000227,Invoice,Invoiced,18/03/2025,,,,,,,,,,,,,,24,Picked,DTR Van-D,,,,,,,,
IN001269,7880336,CT0010054033,SHA1006,2,3049801,3049801,DETTOL LIQUID 96*50ML,OU,S,CA,24,0,9028.21,94.04,2256.96,1083.36,270.84,0,0,270.84,1986.12,0,317.78,2303.9,SOSHA1006000236,Invoice,Invoiced,18/03/2025,,,,,,,,,,,,,,24,Picked,DTR Van-A,,,,,,,,
IN001301,7880336,CT0010046600,SHA1001,2,3049801,3049801,DETTOL LIQUID 96*50ML,OU,S,CA,24,0,9028.21,94.04,2256.96,1083.36,270.84,0,0,270.84,1986.12,0,317.78,2303.9,SOSHA1001000222,Invoice,Invoiced,20/03/2025,,,,,,,,,,,,,,24,Picked,DTR Van-D,,,,,,,,
IN001448,7880336,CT0010046315,SHA1004,1,3049801,3049801,DETTOL LIQUID 96*50ML,OU,S,CA,24,0,9028.21,94.04,2256.96,1083.36,270.84,0,0,270.84,1986.12,0,317.78,2303.9,SOSHA1004000243,Invoice,Invoiced,21/03/2025,,,,,,,,,,,,,,24,Picked,DTR Van-D,,,,,,,,
IN001486,7880336,CT0010054700,SHA1005,1,3049801,3049801,DETTOL LIQUID 96*50ML,OU,S,CA,24,0,9028.21,94.04,2256.96,1083.36,270.84,0,0,270.84,1986.12,0,317.78,2303.9,SOSHA1005000214,Invoice,Invoiced,21/03/2025,,,,,,,,,,,,,,24,Picked,DTR Van-D,,,,,,,,
IN001489,7880336,CT0010054716,SHA1006,1,3049801,3049801,DETTOL LIQUID 96*50ML,OU,S,CA,24,0,9028.21,94.04,2256.96,1083.36,270.84,0,0,270.84,1986.12,0,317.78,2303.9,SOSHA1006000256,Invoice,Invoiced,21/03/2025,,,,,,,,,,,,,,24,Picked,DTR Van-D,,,,,,,,
IN000170,7880336,CT0010041713,SHA1003,1,366163,0366163,Dettol Soap Original 72*60G,OU,S,CA,36,0,3986,55.36,1992.96,0,0,0,0,0,1992.96,0,318.87,2311.83,SOSHA1003000052,Invoice,Invoiced,04/03/2025,,,,,,,,,,,,,,36,Picked,DTR Van-D,,,,,,,,
IN000277,7880336,CT0010054061,SHA1001,2,366163,0366163,Dettol Soap Original 72*60G,OU,S,CA,36,0,3986,55.36,1992.96,0,0,0,0,0,1992.96,0,318.87,2311.83,SOSHA1001000044,Invoice,Invoiced,06/03/2025,,,,,,,,,,,,,,36,Picked,DTR Van-D,,,,,,,,
IN000328,7880336,CT0010041564,SHA1003,10,366163,0366163,Dettol Soap Original 72*60G,OU,S,CA,36,0,3986,55.36,1992.96,0,0,0,0,0,1992.96,0,318.87,2311.83,SOSHA1003000071,Invoice,Invoiced,06/03/2025,,,,,,,,,,,,,,36,Picked,DTR Van-D,,,,,,,,
IN000328,7880336,CT0010041564,SHA1003,11,366194,0366194,Dettol Soap Herbal 72*60G,OU,S,CA,36,0,3986,55.36,1992.96,0,0,0,0,0,1992.96,0,318.87,2311.83,SOSHA1003000071,Invoice,Invoiced,06/03/2025,,,,,,,,,,,,,,36,Picked,DTR Van-D,,,,,,,,
IN000721,7880336,CT0010054234,SHA1000,9,366163,0366163,Dettol Soap Original 72*60G,OU,S,CA,36,0,3986,55.36,1992.96,0,0,0,0,0,1992.96,0,318.87,2311.83,SOSHA1000000014,Invoice,Invoiced,11/03/2025,,,,,,,,,,,,,,36,Picked,Other Supermarts-D,,,,,,,,
IN001077,7880336,CT0010054009,SHA1001,6,3244645,3244645,DETTOL SOAP ORIGINAL 90GX3,OU,S,CA,6,0,8088,337,2022,0,0,0,0,0,2022,0,323.52,2345.52,SOSHA1001000191,Invoice,Invoiced,17/03/2025,,,,,,,,,,,,,,6,Picked,DTR Van-D,,,,,,,,
IN000903,7880336,CT0010054388,SHA1000,19,3142518,3142518,DETTOL JUMP HANDWASH COOL PUMP 12*200ML,OU,S,CA,6,0,4047.98,337.33,2023.98,0,0,0,0,0,2023.98,0,323.84,2347.82,SOSHA1000000018,Invoice,Invoiced,13/03/2025,,,,,,,,,,,,,,6,Picked,Medium Supermarket-D,,,,,,,,
IN000758,7880336,CT0010043745,SHA1003,6,3239866,3239866,DETTOL LIQUID 125ML+50ML,OU,S,CA,6,0,8265,344.38,2066.28,0,0,0,0,0,2066.28,0,330.6,2396.88,SOSHA1003000132,Invoice,Invoiced,11/03/2025,,,,,,,,,,,,,,6,Picked,DTR Van-D,,,,,,,,
IN000961,7880336,CT0010054390,SHA1006,6,3239866,3239866,DETTOL LIQUID 125ML+50ML,OU,S,CA,6,0,8265,344.38,2066.28,0,0,0,0,0,2066.28,0,330.6,2396.88,SOSHA1006000170,Invoice,Invoiced,13/03/2025,,,,,,,,,,,,,,6,Picked,DTR Van-D,,,,,,,,
IN000904,7880336,CT0010054391,SHA1000,79,8017991,8017991,Harpic Bluematic Tripple Pack 24*150Gm,OU,S,CA,6,0,9605.91,400.25,2401.5,0,0,0,0,0,2401.5,0,0,2401.5,SOSHA1000000019,Invoice,Invoiced,13/03/2025,,,,,,,,,,,,,,6,Picked,Other Supermarts-D,,,,,,,,
IN000521,7880336,CT0010042880,SHA1002,4,8158005,8158005,HARPIC POWER PLUS CITRUS TWINPACK 12*500ML,EA,S,CA,3,0,8405.17,700.43,2101.29,0,0,0,0,0,2101.29,0,336.21,2437.5,SOSHA1002000107,Invoice,Invoiced,08/03/2025,,,,,,,,,,,,,,3,Picked,DTR Van-D,,,,,,,,
IN001434,7880336,CT0010054132,SHA1002,3,366165,0366165,Dettol Soap Original 48*175G,OU,S,CA,12,0,11184,233,2796,1342.08,335.52,0,0,335.52,2460.48,0,0,2460.48,SOSHA1002000237,Invoice,Invoiced,21/03/2025,,,,,,,,,,,,,,12,Picked,DTR Van-A,,,,,,,,
IN000963,7880336,CT0010054434,SHA1006,14,3299074,3299074,Dettol soap Herbal 165g,EA,S,EA,12,0,233,233,2796,23.9658,287.59,0,0,287.59,2508.41,0,0,2508.41,SOSHA1006000187,Invoice,Invoiced,13/03/2025,,,,,,,,,,,,,,12,Picked,DTR Van-D,,,,,,,,
IN000181,7880336,CT0010043510,SHA1002,1,349130,0349130,Mortein Doom P.Gard Aik Lemon 12*100Ml,CA,S,CA,1,0,2163.01,2163.01,2163.01,0,0,0,0,0,2163.01,0,346.08,2509.09,SOSHA1002000039,Invoice,Invoiced,04/03/2025,,,,,,,,,,,,,,12,Picked,DTR Van-D,,,,,,,,
IN000266,7880336,CT0010046206,SHA1006,1,349130,0349130,Mortein Doom P.Gard Aik Lemon 12*100Ml,CA,S,CA,1,0,2163.01,2163.01,2163.01,0,0,0,0,0,2163.01,0,346.08,2509.09,SOSHA1006000070,Invoice,Invoiced,05/03/2025,,,,,,,,,,,,,,12,Picked,DTR Van-D,,,,,,,,
IN000349,7880336,CT0010054058,SHA1006,1,349130,0349130,Mortein Doom P.Gard Aik Lemon 12*100Ml,CA,S,CA,1,0,2163.01,2163.01,2163.01,0,0,0,0,0,2163.01,0,346.08,2509.09,SOSHA1006000079,Invoice,Invoiced,06/03/2025,,,,,,,,,,,,,,12,Picked,DTR Van-A,,,,,,,,
IN000385,7880336,CT0010054128,SHA1001,1,349130,0349130,Mortein Doom P.Gard Aik Lemon 12*100Ml,CA,S,CA,1,0,2163.01,2163.01,2163.01,0,0,0,0,0,2163.01,0,346.08,2509.09,SOSHA1001000057,Invoice,Invoiced,06/03/2025,,,,,,,,,,,,,,12,Picked,DTR Van-D,,,,,,,,
IN000441,7880336,CT0010054092,SHA1005,1,349130,0349130,Mortein Doom P.Gard Aik Lemon 12*100Ml,CA,S,CA,1,0,2163.01,2163.01,2163.01,0,0,0,0,0,2163.01,0,346.08,2509.09,SOSHA1005000036,Invoice,Invoiced,06/03/2025,,,,,,,,,,,,,,12,Picked,DTR Van-D,,,,,,,,
IN000567,7880336,CT0010054177,SHA1006,1,349130,0349130,Mortein Doom P.Gard Aik Lemon 12*100Ml,CA,S,CA,1,0,2163.01,2163.01,2163.01,0,0,0,0,0,2163.01,0,346.08,2509.09,SOSHA1006000117,Invoice,Invoiced,08/03/2025,,,,,,,,,,,,,,12,Picked,DTR Van-D,,,,,,,,
IN000576,7880336,CT0010054198,SHA1006,1,349130,0349130,Mortein Doom P.Gard Aik Lemon 12*100Ml,CA,S,CA,1,0,2163.01,2163.01,2163.01,0,0,0,0,0,2163.01,0,346.08,2509.09,SOSHA1006000121,Invoice,Invoiced,08/03/2025,,,,,,,,,,,,,,12,Picked,DTR Van-A,,,,,,,,
IN000586,7880336,CT0010054183,SHA1007,1,349130,0349130,Mortein Doom P.Gard Aik Lemon 12*100Ml,CA,S,CA,1,0,2163.01,2163.01,2163.01,0,0,0,0,0,2163.01,0,346.08,2509.09,SOSHA1007000089,Invoice,Invoiced,08/03/2025,,,,,,,,,,,,,,12,Picked,DTR Van-D,,,,,,,,
IN000598,7880336,CT0010054219,SHA1004,1,349130,0349130,Mortein Doom P.Gard Aik Lemon 12*100Ml,CA,S,CA,1,0,2163.01,2163.01,2163.01,0,0,0,0,0,2163.01,0,346.08,2509.09,SOSHA1004000087,Invoice,Invoiced,10/03/2025,,,,,,,,,,,,,,12,Unpick,DTR Van-A,,,,,,,,
IN000902,7880336,CT0010049475,SHA1000,2,349130,0349130,Mortein Doom P.Gard Aik Lemon 12*100Ml,CA,S,CA,1,0,2163.01,2163.01,2163.01,0,0,0,0,0,2163.01,0,346.08,2509.09,SOSHA1000000016,Invoice,Invoiced,13/03/2025,,,,,,,,,,,,,,12,Picked,Other Supermarts-D,,,,,,,,
IN000510,7880336,CT0010045010,SHA1001,6,299714,0299714,Harpic Power Plus 200Ml *36,OU,S,CA,18,0,4655,129.31,2327.58,279.3,139.65,0,0,139.65,2187.93,0,350.07,2538,SOSHA1001000088,Invoice,Invoiced,08/03/2025,,,,,,,,,,,,,,18,Picked,DTR Van-D,,,,,,,,
IN000904,7880336,CT0010054391,SHA1000,50,3244646,3244646,DETTOL SOAP HERBAL 175GX2,OU,S,CA,6,0,10252,427.17,2563.02,0,0,0,0,0,2563.02,0,0,2563.02,SOSHA1000000019,Invoice,Invoiced,13/03/2025,,,,,,,,,,,,,,6,Picked,Other Supermarts-D,,,,,,,,
IN000328,7880336,CT0010041564,SHA1003,4,384658,0384658,Jik Bleach Regular 250Ml *18,CA,S,CA,1,0,2355.3,2355.3,2355.3,141.32,141.32,0,0,141.32,2213.98,0,354.24,2568.22,SOSHA1003000071,Invoice,Invoiced,06/03/2025,,,,,,,,,,,,,,18,Picked,DTR Van-D,,,,,,,,
IN000377,7880336,CT0010046928,SHA1007,1,384658,0384658,Jik Bleach Regular 250Ml *18,CA,S,CA,1,0,2355.3,2355.3,2355.3,141.32,141.32,0,0,141.32,2213.98,0,354.24,2568.22,SOSHA1007000050,Invoice,Invoiced,06/03/2025,,,,,,,,,,,,,,18,Picked,DTR Van-D,,,,,,,,
IN000408,7880336,CT0010046996,SHA1002,1,384658,0384658,Jik Bleach Regular 250Ml *18,CA,S,CA,1,0,2355.3,2355.3,2355.3,141.32,141.32,0,0,141.32,2213.98,0,354.24,2568.22,SOSHA1002000094,Invoice,Invoiced,06/03/2025,,,,,,,,,,,,,,18,Picked,DTR Van-D,,,,,,,,
IN000650,7880336,CT0010045616,SHA1004,1,384658,0384658,Jik Bleach Regular 250Ml *18,CA,S,CA,1,0,2355.3,2355.3,2355.3,141.32,141.32,0,0,141.32,2213.98,0,354.24,2568.22,SOSHA1004000095,Invoice,Invoiced,10/03/2025,,,,,,,,,,,,,,18,Picked,DTR Van-D,,,,,,,,
IN000681,7880336,CT0010042500,SHA1006,2,384658,0384658,Jik Bleach Regular 250Ml *18,CA,S,CA,1,0,2355.3,2355.3,2355.3,141.32,141.32,0,0,141.32,2213.98,0,354.24,2568.22,SOSHA1006000134,Invoice,Invoiced,10/03/2025,,,,,,,,,,,,,,18,Picked,DTR Van-D,,,,,,,,
IN000762,7880336,CT0010041884,SHA1005,2,384658,0384658,Jik Bleach Regular 250Ml *18,CA,S,CA,1,0,2355.3,2355.3,2355.3,141.32,141.32,0,0,141.32,2213.98,0,354.24,2568.22,SOSHA1005000092,Invoice,Invoiced,11/03/2025,,,,,,,,,,,,,,18,Picked,DTR Van-D,,,,,,,,
IN000805,7880336,CT0010054328,SHA1006,4,384658,0384658,Jik Bleach Regular 250Ml *18,CA,S,CA,1,0,2355.3,2355.3,2355.3,141.32,141.32,0,0,141.32,2213.98,0,354.24,2568.22,SOSHA1006000155,Invoice,Invoiced,12/03/2025,,,,,,,,,,,,,,18,Picked,DTR Van-D,,,,,,,,
IN000806,7880336,CT0010054233,SHA1006,2,384658,0384658,Jik Bleach Regular 250Ml *18,CA,S,CA,1,0,2355.3,2355.3,2355.3,141.32,141.32,0,0,141.32,2213.98,0,354.24,2568.22,SOSHA1006000142,Invoice,Invoiced,12/03/2025,,,,,,,,,,,,,,18,Picked,DTR Van-D,,,,,,,,
IN000961,7880336,CT0010054390,SHA1006,8,384658,0384658,Jik Bleach Regular 250Ml *18,CA,S,CA,1,0,2355.3,2355.3,2355.3,141.32,141.32,0,0,141.32,2213.98,0,354.24,2568.22,SOSHA1006000170,Invoice,Invoiced,13/03/2025,,,,,,,,,,,,,,18,Picked,DTR Van-D,,,,,,,,
IN001186,7880336,CT0010045088,SHA1002,1,384658,0384658,Jik Bleach Regular 250Ml *18,CA,S,CA,1,0,2355.3,2355.3,2355.3,141.32,141.32,0,0,141.32,2213.98,0,354.24,2568.22,SOSHA1002000189,Invoice,Invoiced,18/03/2025,,,,,,,,,,,,,,18,Picked,DTR Van-D,,,,,,,,
IN001476,7880336,CT0010044090,SHA1005,8,384658,0384658,Jik Bleach Regular 250Ml *18,CA,S,CA,1,0,2355.3,2355.3,2355.3,141.32,141.32,0,0,141.32,2213.98,0,354.24,2568.22,SOSHA1005000202,Invoice,Invoiced,21/03/2025,,,,,,,,,,,,,,18,Picked,DTR Van-D,,,,,,,,
IN000539,7880336,CT0010043793,SHA1003,7,8169712,8169712,Harpic Itc Blocks Triple Lavender*24,OU,S,CA,6,0,8965.52,373.56,2241.36,0,0,0,0,0,2241.36,0,358.62,2599.98,SOSHA1003000092,Invoice,Invoiced,08/03/2025,,,,,,,,,,,,,,6,Picked,DTR Van-D,,,,,,,,
IN000962,7880336,CT0010054433,SHA1006,48,8169712,8169712,Harpic Itc Blocks Triple Lavender*24,OU,S,CA,6,0,8965.52,373.56,2241.36,0,0,0,0,0,2241.36,0,358.62,2599.98,SOSHA1006000186,Invoice,Invoiced,13/03/2025,,,,,,,,,,,,,,6,Picked,DTR Van-D,,,,,,,,
IN000977,7880336,CT0010047497,SHA1000,15,3298961,3298961,Dettol soap Skincare 85g,EA,S,EA,24,0,94,94,2256,0,0,0,0,0,2256,0,360.96,2616.96,SOSHA1000000022,Invoice,Invoiced,14/03/2025,,,,,,,,,,,,,,24,Picked,Medium Supermarket-D,,,,,,,,
IN000259,7880336,CT0010054033,SHA1006,2,3049801,3049801,DETTOL LIQUID 96*50ML,OU,S,CA,24,0,9028.21,94.04,2256.96,0,0,0,0,0,2256.96,0,361.11,2618.07,SOSHA1006000068,Invoice,Invoiced,05/03/2025,,,,,,,,,,,,,,24,Picked,DTR Van-A,,,,,,,,
IN000463,7880336,CT0010054120,SHA1006,1,3049801,3049801,DETTOL LIQUID 96*50ML,OU,S,CA,24,0,9028.21,94.04,2256.96,0,0,0,0,0,2256.96,0,361.11,2618.07,SOSHA1006000102,Invoice,Invoiced,06/03/2025,,,,,,,,,,,,,,24,Picked,DTR Van-A,,,,,,,,
IN000565,7880336,CT0010054175,SHA1006,2,384686,0384686,Jik Colours 750Ml *18,OU,S,CA,4,0,10391.01,577.28,2309.12,0,0,0,0,0,2309.12,0,369.46,2678.58,SOSHA1006000115,Invoice,Invoiced,08/03/2025,,,,,,,,,,,,,,4,Picked,DTR Van-A,,,,,,,,
IN000738,7880336,CT0010042949,SHA1001,2,384686,0384686,Jik Colours 750Ml *18,OU,S,CA,4,0,10391.01,577.28,2309.12,0,0,0,0,0,2309.12,0,369.46,2678.58,SOSHA1001000130,Invoice,Invoiced,11/03/2025,,,,,,,,,,,,,,4,Picked,DTR Van-D,,,,,,,,
IN000758,7880336,CT0010043745,SHA1003,11,384686,0384686,Jik Colours 750Ml *18,OU,S,CA,4,0,10391.01,577.28,2309.12,0,0,0,0,0,2309.12,0,369.46,2678.58,SOSHA1003000132,Invoice,Invoiced,11/03/2025,,,,,,,,,,,,,,4,Picked,DTR Van-D,,,,,,,,
IN000135,7880336,CT0010045474,SHA1002,4,366159,0366159,Dettol Soap Original 72*90Gm,OU,S,CA,24,0,9028,125.39,3009.36,963,321,0,0,321,2688.36,0,0,2688.36,SOSHA1002000026,Invoice,Invoiced,04/03/2025,,,,,,,,,,,,,,24,Unpick,DTR Van-D,,,,,,,,
IN000135,7880336,CT0010045474,SHA1002,8,366195,0366195,Dettol Soap Herbal 72*90Gm,OU,S,CA,24,0,9028,125.39,3009.36,963,321,0,0,321,2688.36,0,0,2688.36,SOSHA1002000026,Invoice,Invoiced,04/03/2025,,,,,,,,,,,,,,24,Unpick,DTR Van-D,,,,,,,,
IN000823,7880336,CT0010041963,SHA1001,8,3299175,3299175,Dettol soap Pome 165g,EA,S,EA,12,0,220,220,2640,26.4,316.8,0,0,316.8,2323.2,0,371.71,2694.91,SOSHA1001000148,Invoice,Invoiced,12/03/2025,,,,,,,,,,,,,,12,Picked,DTR Van-D,,,,,,,,
IN000823,7880336,CT0010041963,SHA1001,9,3299176,3299176,Dettol soap Eventone 165g,EA,S,EA,12,0,220,220,2640,26.4,316.8,0,0,316.8,2323.2,0,371.71,2694.91,SOSHA1001000148,Invoice,Invoiced,12/03/2025,,,,,,,,,,,,,,12,Picked,DTR Van-D,,,,,,,,
IN000962,7880336,CT0010054433,SHA1006,38,3299175,3299175,Dettol soap Pome 165g,EA,S,EA,12,0,220,220,2640,26.4,316.8,0,0,316.8,2323.2,0,371.71,2694.91,SOSHA1006000186,Invoice,Invoiced,13/03/2025,,,,,,,,,,,,,,12,Picked,DTR Van-D,,,,,,,,
IN000962,7880336,CT0010054433,SHA1006,39,3299176,3299176,Dettol soap Eventone 165g,EA,S,EA,12,0,220,220,2640,26.4,316.8,0,0,316.8,2323.2,0,371.71,2694.91,SOSHA1006000186,Invoice,Invoiced,13/03/2025,,,,,,,,,,,,,,12,Picked,DTR Van-D,,,,,,,,
IN001054,7880336,CT0010054457,SHA1006,43,3299175,3299175,Dettol soap Pome 165g,EA,S,EA,12,0,220,220,2640,26.4,316.8,0,0,316.8,2323.2,0,371.71,2694.91,SOSHA1006000189,Invoice,Invoiced,14/03/2025,,,,,,,,,,,,,,12,Picked,DTR Van-D,,,,,,,,
IN001054,7880336,CT0010054457,SHA1006,44,3299176,3299176,Dettol soap Eventone 165g,EA,S,EA,12,0,220,220,2640,26.4,316.8,0,0,316.8,2323.2,0,371.71,2694.91,SOSHA1006000189,Invoice,Invoiced,14/03/2025,,,,,,,,,,,,,,12,Picked,DTR Van-D,,,,,,,,
IN001078,7880336,CT0010043496,SHA1000,26,3299175,3299175,Dettol soap Pome 165g,EA,S,EA,12,0,220,220,2640,26.4,316.8,0,0,316.8,2323.2,0,371.71,2694.91,SOSHA1000000024,Invoice,Invoiced,17/03/2025,,,,,,,,,,,,,,12,Picked,DTR Van-D,,,,,,,,
IN001078,7880336,CT0010043496,SHA1000,27,3299176,3299176,Dettol soap Eventone 165g,EA,S,EA,12,0,220,220,2640,26.4,316.8,0,0,316.8,2323.2,0,371.71,2694.91,SOSHA1000000024,Invoice,Invoiced,17/03/2025,,,,,,,,,,,,,,12,Picked,DTR Van-D,,,,,,,,
IN000795,7880336,CT0010054262,SHA1003,1,366163,0366163,Dettol Soap Original 72*60G,OU,S,CA,48,0,3986,55.36,2657.28,478.305,318.87,0,0,318.87,2338.41,0,374.15,2712.56,SOSHA1003000137,Invoice,Invoiced,12/03/2025,,,,,,,,,,,,,,48,Picked,DTR Van-D,,,,,,,,
IN000174,7880336,CT0010045388,SHA1004,1,349302,0349302,Mortein Doom P.Gard Aik Lemon 12*300Ml,OU,S,CA,3,0,9404.39,783.7,2351.1,0,0,0,0,0,2351.1,0,376.18,2727.28,SOSHA1004000011,Invoice,Invoiced,04/03/2025,,,,,,,,,,,,,,3,Picked,DTR Van-D,,,,,,,,
IN000328,7880336,CT0010041564,SHA1003,2,349302,0349302,Mortein Doom P.Gard Aik Lemon 12*300Ml,OU,S,CA,3,0,9404.39,783.7,2351.1,0,0,0,0,0,2351.1,0,376.18,2727.28,SOSHA1003000071,Invoice,Invoiced,06/03/2025,,,,,,,,,,,,,,3,Picked,DTR Van-D,,,,,,,,
IN000974,7880336,CT0010054414,SHA1002,1,349302,0349302,Mortein Doom P.Gard Aik Lemon 12*300Ml,OU,S,CA,3,0,9404.39,783.7,2351.1,0,0,0,0,0,2351.1,0,376.18,2727.28,SOSHA1002000160,Invoice,Invoiced,13/03/2025,,,,,,,,,,,,,,3,Picked,DTR Van-D,,,,,,,,
IN000147,7880336,CT0010043052,SHA1001,2,384658,0384658,Jik Bleach Regular 250Ml *18,CA,S,CA,1,0,2355.3,2355.3,2355.3,0,0,0,0,0,2355.3,0,376.85,2732.15,SOSHA1001000010,Invoice,Invoiced,04/03/2025,,,,,,,,,,,,,,18,Picked,DTR Van-D,,,,,,,,
IN000150,7880336,CT0010045227,SHA1001,2,384658,0384658,Jik Bleach Regular 250Ml *18,CA,S,CA,1,0,2355.3,2355.3,2355.3,0,0,0,0,0,2355.3,0,376.85,2732.15,SOSHA1001000014,Invoice,Invoiced,04/03/2025,,,,,,,,,,,,,,18,Picked,DTR Van-D,,,,,,,,
IN000151,7880336,CT0010054009,SHA1001,1,384658,0384658,Jik Bleach Regular 250Ml *18,CA,S,CA,1,0,2355.3,2355.3,2355.3,0,0,0,0,0,2355.3,0,376.85,2732.15,SOSHA1001000016,Invoice,Invoiced,04/03/2025,,,,,,,,,,,,,,18,Picked,DTR Van-D,,,,,,,,
IN000156,7880336,CT0010043052,SHA1001,2,384658,0384658,Jik Bleach Regular 250Ml *18,CA,S,CA,1,0,2355.3,2355.3,2355.3,0,0,0,0,0,2355.3,0,376.85,2732.15,SOSHA1001000021,Invoice,Invoiced,04/03/2025,,,,,,,,,,,,,,18,Picked,DTR Van-D,,,,,,,,
IN000157,7880336,CT0010043052,SHA1001,2,384658,0384658,Jik Bleach Regular 250Ml *18,CA,S,CA,1,0,2355.3,2355.3,2355.3,0,0,0,0,0,2355.3,0,376.85,2732.15,SOSHA1001000022,Invoice,Invoiced,04/03/2025,,,,,,,,,,,,,,18,Picked,DTR Van-D,,,,,,,,
IN000158,7880336,CT0010043052,SHA1001,2,384658,0384658,Jik Bleach Regular 250Ml *18,CA,S,CA,1,0,2355.3,2355.3,2355.3,0,0,0,0,0,2355.3,0,376.85,2732.15,SOSHA1001000024,Invoice,Invoiced,04/03/2025,,,,,,,,,,,,,,18,Picked,DTR Van-D,,,,,,,,
IN000659,7880336,CT0010054242,SHA1004,1,384658,0384658,Jik Bleach Regular 250Ml *18,CA,S,CA,1,0,2355.3,2355.3,2355.3,0,0,0,0,0,2355.3,0,376.85,2732.15,SOSHA1004000104,Invoice,Invoiced,10/03/2025,,,,,,,,,,,,,,18,Picked,DTR Van-A,,,,,,,,
IN000681,7880336,CT0010042500,SHA1006,3,384675,0384675,Jik Lemon 250Ml *18,CA,S,CA,1,0,2355.3,2355.3,2355.3,0,0,0,0,0,2355.3,0,376.85,2732.15,SOSHA1006000134,Invoice,Invoiced,10/03/2025,,,,,,,,,,,,,,18,Picked,DTR Van-D,,,,,,,,
IN000805,7880336,CT0010054328,SHA1006,5,384675,0384675,Jik Lemon 250Ml *18,CA,S,CA,1,0,2355.3,2355.3,2355.3,0,0,0,0,0,2355.3,0,376.85,2732.15,SOSHA1006000155,Invoice,Invoiced,12/03/2025,,,,,,,,,,,,,,18,Picked,DTR Van-D,,,,,,,,
IN000978,7880336,CT0010050026,SHA1000,4,384658,0384658,Jik Bleach Regular 250Ml *18,CA,S,CA,1,0,2355.3,2355.3,2355.3,0,0,0,0,0,2355.3,0,376.85,2732.15,SOSHA1000000023,Invoice,Invoiced,14/03/2025,,,,,,,,,,,,,,18,Picked,Other Supermarts-D,,,,,,,,
IN000198,7880336,CT0010041505,SHA1005,1,8055074,8055074,Veet Cream Sensitive 72*50Gm,OU,S,CA,6,0,33856,470.22,2821.32,0,0,0,0,0,2821.32,0,0,2821.32,SOSHA1005000002,Invoice,Invoiced,05/03/2025,,,,,,,,,,,,,,6,Unpick,DTR Van-D,,,,,,,,
IN000198,7880336,CT0010041505,SHA1005,2,8055075,8055075,Veet Cream Normal 72*50Gm,OU,S,CA,6,0,33856,470.22,2821.32,0,0,0,0,0,2821.32,0,0,2821.32,SOSHA1005000002,Invoice,Invoiced,05/03/2025,,,,,,,,,,,,,,6,Unpick,DTR Van-D,,,,,,,,
IN000904,7880336,CT0010054391,SHA1000,23,8055074,8055074,Veet Cream Sensitive 72*50Gm,OU,S,CA,6,0,33856,470.22,2821.32,0,0,0,0,0,2821.32,0,0,2821.32,SOSHA1000000019,Invoice,Invoiced,13/03/2025,,,,,,,,,,,,,,6,Picked,Other Supermarts-D,,,,,,,,
IN000904,7880336,CT0010054391,SHA1000,24,8055075,8055075,Veet Cream Normal 72*50Gm,OU,S,CA,6,0,33856,470.22,2821.32,0,0,0,0,0,2821.32,0,0,2821.32,SOSHA1000000019,Invoice,Invoiced,13/03/2025,,,,,,,,,,,,,,6,Picked,Other Supermarts-D,,,,,,,,
IN000729,7880336,CT0010045164,SHA1002,4,8158006,8158006,HARPIC POWER PLUS  TWINPACK 12*500ML,EA,S,CA,3,0,9790.64,815.89,2447.67,0,0,0,0,0,2447.67,0,391.63,2839.3,SOSHA1002000134,Invoice,Invoiced,11/03/2025,,,,,,,,,,,,,,3,Picked,DTR Van-D,,,,,,,,
IN000773,7880336,CT0010044823,SHA1007,3,8158006,8158006,HARPIC POWER PLUS  TWINPACK 12*500ML,EA,S,CA,3,0,9790.64,815.89,2447.67,0,0,0,0,0,2447.67,0,391.63,2839.3,SOSHA1007000121,Invoice,Invoiced,11/03/2025,,,,,,,,,,,,,,3,Picked,DTR Van-D,,,,,,,,
IN001083,7880336,CT0010045143,SHA1002,6,8158006,8158006,HARPIC POWER PLUS  TWINPACK 12*500ML,EA,S,CA,3,0,9790.64,815.89,2447.67,0,0,0,0,0,2447.67,0,391.63,2839.3,SOSHA1002000175,Invoice,Invoiced,17/03/2025,,,,,,,,,,,,,,3,Picked,DTR Van-D,,,,,,,,
IN000681,7880336,CT0010042500,SHA1006,8,3299074,3299074,Dettol soap Herbal 165g,EA,S,EA,12,0,233,233,2796,27.96,335.52,0,0,335.52,2460.48,0,393.68,2854.16,SOSHA1006000134,Invoice,Invoiced,10/03/2025,,,,,,,,,,,,,,12,Picked,DTR Van-D,,,,,,,,
IN000739,7880336,CT0010042951,SHA1001,5,366165,0366165,Dettol Soap Original 48*175G,OU,S,CA,12,0,11184,233,2796,1342.08,335.52,0,0,335.52,2460.48,0,393.68,2854.16,SOSHA1001000131,Invoice,Invoiced,11/03/2025,,,,,,,,,,,,,,12,Picked,DTR Van-D,,,,,,,,
IN000805,7880336,CT0010054328,SHA1006,10,3299086,3299086,Dettol soap cool 165g,EA,S,EA,12,0,233,233,2796,27.96,335.52,0,0,335.52,2460.48,0,393.68,2854.16,SOSHA1006000155,Invoice,Invoiced,12/03/2025,,,,,,,,,,,,,,12,Picked,DTR Van-D,,,,,,,,
IN000823,7880336,CT0010041963,SHA1001,2,366165,0366165,Dettol Soap Original 48*175G,OU,S,CA,12,0,11184,233,2796,1342.08,335.52,0,0,335.52,2460.48,0,393.68,2854.16,SOSHA1001000148,Invoice,Invoiced,12/03/2025,,,,,,,,,,,,,,12,Picked,DTR Van-D,,,,,,,,
IN000823,7880336,CT0010041963,SHA1001,5,3299074,3299074,Dettol soap Herbal 165g,EA,S,EA,12,0,233,233,2796,27.96,335.52,0,0,335.52,2460.48,0,393.68,2854.16,SOSHA1001000148,Invoice,Invoiced,12/03/2025,,,,,,,,,,,,,,12,Picked,DTR Van-D,,,,,,,,
IN000823,7880336,CT0010041963,SHA1001,6,3299086,3299086,Dettol soap cool 165g,EA,S,EA,12,0,233,233,2796,27.96,335.52,0,0,335.52,2460.48,0,393.68,2854.16,SOSHA1001000148,Invoice,Invoiced,12/03/2025,,,,,,,,,,,,,,12,Picked,DTR Van-D,,,,,,,,
IN000823,7880336,CT0010041963,SHA1001,7,3299087,3299087,Dettol soap Skincare 165g,EA,S,EA,12,0,233,233,2796,27.96,335.52,0,0,335.52,2460.48,0,393.68,2854.16,SOSHA1001000148,Invoice,Invoiced,12/03/2025,,,,,,,,,,,,,,12,Picked,DTR Van-D,,,,,,,,
IN000962,7880336,CT0010054433,SHA1006,23,366165,0366165,Dettol Soap Original 48*175G,OU,S,CA,12,0,11184,233,2796,1342.08,335.52,0,0,335.52,2460.48,0,393.68,2854.16,SOSHA1006000186,Invoice,Invoiced,13/03/2025,,,,,,,,,,,,,,12,Picked,DTR Van-D,,,,,,,,
IN000962,7880336,CT0010054433,SHA1006,33,3299074,3299074,Dettol soap Herbal 165g,EA,S,EA,12,0,233,233,2796,27.96,335.52,0,0,335.52,2460.48,0,393.68,2854.16,SOSHA1006000186,Invoice,Invoiced,13/03/2025,,,,,,,,,,,,,,12,Picked,DTR Van-D,,,,,,,,
IN000962,7880336,CT0010054433,SHA1006,35,3299086,3299086,Dettol soap cool 165g,EA,S,EA,12,0,233,233,2796,27.96,335.52,0,0,335.52,2460.48,0,393.68,2854.16,SOSHA1006000186,Invoice,Invoiced,13/03/2025,,,,,,,,,,,,,,12,Picked,DTR Van-D,,,,,,,,
IN000962,7880336,CT0010054433,SHA1006,36,3299087,3299087,Dettol soap Skincare 165g,EA,S,EA,12,0,233,233,2796,27.96,335.52,0,0,335.52,2460.48,0,393.68,2854.16,SOSHA1006000186,Invoice,Invoiced,13/03/2025,,,,,,,,,,,,,,12,Picked,DTR Van-D,,,,,,,,
IN001011,7880336,CT0010044594,SHA1004,2,366165,0366165,Dettol Soap Original 48*175G,OU,S,CA,12,0,11184,233,2796,1342.08,335.52,0,0,335.52,2460.48,0,393.68,2854.16,SOSHA1004000160,Invoice,Invoiced,14/03/2025,,,,,,,,,,,,,,12,Picked,DTR Van-D,,,,,,,,
IN001038,7880336,CT0010054463,SHA1005,4,366165,0366165,Dettol Soap Original 48*175G,OU,S,CA,12,0,11184,233,2796,1342.08,335.52,0,0,335.52,2460.48,0,393.68,2854.16,SOSHA1005000139,Invoice,Invoiced,14/03/2025,,,,,,,,,,,,,,12,Picked,DTR Van-D,,,,,,,,
IN001054,7880336,CT0010054457,SHA1006,28,366165,0366165,Dettol Soap Original 48*175G,OU,S,CA,12,0,11184,233,2796,1342.08,335.52,0,0,335.52,2460.48,0,393.68,2854.16,SOSHA1006000189,Invoice,Invoiced,14/03/2025,,,,,,,,,,,,,,12,Picked,DTR Van-D,,,,,,,,
IN001054,7880336,CT0010054457,SHA1006,38,3299074,3299074,Dettol soap Herbal 165g,EA,S,EA,12,0,233,233,2796,27.96,335.52,0,0,335.52,2460.48,0,393.68,2854.16,SOSHA1006000189,Invoice,Invoiced,14/03/2025,,,,,,,,,,,,,,12,Picked,DTR Van-D,,,,,,,,
IN001054,7880336,CT0010054457,SHA1006,40,3299086,3299086,Dettol soap cool 165g,EA,S,EA,12,0,233,233,2796,27.96,335.52,0,0,335.52,2460.48,0,393.68,2854.16,SOSHA1006000189,Invoice,Invoiced,14/03/2025,,,,,,,,,,,,,,12,Picked,DTR Van-D,,,,,,,,
IN001054,7880336,CT0010054457,SHA1006,41,3299087,3299087,Dettol soap Skincare 165g,EA,S,EA,12,0,233,233,2796,27.96,335.52,0,0,335.52,2460.48,0,393.68,2854.16,SOSHA1006000189,Invoice,Invoiced,14/03/2025,,,,,,,,,,,,,,12,Picked,DTR Van-D,,,,,,,,
IN001078,7880336,CT0010043496,SHA1000,14,366165,0366165,Dettol Soap Original 48*175G,OU,S,CA,12,0,11184,233,2796,1342.08,335.52,0,0,335.52,2460.48,0,393.68,2854.16,SOSHA1000000024,Invoice,Invoiced,17/03/2025,,,,,,,,,,,,,,12,Picked,DTR Van-D,,,,,,,,
IN001078,7880336,CT0010043496,SHA1000,22,3299074,3299074,Dettol soap Herbal 165g,EA,S,EA,12,0,233,233,2796,27.96,335.52,0,0,335.52,2460.48,0,393.68,2854.16,SOSHA1000000024,Invoice,Invoiced,17/03/2025,,,,,,,,,,,,,,12,Picked,DTR Van-D,,,,,,,,
IN001078,7880336,CT0010043496,SHA1000,24,3299086,3299086,Dettol soap cool 165g,EA,S,EA,12,0,233,233,2796,27.96,335.52,0,0,335.52,2460.48,0,393.68,2854.16,SOSHA1000000024,Invoice,Invoiced,17/03/2025,,,,,,,,,,,,,,12,Picked,DTR Van-D,,,,,,,,
IN001078,7880336,CT0010043496,SHA1000,25,3299087,3299087,Dettol soap Skincare 165g,EA,S,EA,12,0,233,233,2796,27.96,335.52,0,0,335.52,2460.48,0,393.68,2854.16,SOSHA1000000024,Invoice,Invoiced,17/03/2025,,,,,,,,,,,,,,12,Picked,DTR Van-D,,,,,,,,
IN001270,7880336,CT0010046213,SHA1006,5,366165,0366165,Dettol Soap Original 48*175G,OU,S,CA,12,0,11184,233,2796,1342.08,335.52,0,0,335.52,2460.48,0,393.68,2854.16,SOSHA1006000237,Invoice,Invoiced,18/03/2025,,,,,,,,,,,,,,12,Picked,DTR Van-D,,,,,,,,
IN001399,7880336,CT0010046977,SHA1007,5,3299074,3299074,Dettol soap Herbal 165g,EA,S,EA,12,0,233,233,2796,27.96,335.52,0,0,335.52,2460.48,0,393.68,2854.16,SOSHA1007000207,Invoice,Invoiced,20/03/2025,,,,,,,,,,,,,,12,Picked,DTR Van-D,,,,,,,,
IN000990,7880336,CT0010047799,SHA1001,6,384663,0384663,Jik Bleach 1.5L(New Pack) *8,OU,S,CA,4,0,4926.11,615.76,2463.04,0,0,0,0,0,2463.04,0,394.09,2857.13,SOSHA1001000173,Invoice,Invoiced,14/03/2025,,,,,,,,,,,,,,4,Picked,DTR Van-D,,,,,,,,
IN001043,7880336,CT0010054470,SHA1005,7,384663,0384663,Jik Bleach 1.5L(New Pack) *8,OU,S,CA,4,0,4926.11,615.76,2463.04,0,0,0,0,0,2463.04,0,394.09,2857.13,SOSHA1005000135,Invoice,Invoiced,14/03/2025,,,,,,,,,,,,,,4,Picked,DTR Van-D,,,,,,,,
IN000159,7880336,CT0010044208,SHA1000,6,3053889,3053889,HARPIC P/PLUS 500ML+200ML*12,OU,S,CA,6,0,5726,477.17,2863.02,0,0,0,0,0,2863.02,0,0,2863.02,SOSHA1000000010,Invoice,Invoiced,04/03/2025,,,,,,,,,,,,,,6,Picked,DTR Van-D,,,,,,,,
IN000159,7880336,CT0010044208,SHA1000,7,3053891,3053891,HARPIC P/PLUS CITRUS 500ML+200ML*12,OU,S,CA,6,0,5726.6,477.22,2863.32,0,0,0,0,0,2863.32,0,0,2863.32,SOSHA1000000010,Invoice,Invoiced,04/03/2025,,,,,,,,,,,,,,6,Picked,DTR Van-D,,,,,,,,
IN000889,7880336,CT0010044745,SHA1005,7,3252303,3252303,HARPIC TECHNO LEMON 1000ML*12,OU,S,CA,3,0,9913.79,826.15,2478.45,0,0,0,0,0,2478.45,0,396.55,2875,SOSHA1005000115,Invoice,Invoiced,12/03/2025,,,,,,,,,,,,,,3,Picked,DTR Van-D,,,,,,,,
IN001301,7880336,CT0010046600,SHA1001,20,3252301,3252301,HARPIC TECHNO FLORAL 1000ML*12,OU,S,CA,3,0,9913.79,826.15,2478.45,0,0,0,0,0,2478.45,0,396.55,2875,SOSHA1001000222,Invoice,Invoiced,20/03/2025,,,,,,,,,,,,,,3,Picked,DTR Van-D,,,,,,,,
IN001510,7880336,CT0010047491,SHA1000,23,3252301,3252301,HARPIC TECHNO FLORAL 1000ML*12,OU,S,CA,3,0,9913.79,826.15,2478.45,0,0,0,0,0,2478.45,0,396.55,2875,SOSHA1000000032,Invoice,Invoiced,21/03/2025,,,,,,,,,,,,,,3,Unpick,Wholesale-D,,,,,,,,
IN000345,7880336,CT0010044948,SHA1004,4,384683,0384683,Jik Colours 250Ml *18,OU,S,CA,12,0,3740.76,207.82,2493.84,0,0,0,0,0,2493.84,0,399.01,2892.85,SOSHA1004000047,Invoice,Invoiced,06/03/2025,,,,,,,,,,,,,,12,Picked,DTR Van-D,,,,,,,,
IN000758,7880336,CT0010043745,SHA1003,10,384683,0384683,Jik Colours 250Ml *18,OU,S,CA,12,0,3740.76,207.82,2493.84,0,0,0,0,0,2493.84,0,399.01,2892.85,SOSHA1003000132,Invoice,Invoiced,11/03/2025,,,,,,,,,,,,,,12,Picked,DTR Van-D,,,,,,,,
IN000761,7880336,CT0010045500,SHA1005,2,384683,0384683,Jik Colours 250Ml *18,OU,S,CA,12,0,3740.76,207.82,2493.84,0,0,0,0,0,2493.84,0,399.01,2892.85,SOSHA1005000091,Invoice,Invoiced,11/03/2025,,,,,,,,,,,,,,12,Picked,DTR Van-D,,,,,,,,
IN000793,7880336,CT0010054326,SHA1002,3,384683,0384683,Jik Colours 250Ml *18,OU,S,CA,12,0,3740.76,207.82,2493.84,0,0,0,0,0,2493.84,0,399.01,2892.85,SOSHA1002000138,Invoice,Invoiced,11/03/2025,,,,,,,,,,,,,,12,Picked,DTR Van-D,,,,,,,,
IN000961,7880336,CT0010054390,SHA1006,12,384683,0384683,Jik Colours 250Ml *18,OU,S,CA,12,0,3740.76,207.82,2493.84,0,0,0,0,0,2493.84,0,399.01,2892.85,SOSHA1006000170,Invoice,Invoiced,13/03/2025,,,,,,,,,,,,,,12,Picked,DTR Van-D,,,,,,,,
IN000739,7880336,CT0010042951,SHA1001,3,3049805,3049805,DETTOL LIQUID 72*125ML,OU,S,CA,8,0,22571,313.49,2507.92,0,0,0,0,0,2507.92,0,401.27,2909.19,SOSHA1001000131,Invoice,Invoiced,11/03/2025,,,,,,,,,,,,,,8,Picked,DTR Van-D,,,,,,,,
IN001288,7880336,CT0010041892,SHA1000,10,366165,0366165,Dettol Soap Original 48*175G,OU,S,CA,12,0,11184,233,2796,1098.08,274.52,0,0,274.52,2521.48,0,403.44,2924.92,SOSHA1000000030,Invoice,Invoiced,20/03/2025,,,,,,,,,,,,,,12,Picked,DTR Van-D,,,,,,,,
IN001288,7880336,CT0010041892,SHA1000,13,3299074,3299074,Dettol soap Herbal 165g,EA,S,EA,12,0,233,233,2796,22.8767,274.52,0,0,274.52,2521.48,0,403.44,2924.92,SOSHA1000000030,Invoice,Invoiced,20/03/2025,,,,,,,,,,,,,,12,Picked,DTR Van-D,,,,,,,,
IN001288,7880336,CT0010041892,SHA1000,15,3299087,3299087,Dettol soap Skincare 165g,EA,S,EA,12,0,233,233,2796,22.8767,274.52,0,0,274.52,2521.48,0,403.44,2924.92,SOSHA1000000030,Invoice,Invoiced,20/03/2025,,,,,,,,,,,,,,12,Picked,DTR Van-D,,,,,,,,
IN000212,7880336,CT0010045767,SHA1006,1,3049801,3049801,DETTOL LIQUID 96*50ML,OU,S,CA,36,0,9028.21,94.04,3385.44,1083.3333,406.25,0,0,406.25,2979.19,0,0,2979.19,SOSHA1006000031,Invoice,Invoiced,05/03/2025,,,,,,,,,,,,,,36,Unpick,DTR Van-D,,,,,,,,
IN001054,7880336,CT0010054457,SHA1006,17,8055078,8055078,Veet Cream Normal 36*100Gm,OU,S,CA,3,0,31034,862.06,2586.18,0,0,0,0,0,2586.18,0,413.79,2999.97,SOSHA1006000189,Invoice,Invoiced,14/03/2025,,,,,,,,,,,,,,3,Picked,DTR Van-D,,,,,,,,
IN000473,7880336,CT0010054090,SHA1007,4,366159,0366159,Dettol Soap Original 72*90Gm,OU,S,CA,24,0,9028,125.39,3009.36,0,0,0,0,0,3009.36,0,0,3009.36,SOSHA1007000056,Invoice,Invoiced,06/03/2025,,,,,,,,,,,,,,24,Picked,DTR Van-A,,,,,,,,
IN001054,7880336,CT0010054457,SHA1006,49,299719,0299719,HARPIC POWERPLUS CITRUS 500ML*24,OU,S,CA,6,0,11083.74,461.82,2770.92,665.04,166.26,0,0,166.26,2604.66,0,416.75,3021.41,SOSHA1006000189,Invoice,Invoiced,14/03/2025,,,,,,,,,,,,,,6,Picked,DTR Van-D,,,,,,,,
IN001054,7880336,CT0010054457,SHA1006,50,352645,0352645,Harpic Power Plus Lavender 500Ml*24,OU,S,CA,6,0,11083.74,461.82,2770.92,665.04,166.26,0,0,166.26,2604.66,0,416.75,3021.41,SOSHA1006000189,Invoice,Invoiced,14/03/2025,,,,,,,,,,,,,,6,Picked,DTR Van-D,,,,,,,,
IN001125,7880336,CT0010054569,SHA1005,7,299713,0299713,Harpic Power Plus 500Ml*24,OU,S,CA,6,0,11083.74,461.82,2770.92,665.04,166.26,0,0,166.26,2604.66,0,416.75,3021.41,SOSHA1005000154,Invoice,Invoiced,17/03/2025,,,,,,,,,,,,,,6,Picked,DTR Van-D,,,,,,,,
IN001135,7880336,CT0010054530,SHA1005,6,299719,0299719,HARPIC POWERPLUS CITRUS 500ML*24,OU,S,CA,6,0,11083.74,461.82,2770.92,665.04,166.26,0,0,166.26,2604.66,0,416.75,3021.41,SOSHA1005000147,Invoice,Invoiced,17/03/2025,,,,,,,,,,,,,,6,Picked,DTR Van-D,,,,,,,,
IN001440,7880336,CT0010042446,SHA1003,4,299713,0299713,Harpic Power Plus 500Ml*24,OU,S,CA,6,0,11083.74,461.82,2770.92,665.04,166.26,0,0,166.26,2604.66,0,416.75,3021.41,SOSHA1003000238,Invoice,Invoiced,21/03/2025,,,,,,,,,,,,,,6,Picked,DTR Van-D,,,,,,,,
IN000359,7880336,CT0010054087,SHA1006,1,331051,0331051,Mortein Doom Powergard Aiko  12*180Ml,OU,S,CA,6,0,6112.85,509.4,3056.4,0,0,0,0,0,3056.4,0,0,3056.4,SOSHA1006000089,Invoice,Invoiced,06/03/2025,,,,,,,,,,,,,,6,Picked,DTR Van-A,,,,,,,,
IN000359,7880336,CT0010054087,SHA1006,3,349291,0349291,Mortein Doom P.Gard Aik Lemon 12*180Ml,OU,S,CA,6,0,6112.85,509.4,3056.4,0,0,0,0,0,3056.4,0,0,3056.4,SOSHA1006000089,Invoice,Invoiced,06/03/2025,,,,,,,,,,,,,,6,Picked,DTR Van-A,,,,,,,,
IN000721,7880336,CT0010054234,SHA1000,16,3299176,3299176,Dettol soap Eventone 165g,EA,S,EA,12,0,220,220,2640,0,0,0,0,0,2640,0,422.4,3062.4,SOSHA1000000014,Invoice,Invoiced,11/03/2025,,,,,,,,,,,,,,12,Picked,Other Supermarts-D,,,,,,,,
IN001287,7880336,CT0010047503,SHA1000,42,3299175,3299175,Dettol soap Pome 165g,EA,S,EA,12,0,220,220,2640,0,0,0,0,0,2640,0,422.4,3062.4,SOSHA1000000029,Invoice,Invoiced,20/03/2025,,,,,,,,,,,,,,12,Picked,Medium Supermarket-D,,,,,,,,
IN001286,7880336,CT0010047491,SHA1000,32,3277708,3277708,JIK REGULAR 750ML (2+1),OU,S,CA,4,0,3972,662,2648,0,0,0,0,0,2648,0,423.68,3071.68,SOSHA1000000028,Invoice,Invoiced,20/03/2025,,,,,,,,,,,,,,4,Picked,Wholesale-D,,,,,,,,
IN001084,7880336,CT0010043510,SHA1002,2,299711,0299711,Harpic Power Plus 1Litre*12,OU,S,CA,3,0,10621.92,885.16,2655.48,0,0,0,0,0,2655.48,0,424.88,3080.36,SOSHA1002000176,Invoice,Invoiced,17/03/2025,,,,,,,,,,,,,,3,Picked,DTR Van-D,,,,,,,,
IN000460,7880336,CT0010046542,SHA1005,5,366183,0366183,Dettol Soap Cool 72*60G,OU,S,CA,48,0,3986,55.36,2657.28,0,0,0,0,0,2657.28,0,425.16,3082.44,SOSHA1005000057,Invoice,Invoiced,06/03/2025,,,,,,,,,,,,,,48,Picked,DTR Van-D,,,,,,,,
IN001027,7880336,CT0010054476,SHA1005,2,328906,0328906,STREPSILS REGULAR 50*2(NEW STOCK *24 UNIT,OU,S,EA,100,0,33.83,33.83,3383,2.2734,227.34,0,0,227.34,3155.66,0,0,3155.66,SOSHA1005000123,Invoice,Invoiced,14/03/2025,,,,,,,,,,,,,,100,Picked,DTR Van-D,,,,,,,,
IN000125,7880336,CT0010041511,SHA1003,2,3049807,3049807,DETTOL LIQUID 24*500ML,OU,S,CA,3,0,25508,1062.83,3188.49,0,0,0,0,0,3188.49,0,0,3188.49,SOSHA1003000004,Invoice,Invoiced,04/03/2025,,,,,,,,,,,,,,3,Unpick,DTR Van-D,,,,,,,,
IN000159,7880336,CT0010044208,SHA1000,1,3049807,3049807,DETTOL LIQUID 24*500ML,OU,S,CA,3,0,25508,1062.83,3188.49,0,0,0,0,0,3188.49,0,0,3188.49,SOSHA1000000010,Invoice,Invoiced,04/03/2025,,,,,,,,,,,,,,3,Picked,DTR Van-D,,,,,,,,
IN000962,7880336,CT0010054433,SHA1006,44,352645,0352645,Harpic Power Plus Lavender 500Ml*24,OU,S,CA,6,0,11083.74,461.82,2770.92,0,0,0,0,0,2770.92,0,443.35,3214.27,SOSHA1006000186,Invoice,Invoiced,13/03/2025,,,,,,,,,,,,,,6,Picked,DTR Van-D,,,,,,,,
IN000131,7880336,CT0010042299,SHA1001,2,238167,0238167,Jik Bleach Regular 70Ml *144,CA,S,CA,1,0,3218.39,3218.39,3218.39,0,0,0,0,0,3218.39,0,0,3218.39,SOSHA1001000002,Invoice,Invoiced,04/03/2025,,,,,,,,,,,,,,144,Unpick,DTR Van-D,,,,,,,,
IN000277,7880336,CT0010054061,SHA1001,3,366165,0366165,Dettol Soap Original 48*175G,OU,S,CA,12,0,11184,233,2796,0,0,0,0,0,2796,0,447.36,3243.36,SOSHA1001000044,Invoice,Invoiced,06/03/2025,,,,,,,,,,,,,,12,Picked,DTR Van-D,,,,,,,,
IN000978,7880336,CT0010050026,SHA1000,13,3299074,3299074,Dettol soap Herbal 165g,EA,S,EA,12,0,233,233,2796,0,0,0,0,0,2796,0,447.36,3243.36,SOSHA1000000023,Invoice,Invoiced,14/03/2025,,,,,,,,,,,,,,12,Picked,Other Supermarts-D,,,,,,,,
IN001062,7880336,CT0010043148,SHA1000,3,366165,0366165,Dettol Soap Original 48*175G,OU,S,CA,12,0,11184,233,2796,0,0,0,0,0,2796,0,447.36,3243.36,SOSHA1000000026,Invoice,Invoiced,17/03/2025,,,,,,,,,,,,,,12,Picked,Other Supermarts-D,,,,,,,,
IN001062,7880336,CT0010043148,SHA1000,4,3299086,3299086,Dettol soap cool 165g,EA,S,EA,12,0,233,233,2796,0,0,0,0,0,2796,0,447.36,3243.36,SOSHA1000000026,Invoice,Invoiced,17/03/2025,,,,,,,,,,,,,,12,Picked,Other Supermarts-D,,,,,,,,
IN000174,7880336,CT0010045388,SHA1004,7,3066839,3066839,Jik Colours 1.5L *8,OU,S,CA,3,0,7471.26,933.91,2801.73,0,0,0,0,0,2801.73,0,448.28,3250.01,SOSHA1004000011,Invoice,Invoiced,04/03/2025,,,,,,,,,,,,,,3,Picked,DTR Van-D,,,,,,,,
IN000903,7880336,CT0010054388,SHA1000,14,8055075,8055075,Veet Cream Normal 72*50Gm,OU,S,CA,6,0,33856,470.22,2821.32,0,0,0,0,0,2821.32,0,451.41,3272.73,SOSHA1000000018,Invoice,Invoiced,13/03/2025,,,,,,,,,,,,,,6,Picked,Medium Supermarket-D,,,,,,,,
IN001270,7880336,CT0010046213,SHA1006,2,8055075,8055075,Veet Cream Normal 72*50Gm,OU,S,CA,6,0,33856,470.22,2821.32,0,0,0,0,0,2821.32,0,451.41,3272.73,SOSHA1006000237,Invoice,Invoiced,18/03/2025,,,,,,,,,,,,,,6,Picked,DTR Van-D,,,,,,,,
IN001461,7880336,CT0010054135,SHA1004,1,299714,0299714,Harpic Power Plus 200Ml *36,OU,S,CA,24,0,4655,129.31,3103.44,418.965,279.31,0,0,279.31,2824.13,0,451.86,3275.99,SOSHA1004000258,Invoice,Invoiced,21/03/2025,,,,,,,,,,,,,,24,Picked,DTR Van-A,,,,,,,,
IN001506,7880336,CT0010054736,SHA1007,11,299714,0299714,Harpic Power Plus 200Ml *36,OU,S,CA,24,0,4655,129.31,3103.44,418.965,279.31,0,0,279.31,2824.13,0,451.86,3275.99,SOSHA1007000230,Invoice,Invoiced,21/03/2025,,,,,,,,,,,,,,24,Picked,DTR Van-D,,,,,,,,
IN000179,7880336,CT0010043132,SHA1005,3,3053889,3053889,HARPIC P/PLUS 500ML+200ML*12,OU,S,CA,6,0,5726,477.17,2863.02,0,0,0,0,0,2863.02,0,458.08,3321.1,SOSHA1005000017,Invoice,Invoiced,04/03/2025,,,,,,,,,,,,,,6,Picked,DTR Van-D,,,,,,,,
IN000181,7880336,CT0010043510,SHA1002,7,3053889,3053889,HARPIC P/PLUS 500ML+200ML*12,OU,S,CA,6,0,5726,477.17,2863.02,0,0,0,0,0,2863.02,0,458.08,3321.1,SOSHA1002000039,Invoice,Invoiced,04/03/2025,,,,,,,,,,,,,,6,Picked,DTR Van-D,,,,,,,,
IN000219,7880336,CT0010045053,SHA1002,5,3053889,3053889,HARPIC P/PLUS 500ML+200ML*12,OU,S,CA,6,0,5726,477.17,2863.02,0,0,0,0,0,2863.02,0,458.08,3321.1,SOSHA1002000043,Invoice,Invoiced,05/03/2025,,,,,,,,,,,,,,6,Picked,DTR Van-D,,,,,,,,
IN000235,7880336,CT0010044695,SHA1004,1,3053889,3053889,HARPIC P/PLUS 500ML+200ML*12,OU,S,CA,6,0,5726,477.17,2863.02,0,0,0,0,0,2863.02,0,458.08,3321.1,SOSHA1004000023,Invoice,Invoiced,05/03/2025,,,,,,,,,,,,,,6,Picked,DTR Van-D,,,,,,,,
IN000522,7880336,CT0010044980,SHA1002,3,3053889,3053889,HARPIC P/PLUS 500ML+200ML*12,OU,S,CA,6,0,5726,477.17,2863.02,0,0,0,0,0,2863.02,0,458.08,3321.1,SOSHA1002000108,Invoice,Invoiced,08/03/2025,,,,,,,,,,,,,,6,Picked,DTR Van-D,,,,,,,,
IN000539,7880336,CT0010043793,SHA1003,5,3053889,3053889,HARPIC P/PLUS 500ML+200ML*12,OU,S,CA,6,0,5726,477.17,2863.02,0,0,0,0,0,2863.02,0,458.08,3321.1,SOSHA1003000092,Invoice,Invoiced,08/03/2025,,,,,,,,,,,,,,6,Picked,DTR Van-D,,,,,,,,
IN000598,7880336,CT0010054219,SHA1004,14,3053889,3053889,HARPIC P/PLUS 500ML+200ML*12,OU,S,CA,6,0,5726,477.17,2863.02,0,0,0,0,0,2863.02,0,458.08,3321.1,SOSHA1004000087,Invoice,Invoiced,10/03/2025,,,,,,,,,,,,,,6,Unpick,DTR Van-A,,,,,,,,
IN000738,7880336,CT0010042949,SHA1001,8,3053889,3053889,HARPIC P/PLUS 500ML+200ML*12,OU,S,CA,6,0,5726,477.17,2863.02,0,0,0,0,0,2863.02,0,458.08,3321.1,SOSHA1001000130,Invoice,Invoiced,11/03/2025,,,,,,,,,,,,,,6,Picked,DTR Van-D,,,,,,,,
IN000747,7880336,CT0010045490,SHA1004,9,3053889,3053889,HARPIC P/PLUS 500ML+200ML*12,OU,S,CA,6,0,5726,477.17,2863.02,0,0,0,0,0,2863.02,0,458.08,3321.1,SOSHA1004000112,Invoice,Invoiced,11/03/2025,,,,,,,,,,,,,,6,Picked,DTR Van-D,,,,,,,,
IN000989,7880336,CT0010047784,SHA1001,12,3053889,3053889,HARPIC P/PLUS 500ML+200ML*12,OU,S,CA,6,0,5726,477.17,2863.02,0,0,0,0,0,2863.02,0,458.08,3321.1,SOSHA1001000168,Invoice,Invoiced,14/03/2025,,,,,,,,,,,,,,6,Picked,DTR Van-D,,,,,,,,
IN001005,7880336,CT0010041926,SHA1004,3,3053889,3053889,HARPIC P/PLUS 500ML+200ML*12,OU,S,CA,6,0,5726,477.17,2863.02,0,0,0,0,0,2863.02,0,458.08,3321.1,SOSHA1004000154,Invoice,Invoiced,14/03/2025,,,,,,,,,,,,,,6,Picked,DTR Van-D,,,,,,,,
IN001043,7880336,CT0010054470,SHA1005,9,3053889,3053889,HARPIC P/PLUS 500ML+200ML*12,OU,S,CA,6,0,5726,477.17,2863.02,0,0,0,0,0,2863.02,0,458.08,3321.1,SOSHA1005000135,Invoice,Invoiced,14/03/2025,,,,,,,,,,,,,,6,Picked,DTR Van-D,,,,,,,,
IN001168,7880336,CT0010054044,SHA1001,5,3053889,3053889,HARPIC P/PLUS 500ML+200ML*12,OU,S,CA,6,0,5726,477.17,2863.02,0,0,0,0,0,2863.02,0,458.08,3321.1,SOSHA1001000193,Invoice,Invoiced,18/03/2025,,,,,,,,,,,,,,6,Picked,DTR Van-D,,,,,,,,
IN001043,7880336,CT0010054470,SHA1005,10,3053891,3053891,HARPIC P/PLUS CITRUS 500ML+200ML*12,OU,S,CA,6,0,5726.6,477.22,2863.32,0,0,0,0,0,2863.32,0,458.13,3321.45,SOSHA1005000135,Invoice,Invoiced,14/03/2025,,,,,,,,,,,,,,6,Picked,DTR Van-D,,,,,,,,
IN001287,7880336,CT0010047503,SHA1000,10,8159317,8159317,Mortein Doom Mos Repellant Refill 30N *24(Power),OU,S,CA,6,0,11551.72,481.32,2887.92,0,0,0,0,0,2887.92,0,462.07,3349.99,SOSHA1000000029,Invoice,Invoiced,20/03/2025,,,,,,,,,,,,,,6,Picked,Medium Supermarket-D,,,,,,,,
IN000701,7880336,CT0010047492,SHA1000,13,384671,0384671,Jik Bleach Regular 5Lt *4,OU,S,CA,2,0,5849.75,1462.44,2924.88,0,0,0,0,0,2924.88,0,467.98,3392.86,SOSHA1000000015,Invoice,Invoiced,11/03/2025,,,,,,,,,,,,,,2,Picked,Medium Supermarket-D,,,,,,,,
IN000219,7880336,CT0010045053,SHA1002,2,238167,0238167,Jik Bleach Regular 70Ml *144,CA,S,CA,1,0,3218.39,3218.39,3218.39,289.66,289.66,0,0,289.66,2928.73,0,468.6,3397.33,SOSHA1002000043,Invoice,Invoiced,05/03/2025,,,,,,,,,,,,,,144,Picked,DTR Van-D,,,,,,,,
IN000247,7880336,CT0010044654,SHA1004,1,238167,0238167,Jik Bleach Regular 70Ml *144,CA,S,CA,1,0,3218.39,3218.39,3218.39,289.66,289.66,0,0,289.66,2928.73,0,468.6,3397.33,SOSHA1004000024,Invoice,Invoiced,05/03/2025,,,,,,,,,,,,,,144,Picked,DTR Van-D,,,,,,,,
IN000256,7880336,CT0010043286,SHA1005,1,238167,0238167,Jik Bleach Regular 70Ml *144,CA,S,CA,1,0,3218.39,3218.39,3218.39,289.66,289.66,0,0,289.66,2928.73,0,468.6,3397.33,SOSHA1005000030,Invoice,Invoiced,05/03/2025,,,,,,,,,,,,,,144,Picked,DTR Van-D,,,,,,,,
IN000323,7880336,CT0010041824,SHA1003,1,238167,0238167,Jik Bleach Regular 70Ml *144,CA,S,CA,1,0,3218.39,3218.39,3218.39,289.66,289.66,0,0,289.66,2928.73,0,468.6,3397.33,SOSHA1003000077,Invoice,Invoiced,06/03/2025,,,,,,,,,,,,,,144,Picked,DTR Van-D,,,,,,,,
IN000508,7880336,CT0010045004,SHA1001,1,238167,0238167,Jik Bleach Regular 70Ml *144,CA,S,CA,1,0,3218.39,3218.39,3218.39,289.66,289.66,0,0,289.66,2928.73,0,468.6,3397.33,SOSHA1001000081,Invoice,Invoiced,08/03/2025,,,,,,,,,,,,,,144,Picked,DTR Van-D,,,,,,,,
IN000599,7880336,CT0010047837,SHA1001,1,238167,0238167,Jik Bleach Regular 70Ml *144,CA,S,CA,1,0,3218.39,3218.39,3218.39,289.66,289.66,0,0,289.66,2928.73,0,468.6,3397.33,SOSHA1001000092,Invoice,Invoiced,10/03/2025,,,,,,,,,,,,,,144,Picked,DTR Van-D,,,,,,,,
IN000633,7880336,CT0010041709,SHA1003,1,238167,0238167,Jik Bleach Regular 70Ml *144,CA,S,CA,1,0,3218.39,3218.39,3218.39,289.66,289.66,0,0,289.66,2928.73,0,468.6,3397.33,SOSHA1003000108,Invoice,Invoiced,10/03/2025,,,,,,,,,,,,,,144,Picked,DTR Van-D,,,,,,,,
IN000796,7880336,CT0010054270,SHA1006,1,238167,0238167,Jik Bleach Regular 70Ml *144,CA,S,CA,1,0,3218.39,3218.39,3218.39,289.66,289.66,0,0,289.66,2928.73,0,468.6,3397.33,SOSHA1006000143,Invoice,Invoiced,12/03/2025,,,,,,,,,,,,,,144,Picked,DTR Van-A,,,,,,,,
IN000806,7880336,CT0010054233,SHA1006,1,238167,0238167,Jik Bleach Regular 70Ml *144,CA,S,CA,1,0,3218.39,3218.39,3218.39,289.66,289.66,0,0,289.66,2928.73,0,468.6,3397.33,SOSHA1006000142,Invoice,Invoiced,12/03/2025,,,,,,,,,,,,,,144,Picked,DTR Van-D,,,,,,,,
IN000857,7880336,CT0010054353,SHA1007,1,238167,0238167,Jik Bleach Regular 70Ml *144,CA,S,CA,1,0,3218.39,3218.39,3218.39,289.66,289.66,0,0,289.66,2928.73,0,468.6,3397.33,SOSHA1007000143,Invoice,Invoiced,12/03/2025,,,,,,,,,,,,,,144,Picked,DTR Van-D,,,,,,,,
IN000917,7880336,CT0010043949,SHA1003,1,238167,0238167,Jik Bleach Regular 70Ml *144,CA,S,CA,1,0,3218.39,3218.39,3218.39,289.66,289.66,0,0,289.66,2928.73,0,468.6,3397.33,SOSHA1003000152,Invoice,Invoiced,13/03/2025,,,,,,,,,,,,,,144,Picked,DTR Van-D,,,,,,,,
IN000918,7880336,CT0010043945,SHA1003,1,238167,0238167,Jik Bleach Regular 70Ml *144,CA,S,CA,1,0,3218.39,3218.39,3218.39,289.66,289.66,0,0,289.66,2928.73,0,468.6,3397.33,SOSHA1003000153,Invoice,Invoiced,13/03/2025,,,,,,,,,,,,,,144,Picked,DTR Van-D,,,,,,,,
IN001207,7880336,CT0010044654,SHA1004,1,238167,0238167,Jik Bleach Regular 70Ml *144,CA,S,CA,1,0,3218.39,3218.39,3218.39,289.66,289.66,0,0,289.66,2928.73,0,468.6,3397.33,SOSHA1004000193,Invoice,Invoiced,18/03/2025,,,,,,,,,,,,,,144,Picked,DTR Van-D,,,,,,,,
IN001232,7880336,CT0010054642,SHA1004,1,238167,0238167,Jik Bleach Regular 70Ml *144,CA,S,CA,1,0,3218.39,3218.39,3218.39,289.66,289.66,0,0,289.66,2928.73,0,468.6,3397.33,SOSHA1004000217,Invoice,Invoiced,18/03/2025,,,,,,,,,,,,,,144,Picked,DTR Van-D,,,,,,,,
IN001249,7880336,CT0010054613,SHA1005,1,238167,0238167,Jik Bleach Regular 70Ml *144,CA,S,CA,1,0,3218.39,3218.39,3218.39,289.66,289.66,0,0,289.66,2928.73,0,468.6,3397.33,SOSHA1005000174,Invoice,Invoiced,18/03/2025,,,,,,,,,,,,,,144,Picked,DTR Van-D,,,,,,,,
IN001252,7880336,CT0010054623,SHA1005,1,238167,0238167,Jik Bleach Regular 70Ml *144,CA,S,CA,1,0,3218.39,3218.39,3218.39,289.66,289.66,0,0,289.66,2928.73,0,468.6,3397.33,SOSHA1005000177,Invoice,Invoiced,18/03/2025,,,,,,,,,,,,,,144,Picked,DTR Van-D,,,,,,,,
IN001324,7880336,CT0010041662,SHA1003,1,238167,0238167,Jik Bleach Regular 70Ml *144,CA,S,CA,1,0,3218.39,3218.39,3218.39,289.66,289.66,0,0,289.66,2928.73,0,468.6,3397.33,SOSHA1003000214,Invoice,Invoiced,20/03/2025,,,,,,,,,,,,,,144,Picked,DTR Van-D,,,,,,,,
IN001445,7880336,CT0010054738,SHA1003,1,238167,0238167,Jik Bleach Regular 70Ml *144,CA,S,CA,1,0,3218.39,3218.39,3218.39,289.66,289.66,0,0,289.66,2928.73,0,468.6,3397.33,SOSHA1003000245,Invoice,Invoiced,21/03/2025,,,,,,,,,,,,,,144,Picked,DTR Van-D,,,,,,,,
IN001453,7880336,CT0010042467,SHA1003,2,238167,0238167,Jik Bleach Regular 70Ml *144,CA,S,CA,1,0,3218.39,3218.39,3218.39,289.66,289.66,0,0,289.66,2928.73,0,468.6,3397.33,SOSHA1003000246,Invoice,Invoiced,21/03/2025,,,,,,,,,,,,,,144,Picked,DTR Van-D,,,,,,,,
IN001469,7880336,CT0010054115,SHA1005,1,238167,0238167,Jik Bleach Regular 70Ml *144,CA,S,CA,1,0,3218.39,3218.39,3218.39,289.66,289.66,0,0,289.66,2928.73,0,468.6,3397.33,SOSHA1005000197,Invoice,Invoiced,21/03/2025,,,,,,,,,,,,,,144,Picked,DTR Van-D,,,,,,,,
IN000312,7880336,CT0010041882,SHA1003,2,349291,0349291,Mortein Doom P.Gard Aik Lemon 12*180Ml,OU,S,CA,6,0,6112.85,509.4,3056.4,244.52,122.26,0,0,122.26,2934.14,0,469.46,3403.6,SOSHA1003000064,Invoice,Invoiced,06/03/2025,,,,,,,,,,,,,,6,Picked,DTR Van-D,,,,,,,,
IN000375,7880336,CT0010046929,SHA1007,2,349291,0349291,Mortein Doom P.Gard Aik Lemon 12*180Ml,OU,S,CA,6,0,6112.85,509.4,3056.4,244.52,122.26,0,0,122.26,2934.14,0,469.46,3403.6,SOSHA1007000048,Invoice,Invoiced,06/03/2025,,,,,,,,,,,,,,6,Picked,DTR Van-D,,,,,,,,
IN000740,7880336,CT0010042942,SHA1001,2,349291,0349291,Mortein Doom P.Gard Aik Lemon 12*180Ml,OU,S,CA,6,0,6112.85,509.4,3056.4,244.52,122.26,0,0,122.26,2934.14,0,469.46,3403.6,SOSHA1001000132,Invoice,Invoiced,11/03/2025,,,,,,,,,,,,,,6,Picked,DTR Van-D,,,,,,,,
IN000747,7880336,CT0010045490,SHA1004,1,331051,0331051,Mortein Doom Powergard Aiko  12*180Ml,OU,S,CA,6,0,6112.85,509.4,3056.4,244.52,122.26,0,0,122.26,2934.14,0,469.46,3403.6,SOSHA1004000112,Invoice,Invoiced,11/03/2025,,,,,,,,,,,,,,6,Picked,DTR Van-D,,,,,,,,
IN000758,7880336,CT0010043745,SHA1003,2,349291,0349291,Mortein Doom P.Gard Aik Lemon 12*180Ml,OU,S,CA,6,0,6112.85,509.4,3056.4,244.52,122.26,0,0,122.26,2934.14,0,469.46,3403.6,SOSHA1003000132,Invoice,Invoiced,11/03/2025,,,,,,,,,,,,,,6,Picked,DTR Van-D,,,,,,,,
IN000961,7880336,CT0010054390,SHA1006,2,331051,0331051,Mortein Doom Powergard Aiko  12*180Ml,OU,S,CA,6,0,6112.85,509.4,3056.4,244.52,122.26,0,0,122.26,2934.14,0,469.46,3403.6,SOSHA1006000170,Invoice,Invoiced,13/03/2025,,,,,,,,,,,,,,6,Picked,DTR Van-D,,,,,,,,
IN001012,7880336,CT0010054492,SHA1004,1,331051,0331051,Mortein Doom Powergard Aiko  12*180Ml,OU,S,CA,6,0,6112.85,509.4,3056.4,244.52,122.26,0,0,122.26,2934.14,0,469.46,3403.6,SOSHA1004000161,Invoice,Invoiced,14/03/2025,,,,,,,,,,,,,,6,Picked,DTR Van-D,,,,,,,,
IN001125,7880336,CT0010054569,SHA1005,1,331051,0331051,Mortein Doom Powergard Aiko  12*180Ml,OU,S,CA,6,0,6112.85,509.4,3056.4,244.52,122.26,0,0,122.26,2934.14,0,469.46,3403.6,SOSHA1005000154,Invoice,Invoiced,17/03/2025,,,,,,,,,,,,,,6,Picked,DTR Van-D,,,,,,,,
IN001476,7880336,CT0010044090,SHA1005,2,331051,0331051,Mortein Doom Powergard Aiko  12*180Ml,OU,S,CA,6,0,6112.85,509.4,3056.4,244.52,122.26,0,0,122.26,2934.14,0,469.46,3403.6,SOSHA1005000202,Invoice,Invoiced,21/03/2025,,,,,,,,,,,,,,6,Picked,DTR Van-D,,,,,,,,
IN001485,7880336,CT0010054727,SHA1005,4,331051,0331051,Mortein Doom Powergard Aiko  12*180Ml,OU,S,CA,6,0,6112.85,509.4,3056.4,244.52,122.26,0,0,122.26,2934.14,0,469.46,3403.6,SOSHA1005000213,Invoice,Invoiced,21/03/2025,,,,,,,,,,,,,,6,Picked,DTR Van-D,,,,,,,,
IN000904,7880336,CT0010054391,SHA1000,25,8055076,8055076,VEET CREAM SENSITIVE 36*100GM,EA,S,CA,4,0,31034,862.06,3448.24,0,0,0,0,0,3448.24,0,0,3448.24,SOSHA1000000019,Invoice,Invoiced,13/03/2025,,,,,,,,,,,,,,4,Picked,Other Supermarts-D,,,,,,,,
IN000904,7880336,CT0010054391,SHA1000,26,8055078,8055078,Veet Cream Normal 36*100Gm,OU,S,CA,4,0,31034,862.06,3448.24,0,0,0,0,0,3448.24,0,0,3448.24,SOSHA1000000019,Invoice,Invoiced,13/03/2025,,,,,,,,,,,,,,4,Picked,Other Supermarts-D,,,,,,,,
IN000142,7880336,CT0010043148,SHA1000,5,3277707,3277707,JIK REGULAR 750ML + 250ML,OU,S,CA,9,0,3972,331,2979,0,0,0,0,0,2979,0,476.64,3455.64,SOSHA1000000011,Invoice,Invoiced,04/03/2025,,,,,,,,,,,,,,9,Picked,Other Supermarts-D,,,,,,,,
IN000896,7880336,CT0010054360,SHA1006,1,3049801,3049801,DETTOL LIQUID 96*50ML,OU,S,CA,36,0,9028.21,94.04,3385.44,1083.3333,406.25,0,0,406.25,2979.19,0,476.67,3455.86,SOSHA1006000163,Invoice,Invoiced,12/03/2025,,,,,,,,,,,,,,36,Picked,DTR Van-D,,,,,,,,
IN001288,7880336,CT0010041892,SHA1000,3,3049801,3049801,DETTOL LIQUID 96*50ML,OU,S,CA,36,0,9028.21,94.04,3385.44,1083.3333,406.25,0,0,406.25,2979.19,0,476.67,3455.86,SOSHA1000000030,Invoice,Invoiced,20/03/2025,,,,,,,,,,,,,,36,Picked,DTR Van-D,,,,,,,,
IN001476,7880336,CT0010044090,SHA1005,4,3049801,3049801,DETTOL LIQUID 96*50ML,OU,S,CA,36,0,9028.21,94.04,3385.44,1083.3333,406.25,0,0,406.25,2979.19,0,476.67,3455.86,SOSHA1005000202,Invoice,Invoiced,21/03/2025,,,,,,,,,,,,,,36,Picked,DTR Van-D,,,,,,,,
IN000328,7880336,CT0010041564,SHA1003,9,366159,0366159,Dettol Soap Original 72*90Gm,OU,S,CA,24,0,9028,125.39,3009.36,0,0,0,0,0,3009.36,0,481.5,3490.86,SOSHA1003000071,Invoice,Invoiced,06/03/2025,,,,,,,,,,,,,,24,Picked,DTR Van-D,,,,,,,,
IN000393,7880336,CT0010046673,SHA1001,2,366159,0366159,Dettol Soap Original 72*90Gm,OU,S,CA,24,0,9028,125.39,3009.36,0,0,0,0,0,3009.36,0,481.5,3490.86,SOSHA1001000066,Invoice,Invoiced,06/03/2025,,,,,,,,,,,,,,24,Picked,DTR Van-D,,,,,,,,
IN000474,7880336,CT0010054108,SHA1007,2,366159,0366159,Dettol Soap Original 72*90Gm,OU,S,CA,24,0,9028,125.39,3009.36,0,0,0,0,0,3009.36,0,481.5,3490.86,SOSHA1007000057,Invoice,Invoiced,06/03/2025,,,,,,,,,,,,,,24,Picked,DTR Van-D,,,,,,,,
IN000479,7880336,CT0010054105,SHA1007,2,366159,0366159,Dettol Soap Original 72*90Gm,OU,S,CA,24,0,9028,125.39,3009.36,0,0,0,0,0,3009.36,0,481.5,3490.86,SOSHA1007000062,Invoice,Invoiced,06/03/2025,,,,,,,,,,,,,,24,Picked,DTR Van-D,,,,,,,,
IN000762,7880336,CT0010041884,SHA1005,8,366195,0366195,Dettol Soap Herbal 72*90Gm,OU,S,CA,24,0,9028,125.39,3009.36,0,0,0,0,0,3009.36,0,481.5,3490.86,SOSHA1005000092,Invoice,Invoiced,11/03/2025,,,,,,,,,,,,,,24,Picked,DTR Van-D,,,,,,,,
IN000793,7880336,CT0010054326,SHA1002,5,366159,0366159,Dettol Soap Original 72*90Gm,OU,S,CA,24,0,9028,125.39,3009.36,0,0,0,0,0,3009.36,0,481.5,3490.86,SOSHA1002000138,Invoice,Invoiced,11/03/2025,,,,,,,,,,,,,,24,Picked,DTR Van-D,,,,,,,,
IN000793,7880336,CT0010054326,SHA1002,11,366195,0366195,Dettol Soap Herbal 72*90Gm,OU,S,CA,24,0,9028,125.39,3009.36,0,0,0,0,0,3009.36,0,481.5,3490.86,SOSHA1002000138,Invoice,Invoiced,11/03/2025,,,,,,,,,,,,,,24,Picked,DTR Van-D,,,,,,,,
IN000904,7880336,CT0010054391,SHA1000,13,8187616,8187616,MORTEIN DOOM LED  REFILL 60N TWIN PACK 12*45ML,EA,S,CA,3,0,14106.58,1175.55,3526.65,0,0,0,0,0,3526.65,0,0,3526.65,SOSHA1000000019,Invoice,Invoiced,13/03/2025,,,,,,,,,,,,,,3,Picked,Other Supermarts-D,,,,,,,,
IN000963,7880336,CT0010054434,SHA1006,7,384660,0384660,Jik Bleach Regular 750Ml *18,OU,S,CA,12,0,5957.51,330.97,3971.64,661.275,440.85,0,0,440.85,3530.79,0,0,3530.79,SOSHA1006000187,Invoice,Invoiced,13/03/2025,,,,,,,,,,,,,,12,Picked,DTR Van-D,,,,,,,,
IN000598,7880336,CT0010054219,SHA1004,2,349291,0349291,Mortein Doom P.Gard Aik Lemon 12*180Ml,OU,S,CA,6,0,6112.85,509.4,3056.4,0,0,0,0,0,3056.4,0,489.02,3545.42,SOSHA1004000087,Invoice,Invoiced,10/03/2025,,,,,,,,,,,,,,6,Unpick,DTR Van-A,,,,,,,,
IN000776,7880336,CT0010054290,SHA1005,1,349291,0349291,Mortein Doom P.Gard Aik Lemon 12*180Ml,OU,S,CA,6,0,6112.85,509.4,3056.4,0,0,0,0,0,3056.4,0,489.02,3545.42,SOSHA1005000090,Invoice,Invoiced,11/03/2025,,,,,,,,,,,,,,6,Picked,DTR Van-D,,,,,,,,
IN000979,7880336,CT0010054478,SHA1001,2,349291,0349291,Mortein Doom P.Gard Aik Lemon 12*180Ml,OU,S,CA,6,0,6112.85,509.4,3056.4,0,0,0,0,0,3056.4,0,489.02,3545.42,SOSHA1001000162,Invoice,Invoiced,14/03/2025,,,,,,,,,,,,,,6,Picked,DTR Van-D,,,,,,,,
IN000903,7880336,CT0010054388,SHA1000,11,3046971,3046971,DETTOL 24*10S WIPES FLOW PACK ORIGINAL,CA,S,CA,1,0,3058.47,3058.47,3058.47,0,0,0,0,0,3058.47,0,489.36,3547.83,SOSHA1000000018,Invoice,Invoiced,13/03/2025,,,,,,,,,,,,,,24,Picked,Medium Supermarket-D,,,,,,,,
IN000977,7880336,CT0010047497,SHA1000,7,3012868,3012868,Jik Colours 70Ml *144,OU,S,CA,96,0,4597.7,31.93,3065.28,0,0,0,0,0,3065.28,0,490.44,3555.72,SOSHA1000000022,Invoice,Invoiced,14/03/2025,,,,,,,,,,,,,,96,Picked,Medium Supermarket-D,,,,,,,,
IN000427,7880336,CT0010054135,SHA1004,1,299714,0299714,Harpic Power Plus 200Ml *36,OU,S,CA,24,0,4655,129.31,3103.44,0,0,0,0,0,3103.44,0,496.55,3599.99,SOSHA1004000062,Invoice,Invoiced,06/03/2025,,,,,,,,,,,,,,24,Picked,DTR Van-A,,,,,,,,
IN001043,7880336,CT0010054470,SHA1005,4,3049807,3049807,DETTOL LIQUID 24*500ML,OU,S,CA,3,0,25508,1062.83,3188.49,0,0,0,0,0,3188.49,0,510.16,3698.65,SOSHA1005000135,Invoice,Invoiced,14/03/2025,,,,,,,,,,,,,,3,Picked,DTR Van-D,,,,,,,,
IN000280,7880336,CT0010054063,SHA1001,1,238167,0238167,Jik Bleach Regular 70Ml *144,CA,S,CA,1,0,3218.39,3218.39,3218.39,0,0,0,0,0,3218.39,0,514.94,3733.33,SOSHA1001000047,Invoice,Invoiced,06/03/2025,,,,,,,,,,,,,,144,Picked,DTR Van-D,,,,,,,,
IN000904,7880336,CT0010054391,SHA1000,65,8149564,8149564,Dettol Soap Cool 175Gm 2+1 Promo 3S*16,OU,S,CA,6,0,10123,632.69,3796.14,0,0,0,0,0,3796.14,0,0,3796.14,SOSHA1000000019,Invoice,Invoiced,13/03/2025,,,,,,,,,,,,,,6,Picked,Other Supermarts-D,,,,,,,,
IN001043,7880336,CT0010054470,SHA1005,11,3252303,3252303,HARPIC TECHNO LEMON 1000ML*12,OU,S,CA,4,0,9913.79,826.15,3304.6,0,0,0,0,0,3304.6,0,528.74,3833.34,SOSHA1005000135,Invoice,Invoiced,14/03/2025,,,,,,,,,,,,,,4,Picked,DTR Van-D,,,,,,,,
IN000281,7880336,CT0010054064,SHA1001,4,366163,0366163,Dettol Soap Original 72*60G,OU,S,CA,60,0,3986,55.36,3321.6,0,0,0,0,0,3321.6,0,531.46,3853.06,SOSHA1001000048,Invoice,Invoiced,06/03/2025,,,,,,,,,,,,,,60,Picked,DTR Van-D,,,,,,,,
IN000962,7880336,CT0010054433,SHA1006,21,10027983,10027983,Durex Fetherlite 3's,OU,S,CA,12,0,84003.11,291.68,3500.16,4200.24,175.01,0,0,175.01,3325.15,0,532.02,3857.17,SOSHA1006000186,Invoice,Invoiced,13/03/2025,,,,,,,,,,,,,,12,Picked,DTR Van-D,,,,,,,,
IN000203,7880336,CT0010044591,SHA1004,2,317092,0317092,DETTOL SHOWER GEL SKINCARE 12*250ML,CA,S,CA,1,0,3890,3890,3890,0,0,0,0,0,3890,0,0,3890,SOSHA1004000002,Invoice,Invoiced,05/03/2025,,,,,,,,,,,,,,12,Unpick,DTR Van-D,,,,,,,,
IN000701,7880336,CT0010047492,SHA1000,19,3298961,3298961,Dettol soap Skincare 85g,EA,S,EA,36,0,94,94,3384,0,0,0,0,0,3384,0,541.44,3925.44,SOSHA1000000015,Invoice,Invoiced,11/03/2025,,,,,,,,,,,,,,36,Picked,Medium Supermarket-D,,,,,,,,
IN001287,7880336,CT0010047503,SHA1000,39,3298961,3298961,Dettol soap Skincare 85g,EA,S,EA,36,0,94,94,3384,0,0,0,0,0,3384,0,541.44,3925.44,SOSHA1000000029,Invoice,Invoiced,20/03/2025,,,,,,,,,,,,,,36,Picked,Medium Supermarket-D,,,,,,,,
IN000758,7880336,CT0010043745,SHA1003,4,3049806,3049806,DETTOL LIQUID 48*250ML,OU,S,CA,6,0,27134,565.29,3391.74,0,0,0,0,0,3391.74,0,542.68,3934.42,SOSHA1003000132,Invoice,Invoiced,11/03/2025,,,,,,,,,,,,,,6,Picked,DTR Van-D,,,,,,,,
IN000159,7880336,CT0010044208,SHA1000,5,3277707,3277707,JIK REGULAR 750ML + 250ML,CA,S,CA,1,0,3972,3972,3972,0,0,0,0,0,3972,0,0,3972,SOSHA1000000010,Invoice,Invoiced,04/03/2025,,,,,,,,,,,,,,12,Picked,DTR Van-D,,,,,,,,
IN001044,7880336,CT0010054471,SHA1005,6,3277707,3277707,JIK REGULAR 750ML + 250ML,CA,S,CA,1,0,3972,3972,3972,0,0,0,0,0,3972,0,0,3972,SOSHA1005000136,Invoice,Invoiced,14/03/2025,,,,,,,,,,,,,,12,Picked,DTR Van-D,,,,,,,,
IN000174,7880336,CT0010045388,SHA1004,5,384686,0384686,Jik Colours 750Ml *18,OU,S,CA,6,0,10391.01,577.28,3463.68,0,0,0,0,0,3463.68,0,554.19,4017.87,SOSHA1004000011,Invoice,Invoiced,04/03/2025,,,,,,,,,,,,,,6,Picked,DTR Van-D,,,,,,,,
IN000761,7880336,CT0010045500,SHA1005,3,384686,0384686,Jik Colours 750Ml *18,OU,S,CA,6,0,10391.01,577.28,3463.68,0,0,0,0,0,3463.68,0,554.19,4017.87,SOSHA1005000091,Invoice,Invoiced,11/03/2025,,,,,,,,,,,,,,6,Picked,DTR Van-D,,,,,,,,
IN001011,7880336,CT0010044594,SHA1004,1,384686,0384686,Jik Colours 750Ml *18,OU,S,CA,6,0,10391.01,577.28,3463.68,0,0,0,0,0,3463.68,0,554.19,4017.87,SOSHA1004000160,Invoice,Invoiced,14/03/2025,,,,,,,,,,,,,,6,Picked,DTR Van-D,,,,,,,,
IN000904,7880336,CT0010054391,SHA1000,62,8149555,8149555,Dettol Soap Original 90Gm 6S Pack  6S*12,OU,S,CA,6,0,8088,674,4044,0,0,0,0,0,4044,0,0,4044,SOSHA1000000019,Invoice,Invoiced,13/03/2025,,,,,,,,,,,,,,6,Picked,Other Supermarts-D,,,,,,,,
IN000904,7880336,CT0010054391,SHA1000,63,8149556,8149556,Dettol Soap Cool 90Gm 6S Pack  6S*12,OU,S,CA,6,0,8088,674,4044,0,0,0,0,0,4044,0,0,4044,SOSHA1000000019,Invoice,Invoiced,13/03/2025,,,,,,,,,,,,,,6,Picked,Other Supermarts-D,,,,,,,,
IN000794,7880336,CT0010054263,SHA1003,1,366163,0366163,Dettol Soap Original 72*60G,CA,S,CA,1,0,3986,3986,3986,478.32,478.32,0,0,478.32,3507.68,0,561.23,4068.91,SOSHA1003000136,Invoice,Invoiced,12/03/2025,,,,,,,,,,,,,,72,Picked,DTR Van-D,,,,,,,,
IN000494,7880336,CT0010047163,SHA1007,2,384660,0384660,Jik Bleach Regular 750Ml *18,OU,S,CA,12,0,5957.51,330.97,3971.64,661.275,440.85,0,0,440.85,3530.79,0,564.93,4095.72,SOSHA1007000077,Invoice,Invoiced,06/03/2025,,,,,,,,,,,,,,12,Picked,DTR Van-D,,,,,,,,
IN000961,7880336,CT0010054390,SHA1006,11,384677,0384677,Jik Lemon 750Ml *18,OU,S,CA,12,0,5957.51,330.97,3971.64,661.275,440.85,0,0,440.85,3530.79,0,564.93,4095.72,SOSHA1006000170,Invoice,Invoiced,13/03/2025,,,,,,,,,,,,,,12,Picked,DTR Van-D,,,,,,,,
IN001399,7880336,CT0010046977,SHA1007,2,384677,0384677,Jik Lemon 750Ml *18,OU,S,CA,12,0,5957.51,330.97,3971.64,661.275,440.85,0,0,440.85,3530.79,0,564.93,4095.72,SOSHA1007000207,Invoice,Invoiced,20/03/2025,,,,,,,,,,,,,,12,Picked,DTR Van-D,,,,,,,,
IN000758,7880336,CT0010043745,SHA1003,22,299711,0299711,Harpic Power Plus 1Litre*12,OU,S,CA,4,0,10621.92,885.16,3540.64,0,0,0,0,0,3540.64,0,566.5,4107.14,SOSHA1003000132,Invoice,Invoiced,11/03/2025,,,,,,,,,,,,,,4,Picked,DTR Van-D,,,,,,,,
IN001287,7880336,CT0010047503,SHA1000,12,205011,0205011,Airwick Freshmatic Lavender+Gadget(Promo)  4*250Ml,CA,S,CA,1,0,3592,3592,3592,0,0,0,0,0,3592,0,574.72,4166.72,SOSHA1000000029,Invoice,Invoiced,20/03/2025,,,,,,,,,,,,,,4,Picked,Medium Supermarket-D,,,,,,,,
IN001287,7880336,CT0010047503,SHA1000,13,205012,0205012,Airwick Freshmatic Citrus+Gadget(Promo)  4*250Ml,CA,S,CA,1,0,3592,3592,3592,0,0,0,0,0,3592,0,574.72,4166.72,SOSHA1000000029,Invoice,Invoiced,20/03/2025,,,,,,,,,,,,,,4,Picked,Medium Supermarket-D,,,,,,,,
IN001044,7880336,CT0010054471,SHA1005,10,299714,0299714,Harpic Power Plus 200Ml *36,CA,S,CA,1,0,4655,4655,4655,418.95,418.95,0,0,418.95,4236.05,0,0,4236.05,SOSHA1005000136,Invoice,Invoiced,14/03/2025,,,,,,,,,,,,,,36,Picked,DTR Van-D,,,,,,,,
IN001054,7880336,CT0010054457,SHA1006,20,384663,0384663,Jik Bleach 1.5L(New Pack) *8,OU,S,CA,6,0,4926.11,615.76,3694.56,0,0,0,0,0,3694.56,0,591.13,4285.69,SOSHA1006000189,Invoice,Invoiced,14/03/2025,,,,,,,,,,,,,,6,Picked,DTR Van-D,,,,,,,,
IN000758,7880336,CT0010043745,SHA1003,12,3066839,3066839,Jik Colours 1.5L *8,OU,S,CA,4,0,7471.26,933.91,3735.64,0,0,0,0,0,3735.64,0,597.7,4333.34,SOSHA1003000132,Invoice,Invoiced,11/03/2025,,,,,,,,,,,,,,4,Picked,DTR Van-D,,,,,,,,
IN000151,7880336,CT0010054009,SHA1001,3,384683,0384683,Jik Colours 250Ml *18,CA,S,CA,1,0,3740.76,3740.76,3740.76,0,0,0,0,0,3740.76,0,598.52,4339.28,SOSHA1001000016,Invoice,Invoiced,04/03/2025,,,,,,,,,,,,,,18,Picked,DTR Van-D,,,,,,,,
IN000328,7880336,CT0010041564,SHA1003,5,384683,0384683,Jik Colours 250Ml *18,CA,S,CA,1,0,3740.76,3740.76,3740.76,0,0,0,0,0,3740.76,0,598.52,4339.28,SOSHA1003000071,Invoice,Invoiced,06/03/2025,,,,,,,,,,,,,,18,Picked,DTR Van-D,,,,,,,,
IN000762,7880336,CT0010041884,SHA1005,4,384683,0384683,Jik Colours 250Ml *18,CA,S,CA,1,0,3740.76,3740.76,3740.76,0,0,0,0,0,3740.76,0,598.52,4339.28,SOSHA1005000092,Invoice,Invoiced,11/03/2025,,,,,,,,,,,,,,18,Picked,DTR Van-D,,,,,,,,
IN000805,7880336,CT0010054328,SHA1006,6,384683,0384683,Jik Colours 250Ml *18,CA,S,CA,1,0,3740.76,3740.76,3740.76,0,0,0,0,0,3740.76,0,598.52,4339.28,SOSHA1006000155,Invoice,Invoiced,12/03/2025,,,,,,,,,,,,,,18,Picked,DTR Van-D,,,,,,,,
IN001061,7880336,CT0010047714,SHA1000,3,384683,0384683,Jik Colours 250Ml *18,CA,S,CA,1,0,3740.76,3740.76,3740.76,0,0,0,0,0,3740.76,0,598.52,4339.28,SOSHA1000000025,Invoice,Invoiced,17/03/2025,,,,,,,,,,,,,,18,Picked,DTR Van-D,,,,,,,,
IN000762,7880336,CT0010041884,SHA1005,9,3249064,3249064,DETTOL SOAP HERBAL 125G,OU,S,CA,24,0,11285.27,156.74,3761.76,0,0,0,0,0,3761.76,0,601.88,4363.64,SOSHA1005000092,Invoice,Invoiced,11/03/2025,,,,,,,,,,,,,,24,Picked,DTR Van-D,,,,,,,,
IN000793,7880336,CT0010054326,SHA1002,14,3249065,3249065,DETTOL SOAP COOL 125G,OU,S,CA,24,0,11285.27,156.74,3761.76,0,0,0,0,0,3761.76,0,601.88,4363.64,SOSHA1002000138,Invoice,Invoiced,11/03/2025,,,,,,,,,,,,,,24,Picked,DTR Van-D,,,,,,,,
IN000903,7880336,CT0010054388,SHA1000,41,3249065,3249065,DETTOL SOAP COOL 125G,OU,S,CA,24,0,11285.27,156.74,3761.76,0,0,0,0,0,3761.76,0,601.88,4363.64,SOSHA1000000018,Invoice,Invoiced,13/03/2025,,,,,,,,,,,,,,24,Picked,Medium Supermarket-D,,,,,,,,
IN001287,7880336,CT0010047503,SHA1000,37,3249063,3249063,DETTOL SOAP SKINCARE 125G,OU,S,CA,24,0,11285.27,156.74,3761.76,0,0,0,0,0,3761.76,0,601.88,4363.64,SOSHA1000000029,Invoice,Invoiced,20/03/2025,,,,,,,,,,,,,,24,Picked,Medium Supermarket-D,,,,,,,,
IN001287,7880336,CT0010047503,SHA1000,38,3249064,3249064,DETTOL SOAP HERBAL 125G,OU,S,CA,24,0,11285.27,156.74,3761.76,0,0,0,0,0,3761.76,0,601.88,4363.64,SOSHA1000000029,Invoice,Invoiced,20/03/2025,,,,,,,,,,,,,,24,Picked,Medium Supermarket-D,,,,,,,,
IN000776,7880336,CT0010054290,SHA1005,2,3049805,3049805,DETTOL LIQUID 72*125ML,OU,S,CA,12,0,22571,313.49,3761.88,0,0,0,0,0,3761.88,0,601.9,4363.78,SOSHA1005000090,Invoice,Invoiced,11/03/2025,,,,,,,,,,,,,,12,Picked,DTR Van-D,,,,,,,,
IN000805,7880336,CT0010054328,SHA1006,2,3049805,3049805,DETTOL LIQUID 72*125ML,OU,S,CA,12,0,22571,313.49,3761.88,0,0,0,0,0,3761.88,0,601.9,4363.78,SOSHA1006000155,Invoice,Invoiced,12/03/2025,,,,,,,,,,,,,,12,Picked,DTR Van-D,,,,,,,,
IN000807,7880336,CT0010054284,SHA1006,2,3049805,3049805,DETTOL LIQUID 72*125ML,OU,S,CA,12,0,22571,313.49,3761.88,0,0,0,0,0,3761.88,0,601.9,4363.78,SOSHA1006000148,Invoice,Invoiced,12/03/2025,,,,,,,,,,,,,,12,Picked,DTR Van-D,,,,,,,,
IN000962,7880336,CT0010054433,SHA1006,15,3049805,3049805,DETTOL LIQUID 72*125ML,OU,S,CA,12,0,22571,313.49,3761.88,0,0,0,0,0,3761.88,0,601.9,4363.78,SOSHA1006000186,Invoice,Invoiced,13/03/2025,,,,,,,,,,,,,,12,Picked,DTR Van-D,,,,,,,,
IN000977,7880336,CT0010047497,SHA1000,2,3049805,3049805,DETTOL LIQUID 72*125ML,OU,S,CA,12,0,22571,313.49,3761.88,0,0,0,0,0,3761.88,0,601.9,4363.78,SOSHA1000000022,Invoice,Invoiced,14/03/2025,,,,,,,,,,,,,,12,Picked,Medium Supermarket-D,,,,,,,,
IN000989,7880336,CT0010047784,SHA1001,2,3049805,3049805,DETTOL LIQUID 72*125ML,OU,S,CA,12,0,22571,313.49,3761.88,0,0,0,0,0,3761.88,0,601.9,4363.78,SOSHA1001000168,Invoice,Invoiced,14/03/2025,,,,,,,,,,,,,,12,Picked,DTR Van-D,,,,,,,,
IN001054,7880336,CT0010054457,SHA1006,14,3049805,3049805,DETTOL LIQUID 72*125ML,OU,S,CA,12,0,22571,313.49,3761.88,0,0,0,0,0,3761.88,0,601.9,4363.78,SOSHA1006000189,Invoice,Invoiced,14/03/2025,,,,,,,,,,,,,,12,Picked,DTR Van-D,,,,,,,,
IN001058,7880336,CT0010046433,SHA1007,2,3049805,3049805,DETTOL LIQUID 72*125ML,OU,S,CA,12,0,22571,313.49,3761.88,0,0,0,0,0,3761.88,0,601.9,4363.78,SOSHA1007000157,Invoice,Invoiced,14/03/2025,,,,,,,,,,,,,,12,Picked,DTR Van-D,,,,,,,,
IN001054,7880336,CT0010054457,SHA1006,25,3178722,3178722,JIK REGULAR 1.5 LITRESL + COLORS 1.5 LITRES,OU,S,CA,3,0,5018,1254.5,3763.5,0,0,0,0,0,3763.5,0,602.16,4365.66,SOSHA1006000189,Invoice,Invoiced,14/03/2025,,,,,,,,,,,,,,3,Picked,DTR Van-D,,,,,,,,
IN000701,7880336,CT0010047492,SHA1000,22,8149564,8149564,Dettol Soap Cool 175Gm 2+1 Promo 3S*16,OU,S,CA,6,0,10123,632.69,3796.14,0,0,0,0,0,3796.14,0,607.38,4403.52,SOSHA1000000015,Invoice,Invoiced,11/03/2025,,,,,,,,,,,,,,6,Picked,Medium Supermarket-D,,,,,,,,
IN000903,7880336,CT0010054388,SHA1000,5,3074756,3074756,AIRWICK KE FRESHWATER 24* 30GM,CA,S,CA,1,0,3807,3807,3807,0,0,0,0,0,3807,0,609.12,4416.12,SOSHA1000000018,Invoice,Invoiced,13/03/2025,,,,,,,,,,,,,,24,Picked,Medium Supermarket-D,,,,,,,,
IN001286,7880336,CT0010047491,SHA1000,11,3074755,3074755,AIRWICK KE CITRUS KE 24* 30GM,CA,S,CA,1,0,3807,3807,3807,0,0,0,0,0,3807,0,609.12,4416.12,SOSHA1000000028,Invoice,Invoiced,20/03/2025,,,,,,,,,,,,,,24,Picked,Wholesale-D,,,,,,,,
IN001286,7880336,CT0010047491,SHA1000,12,3074759,3074759,Airwick Ke Lavender 24* 30Gm,CA,S,CA,1,0,3807,3807,3807,0,0,0,0,0,3807,0,609.12,4416.12,SOSHA1000000028,Invoice,Invoiced,20/03/2025,,,,,,,,,,,,,,24,Picked,Wholesale-D,,,,,,,,
IN000904,7880336,CT0010054391,SHA1000,19,3239863,3239863,DETTOL LIQUID 250ML+125ML,OU,S,CA,6,0,8969,747.42,4484.52,0,0,0,0,0,4484.52,0,0,4484.52,SOSHA1000000019,Invoice,Invoiced,13/03/2025,,,,,,,,,,,,,,6,Picked,Other Supermarts-D,,,,,,,,
IN000701,7880336,CT0010047492,SHA1000,4,120892,0120892,Airwick Freshmatic Citrus Refills 6*250Ml,CA,S,CA,1,0,3879,3879,3879,0,0,0,0,0,3879,0,620.64,4499.64,SOSHA1000000015,Invoice,Invoiced,11/03/2025,,,,,,,,,,,,,,6,Picked,Medium Supermarket-D,,,,,,,,
IN000902,7880336,CT0010049475,SHA1000,5,120891,0120891,Airwick Freshmatic Lavender Refills 6*250Ml,CA,S,CA,1,0,3879,3879,3879,0,0,0,0,0,3879,0,620.64,4499.64,SOSHA1000000016,Invoice,Invoiced,13/03/2025,,,,,,,,,,,,,,6,Picked,Other Supermarts-D,,,,,,,,
IN001286,7880336,CT0010047491,SHA1000,10,120891,0120891,Airwick Freshmatic Lavender Refills 6*250Ml,CA,S,CA,1,0,3879,3879,3879,0,0,0,0,0,3879,0,620.64,4499.64,SOSHA1000000028,Invoice,Invoiced,20/03/2025,,,,,,,,,,,,,,6,Picked,Wholesale-D,,,,,,,,
IN000903,7880336,CT0010054388,SHA1000,10,317092,0317092,DETTOL SHOWER GEL SKINCARE 12*250ML,CA,S,CA,1,0,3890,3890,3890,0,0,0,0,0,3890,0,622.4,4512.4,SOSHA1000000018,Invoice,Invoiced,13/03/2025,,,,,,,,,,,,,,12,Picked,Medium Supermarket-D,,,,,,,,
IN000904,7880336,CT0010054391,SHA1000,36,3012868,3012868,Jik Colours 70Ml *144,CA,S,CA,1,0,4597.7,4597.7,4597.7,0,0,0,0,0,4597.7,0,0,4597.7,SOSHA1000000019,Invoice,Invoiced,13/03/2025,,,,,,,,,,,,,,144,Picked,Other Supermarts-D,,,,,,,,
IN001054,7880336,CT0010054457,SHA1006,24,3178721,3178721,JIK REGULAR 750ML + COLORS 750ML,OU,S,CA,6,0,5948,660.89,3965.34,0,0,0,0,0,3965.34,0,634.45,4599.79,SOSHA1006000189,Invoice,Invoiced,14/03/2025,,,,,,,,,,,,,,6,Picked,DTR Van-D,,,,,,,,
IN000328,7880336,CT0010041564,SHA1003,1,349130,0349130,Mortein Doom P.Gard Aik Lemon 12*100Ml,CA,S,CA,2,0,2163.01,2163.01,4326.02,179.53,359.06,0,0,359.06,3966.96,0,634.71,4601.67,SOSHA1003000071,Invoice,Invoiced,06/03/2025,,,,,,,,,,,,,,24,Picked,DTR Van-D,,,,,,,,
IN000491,7880336,CT0010047106,SHA1007,1,349130,0349130,Mortein Doom P.Gard Aik Lemon 12*100Ml,CA,S,CA,2,0,2163.01,2163.01,4326.02,179.53,359.06,0,0,359.06,3966.96,0,634.71,4601.67,SOSHA1007000074,Invoice,Invoiced,06/03/2025,,,,,,,,,,,,,,24,Picked,DTR Van-D,,,,,,,,
IN000682,7880336,CT0010044433,SHA1007,1,349130,0349130,Mortein Doom P.Gard Aik Lemon 12*100Ml,CA,S,CA,2,0,2163.01,2163.01,4326.02,179.53,359.06,0,0,359.06,3966.96,0,634.71,4601.67,SOSHA1007000100,Invoice,Invoiced,10/03/2025,,,,,,,,,,,,,,24,Picked,DTR Van-D,,,,,,,,
IN001078,7880336,CT0010043496,SHA1000,3,349130,0349130,Mortein Doom P.Gard Aik Lemon 12*100Ml,CA,S,CA,2,0,2163.01,2163.01,4326.02,179.53,359.06,0,0,359.06,3966.96,0,634.71,4601.67,SOSHA1000000024,Invoice,Invoiced,17/03/2025,,,,,,,,,,,,,,24,Picked,DTR Van-D,,,,,,,,
IN001288,7880336,CT0010041892,SHA1000,2,349130,0349130,Mortein Doom P.Gard Aik Lemon 12*100Ml,CA,S,CA,2,0,2163.01,2163.01,4326.02,179.53,359.06,0,0,359.06,3966.96,0,634.71,4601.67,SOSHA1000000030,Invoice,Invoiced,20/03/2025,,,,,,,,,,,,,,24,Picked,DTR Van-D,,,,,,,,
IN001300,7880336,CT0010046730,SHA1001,1,349130,0349130,Mortein Doom P.Gard Aik Lemon 12*100Ml,CA,S,CA,2,0,2163.01,2163.01,4326.02,179.53,359.06,0,0,359.06,3966.96,0,634.71,4601.67,SOSHA1001000221,Invoice,Invoiced,20/03/2025,,,,,,,,,,,,,,24,Picked,DTR Van-D,,,,,,,,
IN001498,7880336,CT0010046859,SHA1007,1,349130,0349130,Mortein Doom P.Gard Aik Lemon 12*100Ml,CA,S,CA,2,0,2163.01,2163.01,4326.02,179.53,359.06,0,0,359.06,3966.96,0,634.71,4601.67,SOSHA1007000218,Invoice,Invoiced,21/03/2025,,,,,,,,,,,,,,24,Picked,DTR Van-D,,,,,,,,
IN001504,7880336,CT0010047106,SHA1007,1,349130,0349130,Mortein Doom P.Gard Aik Lemon 12*100Ml,CA,S,CA,2,0,2163.01,2163.01,4326.02,179.53,359.06,0,0,359.06,3966.96,0,634.71,4601.67,SOSHA1007000234,Invoice,Invoiced,21/03/2025,,,,,,,,,,,,,,24,Picked,DTR Van-D,,,,,,,,
IN000174,7880336,CT0010045388,SHA1004,4,384677,0384677,Jik Lemon 750Ml *18,OU,S,CA,12,0,5957.51,330.97,3971.64,0,0,0,0,0,3971.64,0,635.46,4607.1,SOSHA1004000011,Invoice,Invoiced,04/03/2025,,,,,,,,,,,,,,12,Picked,DTR Van-D,,,,,,,,
IN000151,7880336,CT0010054009,SHA1001,5,3277707,3277707,JIK REGULAR 750ML + 250ML,CA,S,CA,1,0,3972,3972,3972,0,0,0,0,0,3972,0,635.52,4607.52,SOSHA1001000016,Invoice,Invoiced,04/03/2025,,,,,,,,,,,,,,12,Picked,DTR Van-D,,,,,,,,
IN000171,7880336,CT0010041684,SHA1003,1,3277708,3277708,JIK REGULAR 750ML (2+1),CA,S,CA,1,0,3972,3972,3972,0,0,0,0,0,3972,0,635.52,4607.52,SOSHA1003000053,Invoice,Invoiced,04/03/2025,,,,,,,,,,,,,,6,Picked,DTR Van-D,,,,,,,,
IN000281,7880336,CT0010054064,SHA1001,2,3277707,3277707,JIK REGULAR 750ML + 250ML,CA,S,CA,1,0,3972,3972,3972,0,0,0,0,0,3972,0,635.52,4607.52,SOSHA1001000048,Invoice,Invoiced,06/03/2025,,,,,,,,,,,,,,12,Picked,DTR Van-D,,,,,,,,
IN000328,7880336,CT0010041564,SHA1003,7,3277707,3277707,JIK REGULAR 750ML + 250ML,CA,S,CA,1,0,3972,3972,3972,0,0,0,0,0,3972,0,635.52,4607.52,SOSHA1003000071,Invoice,Invoiced,06/03/2025,,,,,,,,,,,,,,12,Picked,DTR Van-D,,,,,,,,
IN000519,7880336,CT0010042826,SHA1002,2,3277707,3277707,JIK REGULAR 750ML + 250ML,CA,S,CA,1,0,3972,3972,3972,0,0,0,0,0,3972,0,635.52,4607.52,SOSHA1002000105,Invoice,Invoiced,08/03/2025,,,,,,,,,,,,,,12,Picked,DTR Van-D,,,,,,,,
IN000990,7880336,CT0010047799,SHA1001,7,3277707,3277707,JIK REGULAR 750ML + 250ML,CA,S,CA,1,0,3972,3972,3972,0,0,0,0,0,3972,0,635.52,4607.52,SOSHA1001000173,Invoice,Invoiced,14/03/2025,,,,,,,,,,,,,,12,Picked,DTR Van-D,,,,,,,,
IN001043,7880336,CT0010054470,SHA1005,8,3277707,3277707,JIK REGULAR 750ML + 250ML,CA,S,CA,1,0,3972,3972,3972,0,0,0,0,0,3972,0,635.52,4607.52,SOSHA1005000135,Invoice,Invoiced,14/03/2025,,,,,,,,,,,,,,12,Picked,DTR Van-D,,,,,,,,
IN001061,7880336,CT0010047714,SHA1000,6,3277708,3277708,JIK REGULAR 750ML (2+1),CA,S,CA,1,0,3972,3972,3972,0,0,0,0,0,3972,0,635.52,4607.52,SOSHA1000000025,Invoice,Invoiced,17/03/2025,,,,,,,,,,,,,,6,Picked,DTR Van-D,,,,,,,,
IN001252,7880336,CT0010054623,SHA1005,2,3277707,3277707,JIK REGULAR 750ML + 250ML,CA,S,CA,1,0,3972,3972,3972,0,0,0,0,0,3972,0,635.52,4607.52,SOSHA1005000177,Invoice,Invoiced,18/03/2025,,,,,,,,,,,,,,12,Picked,DTR Van-D,,,,,,,,
IN001287,7880336,CT0010047503,SHA1000,30,3277707,3277707,JIK REGULAR 750ML + 250ML,CA,S,CA,1,0,3972,3972,3972,0,0,0,0,0,3972,0,635.52,4607.52,SOSHA1000000029,Invoice,Invoiced,20/03/2025,,,,,,,,,,,,,,12,Picked,Medium Supermarket-D,,,,,,,,
IN000904,7880336,CT0010054391,SHA1000,30,384666,0384666,Jik Bleach 2.25Lt *6,CA,S,CA,1,0,4618.23,4618.23,4618.23,0,0,0,0,0,4618.23,0,0,4618.23,SOSHA1000000019,Invoice,Invoiced,13/03/2025,,,,,,,,,,,,,,6,Picked,Other Supermarts-D,,,,,,,,
IN000325,7880336,CT0010041676,SHA1003,1,366163,0366163,Dettol Soap Original 72*60G,CA,S,CA,1,0,3986,3986,3986,0,0,0,0,0,3986,0,637.76,4623.76,SOSHA1003000079,Invoice,Invoiced,06/03/2025,,,,,,,,,,,,,,72,Picked,DTR Van-D,,,,,,,,
IN000449,7880336,CT0010054078,SHA1005,2,366163,0366163,Dettol Soap Original 72*60G,CA,S,CA,1,0,3986,3986,3986,0,0,0,0,0,3986,0,637.76,4623.76,SOSHA1005000045,Invoice,Invoiced,06/03/2025,,,,,,,,,,,,,,72,Picked,DTR Van-D,,,,,,,,
IN000449,7880336,CT0010054078,SHA1005,3,366194,0366194,Dettol Soap Herbal 72*60G,CA,S,CA,1,0,3986,3986,3986,0,0,0,0,0,3986,0,637.76,4623.76,SOSHA1005000045,Invoice,Invoiced,06/03/2025,,,,,,,,,,,,,,72,Picked,DTR Van-D,,,,,,,,
IN000640,7880336,CT0010054263,SHA1003,1,366163,0366163,Dettol Soap Original 72*60G,CA,S,CA,1,0,3986,3986,3986,0,0,0,0,0,3986,0,637.76,4623.76,SOSHA1003000116,Invoice,Invoiced,10/03/2025,,,,,,,,,,,,,,72,Picked,DTR Van-D,,,,,,,,
IN000701,7880336,CT0010047492,SHA1000,18,366194,0366194,Dettol Soap Herbal 72*60G,CA,S,CA,1,0,3986,3986,3986,0,0,0,0,0,3986,0,637.76,4623.76,SOSHA1000000015,Invoice,Invoiced,11/03/2025,,,,,,,,,,,,,,72,Picked,Medium Supermarket-D,,,,,,,,
IN000902,7880336,CT0010049475,SHA1000,18,366163,0366163,Dettol Soap Original 72*60G,CA,S,CA,1,0,3986,3986,3986,0,0,0,0,0,3986,0,637.76,4623.76,SOSHA1000000016,Invoice,Invoiced,13/03/2025,,,,,,,,,,,,,,72,Picked,Other Supermarts-D,,,,,,,,
IN000903,7880336,CT0010054388,SHA1000,33,366183,0366183,Dettol Soap Cool 72*60G,CA,S,CA,1,0,3986,3986,3986,0,0,0,0,0,3986,0,637.76,4623.76,SOSHA1000000018,Invoice,Invoiced,13/03/2025,,,,,,,,,,,,,,72,Picked,Medium Supermarket-D,,,,,,,,
IN000903,7880336,CT0010054388,SHA1000,34,366194,0366194,Dettol Soap Herbal 72*60G,CA,S,CA,1,0,3986,3986,3986,0,0,0,0,0,3986,0,637.76,4623.76,SOSHA1000000018,Invoice,Invoiced,13/03/2025,,,,,,,,,,,,,,72,Picked,Medium Supermarket-D,,,,,,,,
IN000977,7880336,CT0010047497,SHA1000,10,366163,0366163,Dettol Soap Original 72*60G,CA,S,CA,1,0,3986,3986,3986,0,0,0,0,0,3986,0,637.76,4623.76,SOSHA1000000022,Invoice,Invoiced,14/03/2025,,,,,,,,,,,,,,72,Picked,Medium Supermarket-D,,,,,,,,
IN000977,7880336,CT0010047497,SHA1000,11,366183,0366183,Dettol Soap Cool 72*60G,CA,S,CA,1,0,3986,3986,3986,0,0,0,0,0,3986,0,637.76,4623.76,SOSHA1000000022,Invoice,Invoiced,14/03/2025,,,,,,,,,,,,,,72,Picked,Medium Supermarket-D,,,,,,,,
IN001287,7880336,CT0010047503,SHA1000,35,366194,0366194,Dettol Soap Herbal 72*60G,CA,S,CA,1,0,3986,3986,3986,0,0,0,0,0,3986,0,637.76,4623.76,SOSHA1000000029,Invoice,Invoiced,20/03/2025,,,,,,,,,,,,,,72,Picked,Medium Supermarket-D,,,,,,,,
IN000977,7880336,CT0010047497,SHA1000,13,3244645,3244645,DETTOL SOAP ORIGINAL 90GX3,OU,S,CA,12,0,8088,337,4044,0,0,0,0,0,4044,0,647.04,4691.04,SOSHA1000000022,Invoice,Invoiced,14/03/2025,,,,,,,,,,,,,,12,Picked,Medium Supermarket-D,,,,,,,,
IN001486,7880336,CT0010054700,SHA1005,3,3244641,3244641,DETTOL SOAP COOL 90GX3,OU,S,CA,12,0,8088,337,4044,0,0,0,0,0,4044,0,647.04,4691.04,SOSHA1005000214,Invoice,Invoiced,21/03/2025,,,,,,,,,,,,,,12,Picked,DTR Van-D,,,,,,,,
IN000902,7880336,CT0010049475,SHA1000,11,3025271,3025271,DETTOL HANDWASH SENSITIVE PUMP 12*200ML,CA,S,CA,1,0,4047.98,4047.98,4047.98,0,0,0,0,0,4047.98,0,647.68,4695.66,SOSHA1000000016,Invoice,Invoiced,13/03/2025,,,,,,,,,,,,,,12,Picked,Other Supermarts-D,,,,,,,,
IN000902,7880336,CT0010049475,SHA1000,12,3025273,3025273,DETTOL HANDWASH FRESH PUMP 12*200ML,CA,S,CA,1,0,4047.98,4047.98,4047.98,0,0,0,0,0,4047.98,0,647.68,4695.66,SOSHA1000000016,Invoice,Invoiced,13/03/2025,,,,,,,,,,,,,,12,Picked,Other Supermarts-D,,,,,,,,
IN000903,7880336,CT0010054388,SHA1000,18,3025273,3025273,DETTOL HANDWASH FRESH PUMP 12*200ML,CA,S,CA,1,0,4047.98,4047.98,4047.98,0,0,0,0,0,4047.98,0,647.68,4695.66,SOSHA1000000018,Invoice,Invoiced,13/03/2025,,,,,,,,,,,,,,12,Picked,Medium Supermarket-D,,,,,,,,
IN000219,7880336,CT0010045053,SHA1002,1,3239866,3239866,DETTOL LIQUID 125ML+50ML,OU,S,CA,12,0,8265,344.38,4132.56,0,0,0,0,0,4132.56,0,661.21,4793.77,SOSHA1002000043,Invoice,Invoiced,05/03/2025,,,,,,,,,,,,,,12,Picked,DTR Van-D,,,,,,,,
IN000701,7880336,CT0010047492,SHA1000,8,3239866,3239866,DETTOL LIQUID 125ML+50ML,OU,S,CA,12,0,8265,344.38,4132.56,0,0,0,0,0,4132.56,0,661.21,4793.77,SOSHA1000000015,Invoice,Invoiced,11/03/2025,,,,,,,,,,,,,,12,Picked,Medium Supermarket-D,,,,,,,,
IN000863,7880336,CT0010041990,SHA1002,1,3239866,3239866,DETTOL LIQUID 125ML+50ML,OU,S,CA,12,0,8265,344.38,4132.56,0,0,0,0,0,4132.56,0,661.21,4793.77,SOSHA1002000146,Invoice,Invoiced,12/03/2025,,,,,,,,,,,,,,12,Picked,DTR Van-D,,,,,,,,
IN000866,7880336,CT0010045890,SHA1002,1,3239866,3239866,DETTOL LIQUID 125ML+50ML,OU,S,CA,12,0,8265,344.38,4132.56,0,0,0,0,0,4132.56,0,661.21,4793.77,SOSHA1002000149,Invoice,Invoiced,12/03/2025,,,,,,,,,,,,,,12,Picked,DTR Van-D,,,,,,,,
IN000328,7880336,CT0010041564,SHA1003,14,299714,0299714,Harpic Power Plus 200Ml *36,CA,S,CA,1,0,4655,4655,4655,418.95,418.95,0,0,418.95,4236.05,0,677.77,4913.82,SOSHA1003000071,Invoice,Invoiced,06/03/2025,,,,,,,,,,,,,,36,Picked,DTR Van-D,,,,,,,,
IN000460,7880336,CT0010046542,SHA1005,10,299714,0299714,Harpic Power Plus 200Ml *36,CA,S,CA,1,0,4655,4655,4655,418.95,418.95,0,0,418.95,4236.05,0,677.77,4913.82,SOSHA1005000057,Invoice,Invoiced,06/03/2025,,,,,,,,,,,,,,36,Picked,DTR Van-D,,,,,,,,
IN000823,7880336,CT0010041963,SHA1001,11,299714,0299714,Harpic Power Plus 200Ml *36,CA,S,CA,1,0,4655,4655,4655,418.95,418.95,0,0,418.95,4236.05,0,677.77,4913.82,SOSHA1001000148,Invoice,Invoiced,12/03/2025,,,,,,,,,,,,,,36,Picked,DTR Van-D,,,,,,,,
IN000976,7880336,CT0010045687,SHA1000,4,299714,0299714,Harpic Power Plus 200Ml *36,CA,S,CA,1,0,4655,4655,4655,418.95,418.95,0,0,418.95,4236.05,0,677.77,4913.82,SOSHA1000000021,Invoice,Invoiced,14/03/2025,,,,,,,,,,,,,,36,Picked,DTR Van-D,,,,,,,,
IN001078,7880336,CT0010043496,SHA1000,29,299714,0299714,Harpic Power Plus 200Ml *36,CA,S,CA,1,0,4655,4655,4655,418.95,418.95,0,0,418.95,4236.05,0,677.77,4913.82,SOSHA1000000024,Invoice,Invoiced,17/03/2025,,,,,,,,,,,,,,36,Picked,DTR Van-D,,,,,,,,
IN001094,7880336,CT0010041692,SHA1003,1,299714,0299714,Harpic Power Plus 200Ml *36,CA,S,CA,1,0,4655,4655,4655,418.95,418.95,0,0,418.95,4236.05,0,677.77,4913.82,SOSHA1003000192,Invoice,Invoiced,17/03/2025,,,,,,,,,,,,,,36,Picked,DTR Van-D,,,,,,,,
IN001294,7880336,CT0010046741,SHA1001,1,299714,0299714,Harpic Power Plus 200Ml *36,CA,S,CA,1,0,4655,4655,4655,418.95,418.95,0,0,418.95,4236.05,0,677.77,4913.82,SOSHA1001000215,Invoice,Invoiced,20/03/2025,,,,,,,,,,,,,,36,Picked,DTR Van-D,,,,,,,,
IN000962,7880336,CT0010054433,SHA1006,17,384658,0384658,Jik Bleach Regular 250Ml *18,CA,S,CA,2,0,2355.3,2355.3,4710.6,211.975,423.95,0,0,423.95,4286.65,0,685.86,4972.51,SOSHA1006000186,Invoice,Invoiced,13/03/2025,,,,,,,,,,,,,,36,Picked,DTR Van-D,,,,,,,,
IN000281,7880336,CT0010054064,SHA1001,1,349130,0349130,Mortein Doom P.Gard Aik Lemon 12*100Ml,CA,S,CA,2,0,2163.01,2163.01,4326.02,0,0,0,0,0,4326.02,0,692.16,5018.18,SOSHA1001000048,Invoice,Invoiced,06/03/2025,,,,,,,,,,,,,,24,Picked,DTR Van-D,,,,,,,,
IN000460,7880336,CT0010046542,SHA1005,7,3240461,3240461,DETTOL SOAP ORIGINAL 175GX2,OU,S,CA,12,0,10252,427.17,5126.04,0,0,0,0,0,5126.04,0,0,5126.04,SOSHA1005000057,Invoice,Invoiced,06/03/2025,,,,,,,,,,,,,,12,Picked,DTR Van-D,,,,,,,,
IN000740,7880336,CT0010042942,SHA1001,3,349302,0349302,Mortein Doom P.Gard Aik Lemon 12*300Ml,OU,S,CA,6,0,9404.39,783.7,4702.2,564.26,282.13,0,0,282.13,4420.07,0,707.21,5127.28,SOSHA1001000132,Invoice,Invoiced,11/03/2025,,,,,,,,,,,,,,6,Picked,DTR Van-D,,,,,,,,
IN001476,7880336,CT0010044090,SHA1005,1,330724,0330724,Mortein Doom Powergard Aiko 12*300Ml,OU,S,CA,6,0,9404.39,783.7,4702.2,564.26,282.13,0,0,282.13,4420.07,0,707.21,5127.28,SOSHA1005000202,Invoice,Invoiced,21/03/2025,,,,,,,,,,,,,,6,Picked,DTR Van-D,,,,,,,,
IN001485,7880336,CT0010054727,SHA1005,1,330724,0330724,Mortein Doom Powergard Aiko 12*300Ml,OU,S,CA,6,0,9404.39,783.7,4702.2,564.26,282.13,0,0,282.13,4420.07,0,707.21,5127.28,SOSHA1005000213,Invoice,Invoiced,21/03/2025,,,,,,,,,,,,,,6,Picked,DTR Van-D,,,,,,,,
IN000274,7880336,CT0010046509,SHA1001,2,3239863,3239863,DETTOL LIQUID 250ML+125ML,OU,S,CA,6,0,8969,747.42,4484.52,0,0,0,0,0,4484.52,0,717.52,5202.04,SOSHA1001000040,Invoice,Invoiced,06/03/2025,,,,,,,,,,,,,,6,Picked,DTR Van-D,,,,,,,,
IN001077,7880336,CT0010054009,SHA1001,2,3239863,3239863,DETTOL LIQUID 250ML+125ML,OU,S,CA,6,0,8969,747.42,4484.52,0,0,0,0,0,4484.52,0,717.52,5202.04,SOSHA1001000191,Invoice,Invoiced,17/03/2025,,,,,,,,,,,,,,6,Picked,DTR Van-D,,,,,,,,
IN000904,7880336,CT0010054391,SHA1000,11,8142129,8142129,Mortein  Mos Repellant Liq. Led Comp 30N *12,OU,S,CA,6,0,10439.73,869.98,5219.88,0,0,0,0,0,5219.88,0,0,5219.88,SOSHA1000000019,Invoice,Invoiced,13/03/2025,,,,,,,,,,,,,,6,Picked,Other Supermarts-D,,,,,,,,
IN000963,7880336,CT0010054434,SHA1006,1,8142129,8142129,Mortein  Mos Repellant Liq. Led Comp 30N *12,OU,S,CA,6,0,10439.73,869.98,5219.88,0,0,0,0,0,5219.88,0,0,5219.88,SOSHA1006000187,Invoice,Invoiced,13/03/2025,,,,,,,,,,,,,,6,Picked,DTR Van-D,,,,,,,,
IN000903,7880336,CT0010054388,SHA1000,42,3298961,3298961,Dettol soap Skincare 85g,EA,S,EA,48,0,94,94,4512,0,0,0,0,0,4512,0,721.92,5233.92,SOSHA1000000018,Invoice,Invoiced,13/03/2025,,,,,,,,,,,,,,48,Picked,Medium Supermarket-D,,,,,,,,
IN000277,7880336,CT0010054061,SHA1001,1,366159,0366159,Dettol Soap Original 72*90Gm,OU,S,CA,36,0,9028,125.39,4514.04,0,0,0,0,0,4514.04,0,722.25,5236.29,SOSHA1001000044,Invoice,Invoiced,06/03/2025,,,,,,,,,,,,,,36,Picked,DTR Van-D,,,,,,,,
IN000213,7880336,CT0010043264,SHA1000,5,3012868,3012868,Jik Colours 70Ml *144,CA,S,CA,1,0,4597.7,4597.7,4597.7,0,0,0,0,0,4597.7,0,735.63,5333.33,SOSHA1000000012,Invoice,Invoiced,05/03/2025,,,,,,,,,,,,,,144,Picked,Wholesale-D,,,,,,,,
IN001485,7880336,CT0010054727,SHA1005,7,3012868,3012868,Jik Colours 70Ml *144,CA,S,CA,1,0,4597.7,4597.7,4597.7,0,0,0,0,0,4597.7,0,735.63,5333.33,SOSHA1005000213,Invoice,Invoiced,21/03/2025,,,,,,,,,,,,,,144,Picked,DTR Van-D,,,,,,,,
IN000701,7880336,CT0010047492,SHA1000,16,3277709,3277709,JIK REGULAR 2250ML + 750ML,CA,S,CA,1,0,4618,4618,4618,0,0,0,0,0,4618,0,738.88,5356.88,SOSHA1000000015,Invoice,Invoiced,11/03/2025,,,,,,,,,,,,,,6,Picked,Medium Supermarket-D,,,,,,,,
IN000902,7880336,CT0010049475,SHA1000,17,3277709,3277709,JIK REGULAR 2250ML + 750ML,CA,S,CA,1,0,4618,4618,4618,0,0,0,0,0,4618,0,738.88,5356.88,SOSHA1000000016,Invoice,Invoiced,13/03/2025,,,,,,,,,,,,,,6,Picked,Other Supermarts-D,,,,,,,,
IN000962,7880336,CT0010054433,SHA1006,19,384666,0384666,Jik Bleach 2.25Lt *6,CA,S,CA,1,0,4618.23,4618.23,4618.23,0,0,0,0,0,4618.23,0,738.92,5357.15,SOSHA1006000186,Invoice,Invoiced,13/03/2025,,,,,,,,,,,,,,6,Picked,DTR Van-D,,,,,,,,
IN001054,7880336,CT0010054457,SHA1006,21,384666,0384666,Jik Bleach 2.25Lt *6,CA,S,CA,1,0,4618.23,4618.23,4618.23,0,0,0,0,0,4618.23,0,738.92,5357.15,SOSHA1006000189,Invoice,Invoiced,14/03/2025,,,,,,,,,,,,,,6,Picked,DTR Van-D,,,,,,,,
IN001077,7880336,CT0010054009,SHA1001,3,384666,0384666,Jik Bleach 2.25Lt *6,CA,S,CA,1,0,4618.23,4618.23,4618.23,0,0,0,0,0,4618.23,0,738.92,5357.15,SOSHA1001000191,Invoice,Invoiced,17/03/2025,,,,,,,,,,,,,,6,Picked,DTR Van-D,,,,,,,,
IN000740,7880336,CT0010042942,SHA1001,9,384686,0384686,Jik Colours 750Ml *18,OU,S,CA,8,0,10391.01,577.28,4618.24,0,0,0,0,0,4618.24,0,738.92,5357.16,SOSHA1001000132,Invoice,Invoiced,11/03/2025,,,,,,,,,,,,,,8,Picked,DTR Van-D,,,,,,,,
IN000721,7880336,CT0010054234,SHA1000,17,299714,0299714,Harpic Power Plus 200Ml *36,CA,S,CA,1,0,4655,4655,4655,0,0,0,0,0,4655,0,744.8,5399.8,SOSHA1000000014,Invoice,Invoiced,11/03/2025,,,,,,,,,,,,,,36,Picked,Other Supermarts-D,,,,,,,,
IN000902,7880336,CT0010049475,SHA1000,20,299714,0299714,Harpic Power Plus 200Ml *36,CA,S,CA,1,0,4655,4655,4655,0,0,0,0,0,4655,0,744.8,5399.8,SOSHA1000000016,Invoice,Invoiced,13/03/2025,,,,,,,,,,,,,,36,Picked,Other Supermarts-D,,,,,,,,
IN000701,7880336,CT0010047492,SHA1000,12,384658,0384658,Jik Bleach Regular 250Ml *18,CA,S,CA,2,0,2355.3,2355.3,4710.6,0,0,0,0,0,4710.6,0,753.7,5464.3,SOSHA1000000015,Invoice,Invoiced,11/03/2025,,,,,,,,,,,,,,36,Picked,Medium Supermarket-D,,,,,,,,
IN000902,7880336,CT0010049475,SHA1000,13,384658,0384658,Jik Bleach Regular 250Ml *18,CA,S,CA,2,0,2355.3,2355.3,4710.6,0,0,0,0,0,4710.6,0,753.7,5464.3,SOSHA1000000016,Invoice,Invoiced,13/03/2025,,,,,,,,,,,,,,36,Picked,Other Supermarts-D,,,,,,,,
IN000977,7880336,CT0010047497,SHA1000,3,384658,0384658,Jik Bleach Regular 250Ml *18,CA,S,CA,2,0,2355.3,2355.3,4710.6,0,0,0,0,0,4710.6,0,753.7,5464.3,SOSHA1000000022,Invoice,Invoiced,14/03/2025,,,,,,,,,,,,,,36,Picked,Medium Supermarket-D,,,,,,,,
IN001510,7880336,CT0010047491,SHA1000,19,247586,0247586,Harpic Bluematic Single 96*50G,OU,S,CA,24,0,19211.82,200.12,4802.88,0,0,0,0,0,4802.88,0,768.46,5571.34,SOSHA1000000032,Invoice,Invoiced,21/03/2025,,,,,,,,,,,,,,24,Unpick,Wholesale-D,,,,,,,,
IN000460,7880336,CT0010046542,SHA1005,4,366165,0366165,Dettol Soap Original 48*175G,OU,S,CA,24,0,11184,233,5592,1342.08,671.04,0,0,671.04,4920.96,0,787.35,5708.31,SOSHA1005000057,Invoice,Invoiced,06/03/2025,,,,,,,,,,,,,,24,Picked,DTR Van-D,,,,,,,,
IN000460,7880336,CT0010046542,SHA1005,8,3299074,3299074,Dettol soap Herbal 165g,EA,S,EA,24,0,233,233,5592,27.96,671.04,0,0,671.04,4920.96,0,787.35,5708.31,SOSHA1005000057,Invoice,Invoiced,06/03/2025,,,,,,,,,,,,,,24,Picked,DTR Van-D,,,,,,,,
IN001399,7880336,CT0010046977,SHA1007,3,366165,0366165,Dettol Soap Original 48*175G,OU,S,CA,24,0,11184,233,5592,1342.08,671.04,0,0,671.04,4920.96,0,787.35,5708.31,SOSHA1007000207,Invoice,Invoiced,20/03/2025,,,,,,,,,,,,,,24,Picked,DTR Van-D,,,,,,,,
IN000151,7880336,CT0010054009,SHA1001,2,384663,0384663,Jik Bleach 1.5L(New Pack) *8,CA,S,CA,1,0,4926.11,4926.11,4926.11,0,0,0,0,0,4926.11,0,788.18,5714.29,SOSHA1001000016,Invoice,Invoiced,04/03/2025,,,,,,,,,,,,,,8,Picked,DTR Van-D,,,,,,,,
IN000721,7880336,CT0010054234,SHA1000,8,384663,0384663,Jik Bleach 1.5L(New Pack) *8,CA,S,CA,1,0,4926.11,4926.11,4926.11,0,0,0,0,0,4926.11,0,788.18,5714.29,SOSHA1000000014,Invoice,Invoiced,11/03/2025,,,,,,,,,,,,,,8,Picked,Other Supermarts-D,,,,,,,,
IN000962,7880336,CT0010054433,SHA1006,18,384663,0384663,Jik Bleach 1.5L(New Pack) *8,CA,S,CA,1,0,4926.11,4926.11,4926.11,0,0,0,0,0,4926.11,0,788.18,5714.29,SOSHA1006000186,Invoice,Invoiced,13/03/2025,,,,,,,,,,,,,,8,Picked,DTR Van-D,,,,,,,,
IN000977,7880336,CT0010047497,SHA1000,4,384663,0384663,Jik Bleach 1.5L(New Pack) *8,CA,S,CA,1,0,4926.11,4926.11,4926.11,0,0,0,0,0,4926.11,0,788.18,5714.29,SOSHA1000000022,Invoice,Invoiced,14/03/2025,,,,,,,,,,,,,,8,Picked,Medium Supermarket-D,,,,,,,,
IN001044,7880336,CT0010054471,SHA1005,11,3053889,3053889,HARPIC P/PLUS 500ML+200ML*12,CA,S,CA,1,0,5726,5726,5726,0,0,0,0,0,5726,0,0,5726,SOSHA1005000136,Invoice,Invoiced,14/03/2025,,,,,,,,,,,,,,12,Picked,DTR Van-D,,,,,,,,
IN000738,7880336,CT0010042949,SHA1001,9,3252301,3252301,HARPIC TECHNO FLORAL 1000ML*12,OU,S,CA,6,0,9913.79,826.15,4956.9,0,0,0,0,0,4956.9,0,793.1,5750,SOSHA1001000130,Invoice,Invoiced,11/03/2025,,,,,,,,,,,,,,6,Picked,DTR Van-D,,,,,,,,
IN001044,7880336,CT0010054471,SHA1005,2,349313,0349313,Mortein Doom P.Gard Aik Lemon 12*400Ml,OU,S,CA,6,0,12225.71,1018.81,6112.86,489.02,244.51,0,0,244.51,5868.35,0,0,5868.35,SOSHA1005000136,Invoice,Invoiced,14/03/2025,,,,,,,,,,,,,,6,Picked,DTR Van-D,,,,,,,,
IN000903,7880336,CT0010054388,SHA1000,15,8055076,8055076,VEET CREAM SENSITIVE 36*100GM,EA,S,CA,6,0,31034,862.06,5172.36,0,0,0,0,0,5172.36,0,827.58,5999.94,SOSHA1000000018,Invoice,Invoiced,13/03/2025,,,,,,,,,,,,,,6,Picked,Medium Supermarket-D,,,,,,,,
IN000903,7880336,CT0010054388,SHA1000,16,8055078,8055078,Veet Cream Normal 36*100Gm,OU,S,CA,6,0,31034,862.06,5172.36,0,0,0,0,0,5172.36,0,827.58,5999.94,SOSHA1000000018,Invoice,Invoiced,13/03/2025,,,,,,,,,,,,,,6,Picked,Medium Supermarket-D,,,,,,,,
IN000961,7880336,CT0010054390,SHA1006,1,331013,0331013,Mortein Doom Powergard Cik 12*300Ml,OU,S,CA,6,0,10344.83,862.07,5172.42,0,0,0,0,0,5172.42,0,827.59,6000.01,SOSHA1006000170,Invoice,Invoiced,13/03/2025,,,,,,,,,,,,,,6,Picked,DTR Van-D,,,,,,,,
IN001054,7880336,CT0010054457,SHA1006,46,299713,0299713,Harpic Power Plus 500Ml*24,OU,S,CA,12,0,11083.74,461.82,5541.84,665.02,332.51,0,0,332.51,5209.33,0,833.49,6042.82,SOSHA1006000189,Invoice,Invoiced,14/03/2025,,,,,,,,,,,,,,12,Picked,DTR Van-D,,,,,,,,
IN001186,7880336,CT0010045088,SHA1002,2,299713,0299713,Harpic Power Plus 500Ml*24,OU,S,CA,12,0,11083.74,461.82,5541.84,665.02,332.51,0,0,332.51,5209.33,0,833.49,6042.82,SOSHA1002000189,Invoice,Invoiced,18/03/2025,,,,,,,,,,,,,,12,Picked,DTR Van-D,,,,,,,,
IN001476,7880336,CT0010044090,SHA1005,16,299713,0299713,Harpic Power Plus 500Ml*24,OU,S,CA,12,0,11083.74,461.82,5541.84,665.02,332.51,0,0,332.51,5209.33,0,833.49,6042.82,SOSHA1005000202,Invoice,Invoiced,21/03/2025,,,,,,,,,,,,,,12,Picked,DTR Van-D,,,,,,,,
IN000721,7880336,CT0010054234,SHA1000,4,8142129,8142129,Mortein  Mos Repellant Liq. Led Comp 30N *12,OU,S,CA,6,0,10439.73,869.98,5219.88,0,0,0,0,0,5219.88,0,835.18,6055.06,SOSHA1000000014,Invoice,Invoiced,11/03/2025,,,,,,,,,,,,,,6,Picked,Other Supermarts-D,,,,,,,,
IN001054,7880336,CT0010054457,SHA1006,6,8142129,8142129,Mortein  Mos Repellant Liq. Led Comp 30N *12,OU,S,CA,6,0,10439.73,869.98,5219.88,0,0,0,0,0,5219.88,0,835.18,6055.06,SOSHA1006000189,Invoice,Invoiced,14/03/2025,,,,,,,,,,,,,,6,Picked,DTR Van-D,,,,,,,,
IN000962,7880336,CT0010054433,SHA1006,43,299715,0299715,Harpic Powerplus Citrus 1Litre *12,OU,S,CA,6,0,10621.92,885.16,5310.96,0,0,0,0,0,5310.96,0,849.75,6160.71,SOSHA1006000186,Invoice,Invoiced,13/03/2025,,,,,,,,,,,,,,6,Picked,DTR Van-D,,,,,,,,
IN001054,7880336,CT0010054457,SHA1006,45,299711,0299711,Harpic Power Plus 1Litre*12,OU,S,CA,6,0,10621.92,885.16,5310.96,0,0,0,0,0,5310.96,0,849.75,6160.71,SOSHA1006000189,Invoice,Invoiced,14/03/2025,,,,,,,,,,,,,,6,Picked,DTR Van-D,,,,,,,,
IN001054,7880336,CT0010054457,SHA1006,48,299715,0299715,Harpic Powerplus Citrus 1Litre *12,OU,S,CA,6,0,10621.92,885.16,5310.96,0,0,0,0,0,5310.96,0,849.75,6160.71,SOSHA1006000189,Invoice,Invoiced,14/03/2025,,,,,,,,,,,,,,6,Picked,DTR Van-D,,,,,,,,
IN001287,7880336,CT0010047503,SHA1000,4,330727,0330727,Mortein Doom Powerrgard Aiko 12*600Ml,OU,S,CA,4,0,15987,1332.25,5329,0,0,0,0,0,5329,0,852.64,6181.64,SOSHA1000000029,Invoice,Invoiced,20/03/2025,,,,,,,,,,,,,,4,Picked,Medium Supermarket-D,,,,,,,,
IN000728,7880336,CT0010045165,SHA1002,2,384660,0384660,Jik Bleach Regular 750Ml *18,CA,S,CA,1,0,5957.51,5957.51,5957.51,440.86,440.86,0,0,440.86,5516.65,0,882.66,6399.31,SOSHA1002000133,Invoice,Invoiced,11/03/2025,,,,,,,,,,,,,,18,Picked,DTR Van-D,,,,,,,,
IN000762,7880336,CT0010041884,SHA1005,3,384660,0384660,Jik Bleach Regular 750Ml *18,CA,S,CA,1,0,5957.51,5957.51,5957.51,440.86,440.86,0,0,440.86,5516.65,0,882.66,6399.31,SOSHA1005000092,Invoice,Invoiced,11/03/2025,,,,,,,,,,,,,,18,Picked,DTR Van-D,,,,,,,,
IN000961,7880336,CT0010054390,SHA1006,9,384660,0384660,Jik Bleach Regular 750Ml *18,CA,S,CA,1,0,5957.51,5957.51,5957.51,440.86,440.86,0,0,440.86,5516.65,0,882.66,6399.31,SOSHA1006000170,Invoice,Invoiced,13/03/2025,,,,,,,,,,,,,,18,Picked,DTR Van-D,,,,,,,,
IN000383,7880336,CT0010041783,SHA1000,1,3240461,3240461,DETTOL SOAP ORIGINAL 175GX2,OU,S,CA,15,0,10252,427.17,6407.55,0,0,0,0,0,6407.55,0,0,6407.55,SOSHA1000000013,Invoice,Invoiced,06/03/2025,,,,,,,,,,,,,,15,Picked,DTR Van-D,,,,,,,,
IN000962,7880336,CT0010054433,SHA1006,40,77928,0077928,Harpic Citrus 500Ml*24,OU,S,CA,12,0,11083.74,461.82,5541.84,0,0,0,0,0,5541.84,0,886.69,6428.53,SOSHA1006000186,Invoice,Invoiced,13/03/2025,,,,,,,,,,,,,,12,Picked,DTR Van-D,,,,,,,,
IN001510,7880336,CT0010047491,SHA1000,21,299719,0299719,HARPIC POWERPLUS CITRUS 500ML*24,OU,S,CA,12,0,11083.74,461.82,5541.84,0,0,0,0,0,5541.84,0,886.69,6428.53,SOSHA1000000032,Invoice,Invoiced,21/03/2025,,,,,,,,,,,,,,12,Unpick,Wholesale-D,,,,,,,,
IN000203,7880336,CT0010044591,SHA1004,4,238167,0238167,Jik Bleach Regular 70Ml *144,CA,S,CA,2,0,3218.39,3218.39,6436.78,0,0,0,0,0,6436.78,0,0,6436.78,SOSHA1004000002,Invoice,Invoiced,05/03/2025,,,,,,,,,,,,,,288,Unpick,DTR Van-D,,,,,,,,
IN000721,7880336,CT0010054234,SHA1000,10,366165,0366165,Dettol Soap Original 48*175G,OU,S,CA,24,0,11184,233,5592,0,0,0,0,0,5592,0,894.72,6486.72,SOSHA1000000014,Invoice,Invoiced,11/03/2025,,,,,,,,,,,,,,24,Picked,Other Supermarts-D,,,,,,,,
IN000721,7880336,CT0010054234,SHA1000,15,3299074,3299074,Dettol soap Herbal 165g,EA,S,EA,24,0,233,233,5592,0,0,0,0,0,5592,0,894.72,6486.72,SOSHA1000000014,Invoice,Invoiced,11/03/2025,,,,,,,,,,,,,,24,Picked,Other Supermarts-D,,,,,,,,
IN000793,7880336,CT0010054326,SHA1002,7,366165,0366165,Dettol Soap Original 48*175G,OU,S,CA,24,0,11184,233,5592,0,0,0,0,0,5592,0,894.72,6486.72,SOSHA1002000138,Invoice,Invoiced,11/03/2025,,,,,,,,,,,,,,24,Picked,DTR Van-D,,,,,,,,
IN000793,7880336,CT0010054326,SHA1002,12,366196,0366196,Dettol Soap Herbal 48*175G,OU,S,CA,24,0,11184,233,5592,0,0,0,0,0,5592,0,894.72,6486.72,SOSHA1002000138,Invoice,Invoiced,11/03/2025,,,,,,,,,,,,,,24,Picked,DTR Van-D,,,,,,,,
IN000902,7880336,CT0010049475,SHA1000,19,3299087,3299087,Dettol soap Skincare 165g,EA,S,EA,24,0,233,233,5592,0,0,0,0,0,5592,0,894.72,6486.72,SOSHA1000000016,Invoice,Invoiced,13/03/2025,,,,,,,,,,,,,,24,Picked,Other Supermarts-D,,,,,,,,
IN001287,7880336,CT0010047503,SHA1000,34,366165,0366165,Dettol Soap Original 48*175G,OU,S,CA,24,0,11184,233,5592,0,0,0,0,0,5592,0,894.72,6486.72,SOSHA1000000029,Invoice,Invoiced,20/03/2025,,,,,,,,,,,,,,24,Picked,Medium Supermarket-D,,,,,,,,
IN001287,7880336,CT0010047503,SHA1000,40,3299074,3299074,Dettol soap Herbal 165g,EA,S,EA,24,0,233,233,5592,0,0,0,0,0,5592,0,894.72,6486.72,SOSHA1000000029,Invoice,Invoiced,20/03/2025,,,,,,,,,,,,,,24,Picked,Medium Supermarket-D,,,,,,,,
IN001287,7880336,CT0010047503,SHA1000,41,3299087,3299087,Dettol soap Skincare 165g,EA,S,EA,24,0,233,233,5592,0,0,0,0,0,5592,0,894.72,6486.72,SOSHA1000000029,Invoice,Invoiced,20/03/2025,,,,,,,,,,,,,,24,Picked,Medium Supermarket-D,,,,,,,,
IN000581,7880336,CT0010047272,SHA1007,2,349291,0349291,Mortein Doom P.Gard Aik Lemon 12*180Ml,CA,S,CA,1,0,6112.85,6112.85,6112.85,507.37,507.37,0,0,507.37,5605.48,0,896.88,6502.36,SOSHA1007000084,Invoice,Invoiced,08/03/2025,,,,,,,,,,,,,,12,Picked,DTR Van-D,,,,,,,,
IN000681,7880336,CT0010042500,SHA1006,1,349291,0349291,Mortein Doom P.Gard Aik Lemon 12*180Ml,CA,S,CA,1,0,6112.85,6112.85,6112.85,507.37,507.37,0,0,507.37,5605.48,0,896.88,6502.36,SOSHA1006000134,Invoice,Invoiced,10/03/2025,,,,,,,,,,,,,,12,Picked,DTR Van-D,,,,,,,,
IN000900,7880336,CT0010046141,SHA1006,1,331051,0331051,Mortein Doom Powergard Aiko  12*180Ml,CA,S,CA,1,0,6112.85,6112.85,6112.85,507.37,507.37,0,0,507.37,5605.48,0,896.88,6502.36,SOSHA1006000156,Invoice,Invoiced,12/03/2025,,,,,,,,,,,,,,12,Picked,DTR Van-D,,,,,,,,
IN000962,7880336,CT0010054433,SHA1006,2,349291,0349291,Mortein Doom P.Gard Aik Lemon 12*180Ml,CA,S,CA,1,0,6112.85,6112.85,6112.85,507.37,507.37,0,0,507.37,5605.48,0,896.88,6502.36,SOSHA1006000186,Invoice,Invoiced,13/03/2025,,,,,,,,,,,,,,12,Picked,DTR Van-D,,,,,,,,
IN000990,7880336,CT0010047799,SHA1001,1,349291,0349291,Mortein Doom P.Gard Aik Lemon 12*180Ml,CA,S,CA,1,0,6112.85,6112.85,6112.85,507.37,507.37,0,0,507.37,5605.48,0,896.88,6502.36,SOSHA1001000173,Invoice,Invoiced,14/03/2025,,,,,,,,,,,,,,12,Picked,DTR Van-D,,,,,,,,
IN001054,7880336,CT0010054457,SHA1006,3,331051,0331051,Mortein Doom Powergard Aiko  12*180Ml,CA,S,CA,1,0,6112.85,6112.85,6112.85,507.37,507.37,0,0,507.37,5605.48,0,896.88,6502.36,SOSHA1006000189,Invoice,Invoiced,14/03/2025,,,,,,,,,,,,,,12,Picked,DTR Van-D,,,,,,,,
IN001054,7880336,CT0010054457,SHA1006,5,349291,0349291,Mortein Doom P.Gard Aik Lemon 12*180Ml,CA,S,CA,1,0,6112.85,6112.85,6112.85,507.37,507.37,0,0,507.37,5605.48,0,896.88,6502.36,SOSHA1006000189,Invoice,Invoiced,14/03/2025,,,,,,,,,,,,,,12,Picked,DTR Van-D,,,,,,,,
IN001060,7880336,CT0010054485,SHA1001,1,349291,0349291,Mortein Doom P.Gard Aik Lemon 12*180Ml,CA,S,CA,1,0,6112.85,6112.85,6112.85,507.37,507.37,0,0,507.37,5605.48,0,896.88,6502.36,SOSHA1001000175,Invoice,Invoiced,15/03/2025,,,,,,,,,,,,,,12,Unpick,DTR Van-D,,,,,,,,
IN001078,7880336,CT0010043496,SHA1000,2,331051,0331051,Mortein Doom Powergard Aiko  12*180Ml,CA,S,CA,1,0,6112.85,6112.85,6112.85,507.37,507.37,0,0,507.37,5605.48,0,896.88,6502.36,SOSHA1000000024,Invoice,Invoiced,17/03/2025,,,,,,,,,,,,,,12,Picked,DTR Van-D,,,,,,,,
IN001288,7880336,CT0010041892,SHA1000,1,331051,0331051,Mortein Doom Powergard Aiko  12*180Ml,CA,S,CA,1,0,6112.85,6112.85,6112.85,507.37,507.37,0,0,507.37,5605.48,0,896.88,6502.36,SOSHA1000000030,Invoice,Invoiced,20/03/2025,,,,,,,,,,,,,,12,Picked,DTR Van-D,,,,,,,,
IN001300,7880336,CT0010046730,SHA1001,2,349291,0349291,Mortein Doom P.Gard Aik Lemon 12*180Ml,CA,S,CA,1,0,6112.85,6112.85,6112.85,507.37,507.37,0,0,507.37,5605.48,0,896.88,6502.36,SOSHA1001000221,Invoice,Invoiced,20/03/2025,,,,,,,,,,,,,,12,Picked,DTR Van-D,,,,,,,,
IN001399,7880336,CT0010046977,SHA1007,1,349291,0349291,Mortein Doom P.Gard Aik Lemon 12*180Ml,CA,S,CA,1,0,6112.85,6112.85,6112.85,507.37,507.37,0,0,507.37,5605.48,0,896.88,6502.36,SOSHA1007000207,Invoice,Invoiced,20/03/2025,,,,,,,,,,,,,,12,Picked,DTR Van-D,,,,,,,,
IN000962,7880336,CT0010054433,SHA1006,1,330725,0330725,Mortein Doom Powergard Aiko 12*400Ml,OU,S,CA,6,0,12225.71,1018.81,6112.86,1014.74,507.37,0,0,507.37,5605.49,0,896.88,6502.37,SOSHA1006000186,Invoice,Invoiced,13/03/2025,,,,,,,,,,,,,,6,Picked,DTR Van-D,,,,,,,,
IN000962,7880336,CT0010054433,SHA1006,3,349313,0349313,Mortein Doom P.Gard Aik Lemon 12*400Ml,OU,S,CA,6,0,12225.71,1018.81,6112.86,1014.74,507.37,0,0,507.37,5605.49,0,896.88,6502.37,SOSHA1006000186,Invoice,Invoiced,13/03/2025,,,,,,,,,,,,,,6,Picked,DTR Van-D,,,,,,,,
IN000449,7880336,CT0010054078,SHA1005,1,3049801,3049801,DETTOL LIQUID 96*50ML,OU,S,CA,60,0,9028.21,94.04,5642.4,0,0,0,0,0,5642.4,0,902.78,6545.18,SOSHA1005000045,Invoice,Invoiced,06/03/2025,,,,,,,,,,,,,,60,Picked,DTR Van-D,,,,,,,,
IN000903,7880336,CT0010054388,SHA1000,13,8055074,8055074,Veet Cream Sensitive 72*50Gm,OU,S,CA,12,0,33856,470.22,5642.64,0,0,0,0,0,5642.64,0,902.82,6545.46,SOSHA1000000018,Invoice,Invoiced,13/03/2025,,,,,,,,,,,,,,12,Picked,Medium Supermarket-D,,,,,,,,
IN000150,7880336,CT0010045227,SHA1001,3,3053889,3053889,HARPIC P/PLUS 500ML+200ML*12,CA,S,CA,1,0,5726,5726,5726,0,0,0,0,0,5726,0,916.16,6642.16,SOSHA1001000014,Invoice,Invoiced,04/03/2025,,,,,,,,,,,,,,12,Picked,DTR Van-D,,,,,,,,
IN000314,7880336,CT0010041913,SHA1003,1,3053889,3053889,HARPIC P/PLUS 500ML+200ML*12,CA,S,CA,1,0,5726,5726,5726,0,0,0,0,0,5726,0,916.16,6642.16,SOSHA1003000067,Invoice,Invoiced,06/03/2025,,,,,,,,,,,,,,12,Picked,DTR Van-D,,,,,,,,
IN000328,7880336,CT0010041564,SHA1003,15,3053889,3053889,HARPIC P/PLUS 500ML+200ML*12,CA,S,CA,1,0,5726,5726,5726,0,0,0,0,0,5726,0,916.16,6642.16,SOSHA1003000071,Invoice,Invoiced,06/03/2025,,,,,,,,,,,,,,12,Picked,DTR Van-D,,,,,,,,
IN000721,7880336,CT0010054234,SHA1000,18,3053889,3053889,HARPIC P/PLUS 500ML+200ML*12,CA,S,CA,1,0,5726,5726,5726,0,0,0,0,0,5726,0,916.16,6642.16,SOSHA1000000014,Invoice,Invoiced,11/03/2025,,,,,,,,,,,,,,12,Picked,Other Supermarts-D,,,,,,,,
IN000758,7880336,CT0010043745,SHA1003,24,3053889,3053889,HARPIC P/PLUS 500ML+200ML*12,CA,S,CA,1,0,5726,5726,5726,0,0,0,0,0,5726,0,916.16,6642.16,SOSHA1003000132,Invoice,Invoiced,11/03/2025,,,,,,,,,,,,,,12,Picked,DTR Van-D,,,,,,,,
IN000902,7880336,CT0010049475,SHA1000,21,3053889,3053889,HARPIC P/PLUS 500ML+200ML*12,CA,S,CA,1,0,5726,5726,5726,0,0,0,0,0,5726,0,916.16,6642.16,SOSHA1000000016,Invoice,Invoiced,13/03/2025,,,,,,,,,,,,,,12,Picked,Other Supermarts-D,,,,,,,,
IN001061,7880336,CT0010047714,SHA1000,8,3053889,3053889,HARPIC P/PLUS 500ML+200ML*12,CA,S,CA,1,0,5726,5726,5726,0,0,0,0,0,5726,0,916.16,6642.16,SOSHA1000000025,Invoice,Invoiced,17/03/2025,,,,,,,,,,,,,,12,Picked,DTR Van-D,,,,,,,,
IN001399,7880336,CT0010046977,SHA1007,7,3053889,3053889,HARPIC P/PLUS 500ML+200ML*12,CA,S,CA,1,0,5726,5726,5726,0,0,0,0,0,5726,0,916.16,6642.16,SOSHA1007000207,Invoice,Invoiced,20/03/2025,,,,,,,,,,,,,,12,Picked,DTR Van-D,,,,,,,,
IN000902,7880336,CT0010049475,SHA1000,22,3053891,3053891,HARPIC P/PLUS CITRUS 500ML+200ML*12,CA,S,CA,1,0,5726.6,5726.6,5726.6,0,0,0,0,0,5726.6,0,916.26,6642.86,SOSHA1000000016,Invoice,Invoiced,13/03/2025,,,,,,,,,,,,,,12,Picked,Other Supermarts-D,,,,,,,,
IN000194,7880336,CT0010041512,SHA1003,1,3049806,3049806,DETTOL LIQUID 48*250ML,OU,S,CA,12,0,27134,565.29,6783.48,0,0,0,0,0,6783.48,0,0,6783.48,SOSHA1003000046,Invoice,Invoiced,05/03/2025,,,,,,,,,,,,,,12,Unpick,DTR Van-D,,,,,,,,
IN000977,7880336,CT0010047497,SHA1000,5,384671,0384671,Jik Bleach Regular 5Lt *4,CA,S,CA,1,0,5849.75,5849.75,5849.75,0,0,0,0,0,5849.75,0,935.96,6785.71,SOSHA1000000022,Invoice,Invoiced,14/03/2025,,,,,,,,,,,,,,4,Picked,Medium Supermarket-D,,,,,,,,
IN001062,7880336,CT0010043148,SHA1000,2,384671,0384671,Jik Bleach Regular 5Lt *4,CA,S,CA,1,0,5849.75,5849.75,5849.75,0,0,0,0,0,5849.75,0,935.96,6785.71,SOSHA1000000026,Invoice,Invoiced,17/03/2025,,,,,,,,,,,,,,4,Picked,Other Supermarts-D,,,,,,,,
IN001078,7880336,CT0010043496,SHA1000,9,384671,0384671,Jik Bleach Regular 5Lt *4,CA,S,CA,1,0,5849.75,5849.75,5849.75,0,0,0,0,0,5849.75,0,935.96,6785.71,SOSHA1000000024,Invoice,Invoiced,17/03/2025,,,,,,,,,,,,,,4,Picked,DTR Van-D,,,,,,,,
IN000313,7880336,CT0010041556,SHA1003,1,238167,0238167,Jik Bleach Regular 70Ml *144,CA,S,CA,2,0,3218.39,3218.39,6436.78,289.655,579.31,0,0,579.31,5857.47,0,937.2,6794.67,SOSHA1003000066,Invoice,Invoiced,06/03/2025,,,,,,,,,,,,,,288,Picked,DTR Van-D,,,,,,,,
IN000519,7880336,CT0010042826,SHA1002,1,238167,0238167,Jik Bleach Regular 70Ml *144,CA,S,CA,2,0,3218.39,3218.39,6436.78,289.655,579.31,0,0,579.31,5857.47,0,937.2,6794.67,SOSHA1002000105,Invoice,Invoiced,08/03/2025,,,,,,,,,,,,,,288,Picked,DTR Van-D,,,,,,,,
IN000638,7880336,CT0010041824,SHA1003,1,238167,0238167,Jik Bleach Regular 70Ml *144,CA,S,CA,2,0,3218.39,3218.39,6436.78,289.655,579.31,0,0,579.31,5857.47,0,937.2,6794.67,SOSHA1003000113,Invoice,Invoiced,10/03/2025,,,,,,,,,,,,,,288,Picked,DTR Van-D,,,,,,,,
IN001372,7880336,CT0010054078,SHA1005,2,238167,0238167,Jik Bleach Regular 70Ml *144,CA,S,CA,2,0,3218.39,3218.39,6436.78,289.655,579.31,0,0,579.31,5857.47,0,937.2,6794.67,SOSHA1005000184,Invoice,Invoiced,20/03/2025,,,,,,,,,,,,,,288,Picked,DTR Van-D,,,,,,,,
IN001485,7880336,CT0010054727,SHA1005,2,330725,0330725,Mortein Doom Powergard Aiko 12*400Ml,OU,S,CA,6,0,12225.71,1018.81,6112.86,489.02,244.51,0,0,244.51,5868.35,0,938.94,6807.29,SOSHA1005000213,Invoice,Invoiced,21/03/2025,,,,,,,,,,,,,,6,Picked,DTR Van-D,,,,,,,,
IN001287,7880336,CT0010047503,SHA1000,29,3178721,3178721,JIK REGULAR 750ML + COLORS 750ML,CA,S,CA,1,0,5948,5948,5948,0,0,0,0,0,5948,0,951.68,6899.68,SOSHA1000000029,Invoice,Invoiced,20/03/2025,,,,,,,,,,,,,,9,Picked,Medium Supermarket-D,,,,,,,,
IN001269,7880336,CT0010054033,SHA1006,1,349130,0349130,Mortein Doom P.Gard Aik Lemon 12*100Ml,CA,S,CA,3,0,2163.01,2163.01,6489.03,179.53,538.59,0,0,538.59,5950.44,0,952.07,6902.51,SOSHA1006000236,Invoice,Invoiced,18/03/2025,,,,,,,,,,,,,,36,Picked,DTR Van-A,,,,,,,,
IN000977,7880336,CT0010047497,SHA1000,6,384677,0384677,Jik Lemon 750Ml *18,CA,S,CA,1,0,5957.51,5957.51,5957.51,0,0,0,0,0,5957.51,0,953.2,6910.71,SOSHA1000000022,Invoice,Invoiced,14/03/2025,,,,,,,,,,,,,,18,Picked,Medium Supermarket-D,,,,,,,,
IN000904,7880336,CT0010054391,SHA1000,28,384658,0384658,Jik Bleach Regular 250Ml *18,CA,S,CA,3,0,2355.3,2355.3,7065.9,0,0,0,0,0,7065.9,0,0,7065.9,SOSHA1000000019,Invoice,Invoiced,13/03/2025,,,,,,,,,,,,,,54,Picked,Other Supermarts-D,,,,,,,,
IN000721,7880336,CT0010054234,SHA1000,1,331051,0331051,Mortein Doom Powergard Aiko  12*180Ml,CA,S,CA,1,0,6112.85,6112.85,6112.85,0,0,0,0,0,6112.85,0,978.06,7090.91,SOSHA1000000014,Invoice,Invoiced,11/03/2025,,,,,,,,,,,,,,12,Picked,Other Supermarts-D,,,,,,,,
IN000902,7880336,CT0010049475,SHA1000,3,349291,0349291,Mortein Doom P.Gard Aik Lemon 12*180Ml,CA,S,CA,1,0,6112.85,6112.85,6112.85,0,0,0,0,0,6112.85,0,978.06,7090.91,SOSHA1000000016,Invoice,Invoiced,13/03/2025,,,,,,,,,,,,,,12,Picked,Other Supermarts-D,,,,,,,,
IN000978,7880336,CT0010050026,SHA1000,2,331051,0331051,Mortein Doom Powergard Aiko  12*180Ml,CA,S,CA,1,0,6112.85,6112.85,6112.85,0,0,0,0,0,6112.85,0,978.06,7090.91,SOSHA1000000023,Invoice,Invoiced,14/03/2025,,,,,,,,,,,,,,12,Picked,Other Supermarts-D,,,,,,,,
IN001287,7880336,CT0010047503,SHA1000,5,331051,0331051,Mortein Doom Powergard Aiko  12*180Ml,CA,S,CA,1,0,6112.85,6112.85,6112.85,0,0,0,0,0,6112.85,0,978.06,7090.91,SOSHA1000000029,Invoice,Invoiced,20/03/2025,,,,,,,,,,,,,,12,Picked,Medium Supermarket-D,,,,,,,,
IN001287,7880336,CT0010047503,SHA1000,7,349291,0349291,Mortein Doom P.Gard Aik Lemon 12*180Ml,CA,S,CA,1,0,6112.85,6112.85,6112.85,0,0,0,0,0,6112.85,0,978.06,7090.91,SOSHA1000000029,Invoice,Invoiced,20/03/2025,,,,,,,,,,,,,,12,Picked,Medium Supermarket-D,,,,,,,,
IN000142,7880336,CT0010043148,SHA1000,1,349313,0349313,Mortein Doom P.Gard Aik Lemon 12*400Ml,OU,S,CA,6,0,12225.71,1018.81,6112.86,0,0,0,0,0,6112.86,0,978.06,7090.92,SOSHA1000000011,Invoice,Invoiced,04/03/2025,,,,,,,,,,,,,,6,Picked,Other Supermarts-D,,,,,,,,
IN000701,7880336,CT0010047492,SHA1000,7,3049807,3049807,DETTOL LIQUID 24*500ML,OU,S,CA,6,0,25508,1062.83,6376.98,0,0,0,0,0,6376.98,0,1020.32,7397.3,SOSHA1000000015,Invoice,Invoiced,11/03/2025,,,,,,,,,,,,,,6,Picked,Medium Supermarket-D,,,,,,,,
IN000758,7880336,CT0010043745,SHA1003,5,3049807,3049807,DETTOL LIQUID 24*500ML,OU,S,CA,6,0,25508,1062.83,6376.98,0,0,0,0,0,6376.98,0,1020.32,7397.3,SOSHA1003000132,Invoice,Invoiced,11/03/2025,,,,,,,,,,,,,,6,Picked,DTR Van-D,,,,,,,,
IN000902,7880336,CT0010049475,SHA1000,7,3049807,3049807,DETTOL LIQUID 24*500ML,OU,S,CA,6,0,25508,1062.83,6376.98,0,0,0,0,0,6376.98,0,1020.32,7397.3,SOSHA1000000016,Invoice,Invoiced,13/03/2025,,,,,,,,,,,,,,6,Picked,Other Supermarts-D,,,,,,,,
IN000904,7880336,CT0010054391,SHA1000,33,384683,0384683,Jik Colours 250Ml *18,CA,S,CA,2,0,3740.76,3740.76,7481.52,0,0,0,0,0,7481.52,0,0,7481.52,SOSHA1000000019,Invoice,Invoiced,13/03/2025,,,,,,,,,,,,,,36,Picked,Other Supermarts-D,,,,,,,,
IN000259,7880336,CT0010054033,SHA1006,1,349130,0349130,Mortein Doom P.Gard Aik Lemon 12*100Ml,CA,S,CA,3,0,2163.01,2163.01,6489.03,0,0,0,0,0,6489.03,0,1038.24,7527.27,SOSHA1006000068,Invoice,Invoiced,05/03/2025,,,,,,,,,,,,,,36,Picked,DTR Van-A,,,,,,,,
IN000701,7880336,CT0010047492,SHA1000,2,349130,0349130,Mortein Doom P.Gard Aik Lemon 12*100Ml,CA,S,CA,3,0,2163.01,2163.01,6489.03,0,0,0,0,0,6489.03,0,1038.24,7527.27,SOSHA1000000015,Invoice,Invoiced,11/03/2025,,,,,,,,,,,,,,36,Picked,Medium Supermarket-D,,,,,,,,
IN000721,7880336,CT0010054234,SHA1000,2,349130,0349130,Mortein Doom P.Gard Aik Lemon 12*100Ml,CA,S,CA,3,0,2163.01,2163.01,6489.03,0,0,0,0,0,6489.03,0,1038.24,7527.27,SOSHA1000000014,Invoice,Invoiced,11/03/2025,,,,,,,,,,,,,,36,Picked,Other Supermarts-D,,,,,,,,
IN001078,7880336,CT0010043496,SHA1000,7,384658,0384658,Jik Bleach Regular 250Ml *18,CA,S,CA,3,0,2355.3,2355.3,7065.9,188.4233,565.27,0,0,565.27,6500.63,0,1040.1,7540.73,SOSHA1000000024,Invoice,Invoiced,17/03/2025,,,,,,,,,,,,,,54,Picked,DTR Van-D,,,,,,,,
IN000123,7880336,CT0010041511,SHA1003,1,3239864,3239864,DETTOL LIQUID 1000ML+500ML,OU,S,CA,3,0,15338,2556.33,7668.99,0,0,0,0,0,7668.99,0,0,7668.99,SOSHA1003000002,Invoice,Invoiced,04/03/2025,,,,,,,,,,,,,,3,Unpick,DTR Van-D,,,,,,,,
IN000904,7880336,CT0010054391,SHA1000,35,384688,0384688,Jik Colours 2.25Lt *6,CA,S,CA,1,0,7850.99,7850.99,7850.99,0,0,0,0,0,7850.99,0,0,7850.99,SOSHA1000000019,Invoice,Invoiced,13/03/2025,,,,,,,,,,,,,,6,Picked,Other Supermarts-D,,,,,,,,
IN001288,7880336,CT0010041892,SHA1000,4,3049806,3049806,DETTOL LIQUID 48*250ML,OU,S,CA,12,0,27134,565.29,6783.48,0,0,0,0,0,6783.48,0,1085.36,7868.84,SOSHA1000000030,Invoice,Invoiced,20/03/2025,,,,,,,,,,,,,,12,Picked,DTR Van-D,,,,,,,,
IN001476,7880336,CT0010044090,SHA1005,6,3049806,3049806,DETTOL LIQUID 48*250ML,OU,S,CA,12,0,27134,565.29,6783.48,0,0,0,0,0,6783.48,0,1085.36,7868.84,SOSHA1005000202,Invoice,Invoiced,21/03/2025,,,,,,,,,,,,,,12,Picked,DTR Van-D,,,,,,,,
IN000904,7880336,CT0010054391,SHA1000,46,366163,0366163,Dettol Soap Original 72*60G,CA,S,CA,2,0,3986,3986,7972,0,0,0,0,0,7972,0,0,7972,SOSHA1000000019,Invoice,Invoiced,13/03/2025,,,,,,,,,,,,,,144,Picked,Other Supermarts-D,,,,,,,,
IN000904,7880336,CT0010054391,SHA1000,48,366183,0366183,Dettol Soap Cool 72*60G,CA,S,CA,2,0,3986,3986,7972,0,0,0,0,0,7972,0,0,7972,SOSHA1000000019,Invoice,Invoiced,13/03/2025,,,,,,,,,,,,,,144,Picked,Other Supermarts-D,,,,,,,,
IN000904,7880336,CT0010054391,SHA1000,49,366194,0366194,Dettol Soap Herbal 72*60G,CA,S,CA,2,0,3986,3986,7972,0,0,0,0,0,7972,0,0,7972,SOSHA1000000019,Invoice,Invoiced,13/03/2025,,,,,,,,,,,,,,144,Picked,Other Supermarts-D,,,,,,,,
IN001054,7880336,CT0010054457,SHA1006,23,384686,0384686,Jik Colours 750Ml *18,OU,S,CA,12,0,10391.01,577.28,6927.36,0,0,0,0,0,6927.36,0,1108.38,8035.74,SOSHA1006000189,Invoice,Invoiced,14/03/2025,,,,,,,,,,,,,,12,Picked,DTR Van-D,,,,,,,,
IN000208,7880336,CT0010042108,SHA1006,9,3244643,3244643,DETTOL SOAP HERBAL 90GX3,CA,S,CA,1,0,8088,8088,8088,0,0,0,0,0,8088,0,0,8088,SOSHA1006000002,Invoice,Invoiced,05/03/2025,,,,,,,,,,,,,,24,Unpick,DTR Van-D,,,,,,,,
IN000142,7880336,CT0010043148,SHA1000,2,379665,0379665,Mortein Doom P.Gard Aik Lemon 12*600Ml,OU,S,CA,6,0,14107,1175.58,7053.48,0,0,0,0,0,7053.48,0,1128.56,8182.04,SOSHA1000000011,Invoice,Invoiced,04/03/2025,,,,,,,,,,,,,,6,Picked,Other Supermarts-D,,,,,,,,
IN000740,7880336,CT0010042942,SHA1001,4,379665,0379665,Mortein Doom P.Gard Aik Lemon 12*600Ml,OU,S,CA,6,0,14107,1175.58,7053.48,0,0,0,0,0,7053.48,0,1128.56,8182.04,SOSHA1001000132,Invoice,Invoiced,11/03/2025,,,,,,,,,,,,,,6,Picked,DTR Van-D,,,,,,,,
IN000904,7880336,CT0010054391,SHA1000,20,3239865,3239865,DETTOL LIQUID 500ML+250ML,OU,S,CA,6,0,16443,1370.25,8221.5,0,0,0,0,0,8221.5,0,0,8221.5,SOSHA1000000019,Invoice,Invoiced,13/03/2025,,,,,,,,,,,,,,6,Picked,Other Supermarts-D,,,,,,,,
IN000129,7880336,CT0010041726,SHA1000,1,121421,0121421,MORTEIN DOOM PG AIK 6*400ML TWINPACK SAVE ksh500,CA,S,CA,1,0,8502,8502,8502,0,0,0,0,0,8502,0,0,8502,SOSHA1000000001,Invoice,Invoiced,04/03/2025,,,,,,,,,,,,,,6,Unpick,DTR Van-D,,,,,,,,
IN000206,7880336,CT0010041503,SHA1005,1,121421,0121421,MORTEIN DOOM PG AIK 6*400ML TWINPACK SAVE ksh500,CA,S,CA,1,0,8502,8502,8502,0,0,0,0,0,8502,0,0,8502,SOSHA1005000001,Invoice,Invoiced,05/03/2025,,,,,,,,,,,,,,6,Unpick,DTR Van-D,,,,,,,,
IN001287,7880336,CT0010047503,SHA1000,28,3066839,3066839,Jik Colours 1.5L *8,CA,S,CA,1,0,7471.26,7471.26,7471.26,0,0,0,0,0,7471.26,0,1195.4,8666.66,SOSHA1000000029,Invoice,Invoiced,20/03/2025,,,,,,,,,,,,,,8,Picked,Medium Supermarket-D,,,,,,,,
IN000701,7880336,CT0010047492,SHA1000,14,384683,0384683,Jik Colours 250Ml *18,CA,S,CA,2,0,3740.76,3740.76,7481.52,0,0,0,0,0,7481.52,0,1197.04,8678.56,SOSHA1000000015,Invoice,Invoiced,11/03/2025,,,,,,,,,,,,,,36,Picked,Medium Supermarket-D,,,,,,,,
IN000902,7880336,CT0010049475,SHA1000,14,384683,0384683,Jik Colours 250Ml *18,CA,S,CA,2,0,3740.76,3740.76,7481.52,0,0,0,0,0,7481.52,0,1197.04,8678.56,SOSHA1000000016,Invoice,Invoiced,13/03/2025,,,,,,,,,,,,,,36,Picked,Other Supermarts-D,,,,,,,,
IN000903,7880336,CT0010054388,SHA1000,24,384683,0384683,Jik Colours 250Ml *18,CA,S,CA,2,0,3740.76,3740.76,7481.52,0,0,0,0,0,7481.52,0,1197.04,8678.56,SOSHA1000000018,Invoice,Invoiced,13/03/2025,,,,,,,,,,,,,,36,Picked,Medium Supermarket-D,,,,,,,,
IN001162,7880336,CT0010054582,SHA1007,1,384683,0384683,Jik Colours 250Ml *18,CA,S,CA,2,0,3740.76,3740.76,7481.52,0,0,0,0,0,7481.52,0,1197.04,8678.56,SOSHA1007000178,Invoice,Invoiced,17/03/2025,,,,,,,,,,,,,,36,Picked,DTR Van-D,,,,,,,,
IN001287,7880336,CT0010047503,SHA1000,25,384683,0384683,Jik Colours 250Ml *18,CA,S,CA,2,0,3740.76,3740.76,7481.52,0,0,0,0,0,7481.52,0,1197.04,8678.56,SOSHA1000000029,Invoice,Invoiced,20/03/2025,,,,,,,,,,,,,,36,Picked,Medium Supermarket-D,,,,,,,,
IN001485,7880336,CT0010054727,SHA1005,6,384683,0384683,Jik Colours 250Ml *18,CA,S,CA,2,0,3740.76,3740.76,7481.52,0,0,0,0,0,7481.52,0,1197.04,8678.56,SOSHA1005000213,Invoice,Invoiced,21/03/2025,,,,,,,,,,,,,,36,Picked,DTR Van-D,,,,,,,,
IN000281,7880336,CT0010054064,SHA1001,3,366159,0366159,Dettol Soap Original 72*90Gm,OU,S,CA,60,0,9028,125.39,7523.4,0,0,0,0,0,7523.4,0,1203.74,8727.14,SOSHA1001000048,Invoice,Invoiced,06/03/2025,,,,,,,,,,,,,,60,Picked,DTR Van-D,,,,,,,,
IN000454,7880336,CT0010054078,SHA1005,1,366159,0366159,Dettol Soap Original 72*90Gm,OU,S,CA,60,0,9028,125.39,7523.4,0,0,0,0,0,7523.4,0,1203.74,8727.14,SOSHA1005000052,Invoice,Invoiced,06/03/2025,,,,,,,,,,,,,,60,Picked,DTR Van-D,,,,,,,,
IN000457,7880336,CT0010054078,SHA1005,1,366159,0366159,Dettol Soap Original 72*90Gm,OU,S,CA,60,0,9028,125.39,7523.4,0,0,0,0,0,7523.4,0,1203.74,8727.14,SOSHA1005000055,Invoice,Invoiced,06/03/2025,,,,,,,,,,,,,,60,Picked,DTR Van-D,,,,,,,,
IN000701,7880336,CT0010047492,SHA1000,6,3049805,3049805,DETTOL LIQUID 72*125ML,OU,S,CA,24,0,22571,313.49,7523.76,0,0,0,0,0,7523.76,0,1203.8,8727.56,SOSHA1000000015,Invoice,Invoiced,11/03/2025,,,,,,,,,,,,,,24,Picked,Medium Supermarket-D,,,,,,,,
IN000903,7880336,CT0010054388,SHA1000,8,3049805,3049805,DETTOL LIQUID 72*125ML,OU,S,CA,24,0,22571,313.49,7523.76,0,0,0,0,0,7523.76,0,1203.8,8727.56,SOSHA1000000018,Invoice,Invoiced,13/03/2025,,,,,,,,,,,,,,24,Picked,Medium Supermarket-D,,,,,,,,
IN001076,7880336,CT0010045227,SHA1001,2,3049805,3049805,DETTOL LIQUID 72*125ML,OU,S,CA,24,0,22571,313.49,7523.76,0,0,0,0,0,7523.76,0,1203.8,8727.56,SOSHA1001000190,Invoice,Invoiced,17/03/2025,,,,,,,,,,,,,,24,Picked,DTR Van-D,,,,,,,,
IN001078,7880336,CT0010043496,SHA1000,6,3049805,3049805,DETTOL LIQUID 72*125ML,OU,S,CA,24,0,22571,313.49,7523.76,0,0,0,0,0,7523.76,0,1203.8,8727.56,SOSHA1000000024,Invoice,Invoiced,17/03/2025,,,,,,,,,,,,,,24,Picked,DTR Van-D,,,,,,,,
IN001476,7880336,CT0010044090,SHA1005,5,3049805,3049805,DETTOL LIQUID 72*125ML,OU,S,CA,24,0,22571,313.49,7523.76,0,0,0,0,0,7523.76,0,1203.8,8727.56,SOSHA1005000202,Invoice,Invoiced,21/03/2025,,,,,,,,,,,,,,24,Picked,DTR Van-D,,,,,,,,
IN001287,7880336,CT0010047503,SHA1000,14,3074759,3074759,Airwick Ke Lavender 24* 30Gm,CA,S,CA,2,0,3807,3807,7614,0,0,0,0,0,7614,0,1218.24,8832.24,SOSHA1000000029,Invoice,Invoiced,20/03/2025,,,,,,,,,,,,,,48,Picked,Medium Supermarket-D,,,,,,,,
IN000131,7880336,CT0010042299,SHA1001,1,3049801,3049801,DETTOL LIQUID 96*50ML,CA,S,CA,1,0,9028.21,9028.21,9028.21,0,0,0,0,0,9028.21,0,0,9028.21,SOSHA1001000002,Invoice,Invoiced,04/03/2025,,,,,,,,,,,,,,96,Unpick,DTR Van-D,,,,,,,,
IN000904,7880336,CT0010054391,SHA1000,14,3049801,3049801,DETTOL LIQUID 96*50ML,CA,S,CA,1,0,9028.21,9028.21,9028.21,0,0,0,0,0,9028.21,0,0,9028.21,SOSHA1000000019,Invoice,Invoiced,13/03/2025,,,,,,,,,,,,,,96,Picked,Other Supermarts-D,,,,,,,,
IN000962,7880336,CT0010054433,SHA1006,42,299713,0299713,Harpic Power Plus 500Ml*24,OU,S,CA,18,0,11083.74,461.82,8312.76,665.0267,498.77,0,0,498.77,7813.99,0,1250.24,9064.23,SOSHA1006000186,Invoice,Invoiced,13/03/2025,,,,,,,,,,,,,,18,Picked,DTR Van-D,,,,,,,,
IN000977,7880336,CT0010047497,SHA1000,8,3277707,3277707,JIK REGULAR 750ML + 250ML,CA,S,CA,2,0,3972,3972,7944,0,0,0,0,0,7944,0,1271.04,9215.04,SOSHA1000000022,Invoice,Invoiced,14/03/2025,,,,,,,,,,,,,,24,Picked,Medium Supermarket-D,,,,,,,,
IN001061,7880336,CT0010047714,SHA1000,5,3277707,3277707,JIK REGULAR 750ML + 250ML,CA,S,CA,2,0,3972,3972,7944,0,0,0,0,0,7944,0,1271.04,9215.04,SOSHA1000000025,Invoice,Invoiced,17/03/2025,,,,,,,,,,,,,,24,Picked,DTR Van-D,,,,,,,,
IN001078,7880336,CT0010043496,SHA1000,11,3277707,3277707,JIK REGULAR 750ML + 250ML,CA,S,CA,2,0,3972,3972,7944,0,0,0,0,0,7944,0,1271.04,9215.04,SOSHA1000000024,Invoice,Invoiced,17/03/2025,,,,,,,,,,,,,,24,Picked,DTR Van-D,,,,,,,,
IN001286,7880336,CT0010047491,SHA1000,32,3277708,3277708,JIK REGULAR 750ML (2+1),CA,S,CA,2,0,3972,3972,7944,0,0,0,0,0,7944,0,1271.04,9215.04,SOSHA1000000028,Invoice,Invoiced,20/03/2025,,,,,,,,,,,,,,12,Picked,Wholesale-D,,,,,,,,
IN000326,7880336,CT0010042029,SHA1003,1,3049801,3049801,DETTOL LIQUID 96*50ML,CA,S,CA,1,0,9028.21,9028.21,9028.21,1083.39,1083.39,0,0,1083.39,7944.82,0,1271.17,9215.99,SOSHA1003000080,Invoice,Invoiced,06/03/2025,,,,,,,,,,,,,,96,Picked,DTR Van-D,,,,,,,,
IN000641,7880336,CT0010041693,SHA1003,1,3049801,3049801,DETTOL LIQUID 96*50ML,CA,S,CA,1,0,9028.21,9028.21,9028.21,1083.39,1083.39,0,0,1083.39,7944.82,0,1271.17,9215.99,SOSHA1003000117,Invoice,Invoiced,10/03/2025,,,,,,,,,,,,,,96,Picked,DTR Van-D,,,,,,,,
IN000976,7880336,CT0010045687,SHA1000,1,3049801,3049801,DETTOL LIQUID 96*50ML,CA,S,CA,1,0,9028.21,9028.21,9028.21,1083.39,1083.39,0,0,1083.39,7944.82,0,1271.17,9215.99,SOSHA1000000021,Invoice,Invoiced,14/03/2025,,,,,,,,,,,,,,96,Picked,DTR Van-D,,,,,,,,
IN001061,7880336,CT0010047714,SHA1000,2,3049801,3049801,DETTOL LIQUID 96*50ML,CA,S,CA,1,0,9028.21,9028.21,9028.21,1083.39,1083.39,0,0,1083.39,7944.82,0,1271.17,9215.99,SOSHA1000000025,Invoice,Invoiced,17/03/2025,,,,,,,,,,,,,,96,Picked,DTR Van-D,,,,,,,,
IN001078,7880336,CT0010043496,SHA1000,5,3049801,3049801,DETTOL LIQUID 96*50ML,CA,S,CA,1,0,9028.21,9028.21,9028.21,1083.39,1083.39,0,0,1083.39,7944.82,0,1271.17,9215.99,SOSHA1000000024,Invoice,Invoiced,17/03/2025,,,,,,,,,,,,,,96,Picked,DTR Van-D,,,,,,,,
IN001372,7880336,CT0010054078,SHA1005,1,3049801,3049801,DETTOL LIQUID 96*50ML,CA,S,CA,1,0,9028.21,9028.21,9028.21,1083.39,1083.39,0,0,1083.39,7944.82,0,1271.17,9215.99,SOSHA1005000184,Invoice,Invoiced,20/03/2025,,,,,,,,,,,,,,96,Picked,DTR Van-D,,,,,,,,
IN001510,7880336,CT0010047491,SHA1000,20,299711,0299711,Harpic Power Plus 1Litre*12,OU,S,CA,9,0,10621.92,885.16,7966.44,0,0,0,0,0,7966.44,0,1274.63,9241.07,SOSHA1000000032,Invoice,Invoiced,21/03/2025,,,,,,,,,,,,,,9,Unpick,Wholesale-D,,,,,,,,
IN000903,7880336,CT0010054388,SHA1000,31,366163,0366163,Dettol Soap Original 72*60G,CA,S,CA,2,0,3986,3986,7972,0,0,0,0,0,7972,0,1275.52,9247.52,SOSHA1000000018,Invoice,Invoiced,13/03/2025,,,,,,,,,,,,,,144,Picked,Medium Supermarket-D,,,,,,,,
IN001485,7880336,CT0010054727,SHA1005,3,330727,0330727,Mortein Doom Powerrgard Aiko 12*600Ml,OU,S,CA,6,0,15987,1332.25,7993.5,0,0,0,0,0,7993.5,0,1278.96,9272.46,SOSHA1005000213,Invoice,Invoiced,21/03/2025,,,,,,,,,,,,,,6,Picked,DTR Van-D,,,,,,,,
IN000904,7880336,CT0010054391,SHA1000,68,299714,0299714,Harpic Power Plus 200Ml *36,CA,S,CA,2,0,4655,4655,9310,0,0,0,0,0,9310,0,0,9310,SOSHA1000000019,Invoice,Invoiced,13/03/2025,,,,,,,,,,,,,,72,Picked,Other Supermarts-D,,,,,,,,
IN000903,7880336,CT0010054388,SHA1000,38,3244645,3244645,DETTOL SOAP ORIGINAL 90GX3,CA,S,CA,1,0,8088,8088,8088,0,0,0,0,0,8088,0,1294.08,9382.08,SOSHA1000000018,Invoice,Invoiced,13/03/2025,,,,,,,,,,,,,,24,Picked,Medium Supermarket-D,,,,,,,,
IN000977,7880336,CT0010047497,SHA1000,16,8149555,8149555,Dettol Soap Original 90Gm 6S Pack  6S*12,CA,S,CA,1,0,8088,8088,8088,0,0,0,0,0,8088,0,1294.08,9382.08,SOSHA1000000022,Invoice,Invoiced,14/03/2025,,,,,,,,,,,,,,12,Picked,Medium Supermarket-D,,,,,,,,
IN001510,7880336,CT0010047491,SHA1000,7,3239865,3239865,DETTOL LIQUID 500ML+250ML,OU,S,CA,6,0,16443,1370.25,8221.5,0,0,0,0,0,8221.5,0,1315.44,9536.94,SOSHA1000000032,Invoice,Invoiced,21/03/2025,,,,,,,,,,,,,,6,Unpick,Wholesale-D,,,,,,,,
IN000903,7880336,CT0010054388,SHA1000,9,3239866,3239866,DETTOL LIQUID 125ML+50ML,CA,S,CA,1,0,8265,8265,8265,0,0,0,0,0,8265,0,1322.4,9587.4,SOSHA1000000018,Invoice,Invoiced,13/03/2025,,,,,,,,,,,,,,24,Picked,Medium Supermarket-D,,,,,,,,
IN001510,7880336,CT0010047491,SHA1000,8,3239866,3239866,DETTOL LIQUID 125ML+50ML,CA,S,CA,1,0,8265,8265,8265,0,0,0,0,0,8265,0,1322.4,9587.4,SOSHA1000000032,Invoice,Invoiced,21/03/2025,,,,,,,,,,,,,,24,Unpick,Wholesale-D,,,,,,,,
IN000904,7880336,CT0010054391,SHA1000,27,238167,0238167,Jik Bleach Regular 70Ml *144,CA,S,CA,3,0,3218.39,3218.39,9655.17,0,0,0,0,0,9655.17,0,0,9655.17,SOSHA1000000019,Invoice,Invoiced,13/03/2025,,,,,,,,,,,,,,432,Picked,Other Supermarts-D,,,,,,,,
IN000904,7880336,CT0010054391,SHA1000,80,8158006,8158006,HARPIC POWER PLUS  TWINPACK 12*500ML,CA,S,CA,1,0,9790.64,9790.64,9790.64,0,0,0,0,0,9790.64,0,0,9790.64,SOSHA1000000019,Invoice,Invoiced,13/03/2025,,,,,,,,,,,,,,12,Picked,Other Supermarts-D,,,,,,,,
IN000904,7880336,CT0010054391,SHA1000,77,3252303,3252303,HARPIC TECHNO LEMON 1000ML*12,CA,S,CA,1,0,9913.79,9913.79,9913.79,0,0,0,0,0,9913.79,0,0,9913.79,SOSHA1000000019,Invoice,Invoiced,13/03/2025,,,,,,,,,,,,,,12,Picked,Other Supermarts-D,,,,,,,,
IN000990,7880336,CT0010047799,SHA1001,2,349302,0349302,Mortein Doom P.Gard Aik Lemon 12*300Ml,CA,S,CA,1,0,9404.39,9404.39,9404.39,780.56,780.56,0,0,780.56,8623.83,0,1379.81,10003.64,SOSHA1001000173,Invoice,Invoiced,14/03/2025,,,,,,,,,,,,,,12,Picked,DTR Van-D,,,,,,,,
IN001061,7880336,CT0010047714,SHA1000,1,330724,0330724,Mortein Doom Powergard Aiko 12*300Ml,CA,S,CA,1,0,9404.39,9404.39,9404.39,780.56,780.56,0,0,780.56,8623.83,0,1379.81,10003.64,SOSHA1000000025,Invoice,Invoiced,17/03/2025,,,,,,,,,,,,,,12,Picked,DTR Van-D,,,,,,,,
IN000635,7880336,CT0010042024,SHA1003,1,238167,0238167,Jik Bleach Regular 70Ml *144,CA,S,CA,3,0,3218.39,3218.39,9655.17,289.6567,868.97,0,0,868.97,8786.2,0,1405.79,10191.99,SOSHA1003000110,Invoice,Invoiced,10/03/2025,,,,,,,,,,,,,,432,Picked,DTR Van-D,,,,,,,,
IN001287,7880336,CT0010047503,SHA1000,49,3021482,3021482,HARPIC POWERPLUS CITRUS TWIN PACK 1LITRE*6,CA,S,CA,1,0,8793.1,8793.1,8793.1,0,0,0,0,0,8793.1,0,1406.9,10200,SOSHA1000000029,Invoice,Invoiced,20/03/2025,,,,,,,,,,,,,,6,Picked,Medium Supermarket-D,,,,,,,,
IN000903,7880336,CT0010054388,SHA1000,35,3240461,3240461,DETTOL SOAP ORIGINAL 175GX2,CA,S,CA,1,0,10252,10252,10252,0,0,0,0,0,10252,0,0,10252,SOSHA1000000018,Invoice,Invoiced,13/03/2025,,,,,,,,,,,,,,24,Picked,Medium Supermarket-D,,,,,,,,
IN000904,7880336,CT0010054391,SHA1000,76,3252298,3252298,HARPIC TECHNO LEMON 500ML*24,CA,S,CA,1,0,10344.83,10344.83,10344.83,0,0,0,0,0,10344.83,0,0,10344.83,SOSHA1000000019,Invoice,Invoiced,13/03/2025,,,,,,,,,,,,,,24,Picked,Other Supermarts-D,,,,,,,,
IN001287,7880336,CT0010047503,SHA1000,32,366159,0366159,Dettol Soap Original 72*90Gm,CA,S,CA,1,0,9028,9028,9028,0,0,0,0,0,9028,0,1444.48,10472.48,SOSHA1000000029,Invoice,Invoiced,20/03/2025,,,,,,,,,,,,,,72,Picked,Medium Supermarket-D,,,,,,,,
IN000701,7880336,CT0010047492,SHA1000,5,3049801,3049801,DETTOL LIQUID 96*50ML,CA,S,CA,1,0,9028.21,9028.21,9028.21,0,0,0,0,0,9028.21,0,1444.51,10472.72,SOSHA1000000015,Invoice,Invoiced,11/03/2025,,,,,,,,,,,,,,96,Picked,Medium Supermarket-D,,,,,,,,
IN000903,7880336,CT0010054388,SHA1000,7,3049801,3049801,DETTOL LIQUID 96*50ML,CA,S,CA,1,0,9028.21,9028.21,9028.21,0,0,0,0,0,9028.21,0,1444.51,10472.72,SOSHA1000000018,Invoice,Invoiced,13/03/2025,,,,,,,,,,,,,,96,Picked,Medium Supermarket-D,,,,,,,,
IN000977,7880336,CT0010047497,SHA1000,1,3049801,3049801,DETTOL LIQUID 96*50ML,CA,S,CA,1,0,9028.21,9028.21,9028.21,0,0,0,0,0,9028.21,0,1444.51,10472.72,SOSHA1000000022,Invoice,Invoiced,14/03/2025,,,,,,,,,,,,,,96,Picked,Medium Supermarket-D,,,,,,,,
IN000904,7880336,CT0010054391,SHA1000,60,3299175,3299175,Dettol soap Pome 165g,CA,S,EA,1,0,220,10560,10560,0,0,0,0,0,10560,0,0,10560,SOSHA1000000019,Invoice,Invoiced,13/03/2025,,,,,,,,,,,,,,48,Picked,Other Supermarts-D,,,,,,,,
IN000904,7880336,CT0010054391,SHA1000,61,3299176,3299176,Dettol soap Eventone 165g,CA,S,EA,1,0,220,10560,10560,0,0,0,0,0,10560,0,0,10560,SOSHA1000000019,Invoice,Invoiced,13/03/2025,,,,,,,,,,,,,,48,Picked,Other Supermarts-D,,,,,,,,
IN000904,7880336,CT0010054391,SHA1000,67,299711,0299711,Harpic Power Plus 1Litre*12,CA,S,CA,1,0,10621.92,10621.92,10621.92,0,0,0,0,0,10621.92,0,0,10621.92,SOSHA1000000019,Invoice,Invoiced,13/03/2025,,,,,,,,,,,,,,12,Picked,Other Supermarts-D,,,,,,,,
IN000904,7880336,CT0010054391,SHA1000,69,299715,0299715,Harpic Powerplus Citrus 1Litre *12,CA,S,CA,1,0,10621.92,10621.92,10621.92,0,0,0,0,0,10621.92,0,0,10621.92,SOSHA1000000019,Invoice,Invoiced,13/03/2025,,,,,,,,,,,,,,12,Picked,Other Supermarts-D,,,,,,,,
IN001287,7880336,CT0010047503,SHA1000,26,3012868,3012868,Jik Colours 70Ml *144,CA,S,CA,2,0,4597.7,4597.7,9195.4,0,0,0,0,0,9195.4,0,1471.26,10666.66,SOSHA1000000029,Invoice,Invoiced,20/03/2025,,,,,,,,,,,,,,288,Picked,Medium Supermarket-D,,,,,,,,
IN001287,7880336,CT0010047503,SHA1000,27,3031111,3031111,Jik Colours 5 Ltrs *4,CA,S,CA,1,0,9195.4,9195.4,9195.4,0,0,0,0,0,9195.4,0,1471.26,10666.66,SOSHA1000000029,Invoice,Invoiced,20/03/2025,,,,,,,,,,,,,,4,Picked,Medium Supermarket-D,,,,,,,,
IN001078,7880336,CT0010043496,SHA1000,12,3277709,3277709,JIK REGULAR 2250ML + 750ML,CA,S,CA,2,0,4618,4618,9236,0,0,0,0,0,9236,0,1477.76,10713.76,SOSHA1000000024,Invoice,Invoiced,17/03/2025,,,,,,,,,,,,,,12,Picked,DTR Van-D,,,,,,,,
IN000977,7880336,CT0010047497,SHA1000,17,299714,0299714,Harpic Power Plus 200Ml *36,CA,S,CA,2,0,4655,4655,9310,0,0,0,0,0,9310,0,1489.6,10799.6,SOSHA1000000022,Invoice,Invoiced,14/03/2025,,,,,,,,,,,,,,72,Picked,Medium Supermarket-D,,,,,,,,
IN000904,7880336,CT0010054391,SHA1000,6,349130,0349130,Mortein Doom P.Gard Aik Lemon 12*100Ml,CA,S,CA,5,0,2163.01,2163.01,10815.05,0,0,0,0,0,10815.05,0,0,10815.05,SOSHA1000000019,Invoice,Invoiced,13/03/2025,,,,,,,,,,,,,,60,Picked,Other Supermarts-D,,,,,,,,
IN000701,7880336,CT0010047492,SHA1000,1,330724,0330724,Mortein Doom Powergard Aiko 12*300Ml,CA,S,CA,1,0,9404.39,9404.39,9404.39,0,0,0,0,0,9404.39,0,1504.7,10909.09,SOSHA1000000015,Invoice,Invoiced,11/03/2025,,,,,,,,,,,,,,12,Picked,Medium Supermarket-D,,,,,,,,
IN000701,7880336,CT0010047492,SHA1000,3,349302,0349302,Mortein Doom P.Gard Aik Lemon 12*300Ml,CA,S,CA,1,0,9404.39,9404.39,9404.39,0,0,0,0,0,9404.39,0,1504.7,10909.09,SOSHA1000000015,Invoice,Invoiced,11/03/2025,,,,,,,,,,,,,,12,Picked,Medium Supermarket-D,,,,,,,,
IN000902,7880336,CT0010049475,SHA1000,1,330724,0330724,Mortein Doom Powergard Aiko 12*300Ml,CA,S,CA,1,0,9404.39,9404.39,9404.39,0,0,0,0,0,9404.39,0,1504.7,10909.09,SOSHA1000000016,Invoice,Invoiced,13/03/2025,,,,,,,,,,,,,,12,Picked,Other Supermarts-D,,,,,,,,
IN000904,7880336,CT0010054391,SHA1000,66,77928,0077928,Harpic Citrus 500Ml*24,CA,S,CA,1,0,11083.74,11083.74,11083.74,0,0,0,0,0,11083.74,0,0,11083.74,SOSHA1000000019,Invoice,Invoiced,13/03/2025,,,,,,,,,,,,,,24,Picked,Other Supermarts-D,,,,,,,,
IN000904,7880336,CT0010054391,SHA1000,70,352645,0352645,Harpic Power Plus Lavender 500Ml*24,CA,S,CA,1,0,11083.74,11083.74,11083.74,0,0,0,0,0,11083.74,0,0,11083.74,SOSHA1000000019,Invoice,Invoiced,13/03/2025,,,,,,,,,,,,,,24,Picked,Other Supermarts-D,,,,,,,,
IN000903,7880336,CT0010054388,SHA1000,59,8017991,8017991,Harpic Bluematic Tripple Pack 24*150Gm,CA,S,CA,1,0,9605.91,9605.91,9605.91,0,0,0,0,0,9605.91,0,1536.95,11142.86,SOSHA1000000018,Invoice,Invoiced,13/03/2025,,,,,,,,,,,,,,24,Picked,Medium Supermarket-D,,,,,,,,
IN000904,7880336,CT0010054391,SHA1000,56,3299074,3299074,Dettol soap Herbal 165g,CA,S,EA,1,0,233,11184,11184,0,0,0,0,0,11184,0,0,11184,SOSHA1000000019,Invoice,Invoiced,13/03/2025,,,,,,,,,,,,,,48,Picked,Other Supermarts-D,,,,,,,,
IN000904,7880336,CT0010054391,SHA1000,58,3299086,3299086,Dettol soap cool 165g,CA,S,EA,1,0,233,11184,11184,0,0,0,0,0,11184,0,0,11184,SOSHA1000000019,Invoice,Invoiced,13/03/2025,,,,,,,,,,,,,,48,Picked,Other Supermarts-D,,,,,,,,
IN000904,7880336,CT0010054391,SHA1000,59,3299087,3299087,Dettol soap Skincare 165g,CA,S,EA,1,0,233,11184,11184,0,0,0,0,0,11184,0,0,11184,SOSHA1000000019,Invoice,Invoiced,13/03/2025,,,,,,,,,,,,,,48,Picked,Other Supermarts-D,,,,,,,,
IN000904,7880336,CT0010054391,SHA1000,51,3249063,3249063,DETTOL SOAP SKINCARE 125G,CA,S,CA,1,0,11285.27,11285.27,11285.27,0,0,0,0,0,11285.27,0,0,11285.27,SOSHA1000000019,Invoice,Invoiced,13/03/2025,,,,,,,,,,,,,,72,Picked,Other Supermarts-D,,,,,,,,
IN000904,7880336,CT0010054391,SHA1000,52,3249064,3249064,DETTOL SOAP HERBAL 125G,CA,S,CA,1,0,11285.27,11285.27,11285.27,0,0,0,0,0,11285.27,0,0,11285.27,SOSHA1000000019,Invoice,Invoiced,13/03/2025,,,,,,,,,,,,,,72,Picked,Other Supermarts-D,,,,,,,,
IN000904,7880336,CT0010054391,SHA1000,53,3249065,3249065,DETTOL SOAP COOL 125G,CA,S,CA,1,0,11285.27,11285.27,11285.27,0,0,0,0,0,11285.27,0,0,11285.27,SOSHA1000000019,Invoice,Invoiced,13/03/2025,,,,,,,,,,,,,,72,Picked,Other Supermarts-D,,,,,,,,
IN001078,7880336,CT0010043496,SHA1000,8,384663,0384663,Jik Bleach 1.5L(New Pack) *8,CA,S,CA,2,0,4926.11,4926.11,9852.22,0,0,0,0,0,9852.22,0,1576.36,11428.58,SOSHA1000000024,Invoice,Invoiced,17/03/2025,,,,,,,,,,,,,,16,Picked,DTR Van-D,,,,,,,,
IN000904,7880336,CT0010054391,SHA1000,18,3049808,3049808,DETTOL LIQUID 12*1000ML,OU,S,CA,6,0,23041,1920.08,11520.48,0,0,0,0,0,11520.48,0,0,11520.48,SOSHA1000000019,Invoice,Invoiced,13/03/2025,,,,,,,,,,,,,,6,Picked,Other Supermarts-D,,,,,,,,
IN000904,7880336,CT0010054391,SHA1000,31,384671,0384671,Jik Bleach Regular 5Lt *4,CA,S,CA,2,0,5849.75,5849.75,11699.5,0,0,0,0,0,11699.5,0,0,11699.5,SOSHA1000000019,Invoice,Invoiced,13/03/2025,,,,,,,,,,,,,,8,Picked,Other Supermarts-D,,,,,,,,
IN001287,7880336,CT0010047503,SHA1000,44,8149564,8149564,Dettol Soap Cool 175Gm 2+1 Promo 3S*16,CA,S,CA,1,0,10123,10123,10123,0,0,0,0,0,10123,0,1619.68,11742.68,SOSHA1000000029,Invoice,Invoiced,20/03/2025,,,,,,,,,,,,,,16,Picked,Medium Supermarket-D,,,,,,,,
IN000903,7880336,CT0010054388,SHA1000,36,3242065,3242065,DETTOL SOAP COOL 175GX2,CA,S,CA,1,0,10252,10252,10252,0,0,0,0,0,10252,0,1640.32,11892.32,SOSHA1000000018,Invoice,Invoiced,13/03/2025,,,,,,,,,,,,,,24,Picked,Medium Supermarket-D,,,,,,,,
IN000903,7880336,CT0010054388,SHA1000,37,3242066,3242066,DETTOL SOAP SKINCARE 175GX2,CA,S,CA,1,0,10252,10252,10252,0,0,0,0,0,10252,0,1640.32,11892.32,SOSHA1000000018,Invoice,Invoiced,13/03/2025,,,,,,,,,,,,,,24,Picked,Medium Supermarket-D,,,,,,,,
IN000903,7880336,CT0010054388,SHA1000,39,3244646,3244646,DETTOL SOAP HERBAL 175GX2,CA,S,CA,1,0,10252,10252,10252,0,0,0,0,0,10252,0,1640.32,11892.32,SOSHA1000000018,Invoice,Invoiced,13/03/2025,,,,,,,,,,,,,,24,Picked,Medium Supermarket-D,,,,,,,,
IN000903,7880336,CT0010054388,SHA1000,57,3252290,3252290,HARPIC TECHNO FLORAL 500ML*24,CA,S,CA,1,0,10344.83,10344.83,10344.83,0,0,0,0,0,10344.83,0,1655.17,12000,SOSHA1000000018,Invoice,Invoiced,13/03/2025,,,,,,,,,,,,,,24,Picked,Medium Supermarket-D,,,,,,,,
IN000151,7880336,CT0010054009,SHA1001,4,384686,0384686,Jik Colours 750Ml *18,CA,S,CA,1,0,10391.01,10391.01,10391.01,0,0,0,0,0,10391.01,0,1662.56,12053.57,SOSHA1001000016,Invoice,Invoiced,04/03/2025,,,,,,,,,,,,,,18,Picked,DTR Van-D,,,,,,,,
IN000762,7880336,CT0010041884,SHA1005,5,384686,0384686,Jik Colours 750Ml *18,CA,S,CA,1,0,10391.01,10391.01,10391.01,0,0,0,0,0,10391.01,0,1662.56,12053.57,SOSHA1005000092,Invoice,Invoiced,11/03/2025,,,,,,,,,,,,,,18,Picked,DTR Van-D,,,,,,,,
IN000903,7880336,CT0010054388,SHA1000,25,384686,0384686,Jik Colours 750Ml *18,CA,S,CA,1,0,10391.01,10391.01,10391.01,0,0,0,0,0,10391.01,0,1662.56,12053.57,SOSHA1000000018,Invoice,Invoiced,13/03/2025,,,,,,,,,,,,,,18,Picked,Medium Supermarket-D,,,,,,,,
IN000460,7880336,CT0010046542,SHA1005,9,299713,0299713,Harpic Power Plus 500Ml*24,CA,S,CA,1,0,11083.74,11083.74,11083.74,665.02,665.02,0,0,665.02,10418.72,0,1667,12085.72,SOSHA1005000057,Invoice,Invoiced,06/03/2025,,,,,,,,,,,,,,24,Picked,DTR Van-D,,,,,,,,
IN000823,7880336,CT0010041963,SHA1001,10,299713,0299713,Harpic Power Plus 500Ml*24,CA,S,CA,1,0,11083.74,11083.74,11083.74,665.02,665.02,0,0,665.02,10418.72,0,1667,12085.72,SOSHA1001000148,Invoice,Invoiced,12/03/2025,,,,,,,,,,,,,,24,Picked,DTR Van-D,,,,,,,,
IN000962,7880336,CT0010054433,SHA1006,4,8142129,8142129,Mortein  Mos Repellant Liq. Led Comp 30N *12,CA,S,CA,1,0,10439.73,10439.73,10439.73,0,0,0,0,0,10439.73,0,1670.36,12110.09,SOSHA1006000186,Invoice,Invoiced,13/03/2025,,,,,,,,,,,,,,12,Picked,DTR Van-D,,,,,,,,
IN000976,7880336,CT0010045687,SHA1000,3,366163,0366163,Dettol Soap Original 72*60G,CA,S,CA,3,0,3986,3986,11958,478.32,1434.96,0,0,1434.96,10523.04,0,1683.69,12206.73,SOSHA1000000021,Invoice,Invoiced,14/03/2025,,,,,,,,,,,,,,216,Picked,DTR Van-D,,,,,,,,
IN000701,7880336,CT0010047492,SHA1000,21,3299176,3299176,Dettol soap Eventone 165g,CA,S,EA,1,0,220,10560,10560,0,0,0,0,0,10560,0,1689.6,12249.6,SOSHA1000000015,Invoice,Invoiced,11/03/2025,,,,,,,,,,,,,,48,Picked,Medium Supermarket-D,,,,,,,,
IN000903,7880336,CT0010054388,SHA1000,47,3299176,3299176,Dettol soap Eventone 165g,CA,S,EA,1,0,220,10560,10560,0,0,0,0,0,10560,0,1689.6,12249.6,SOSHA1000000018,Invoice,Invoiced,13/03/2025,,,,,,,,,,,,,,48,Picked,Medium Supermarket-D,,,,,,,,
IN000174,7880336,CT0010045388,SHA1004,12,299711,0299711,Harpic Power Plus 1Litre*12,CA,S,CA,1,0,10621.92,10621.92,10621.92,0,0,0,0,0,10621.92,0,1699.51,12321.43,SOSHA1004000011,Invoice,Invoiced,04/03/2025,,,,,,,,,,,,,,12,Picked,DTR Van-D,,,,,,,,
IN000962,7880336,CT0010054433,SHA1006,41,299711,0299711,Harpic Power Plus 1Litre*12,CA,S,CA,1,0,10621.92,10621.92,10621.92,0,0,0,0,0,10621.92,0,1699.51,12321.43,SOSHA1006000186,Invoice,Invoiced,13/03/2025,,,,,,,,,,,,,,12,Picked,DTR Van-D,,,,,,,,
IN000903,7880336,CT0010054388,SHA1000,2,349130,0349130,Mortein Doom P.Gard Aik Lemon 12*100Ml,CA,S,CA,5,0,2163.01,2163.01,10815.05,0,0,0,0,0,10815.05,0,1730.41,12545.46,SOSHA1000000018,Invoice,Invoiced,13/03/2025,,,,,,,,,,,,,,60,Picked,Medium Supermarket-D,,,,,,,,
IN000701,7880336,CT0010047492,SHA1000,23,77928,0077928,Harpic Citrus 500Ml*24,CA,S,CA,1,0,11083.74,11083.74,11083.74,0,0,0,0,0,11083.74,0,1773.4,12857.14,SOSHA1000000015,Invoice,Invoiced,11/03/2025,,,,,,,,,,,,,,24,Picked,Medium Supermarket-D,,,,,,,,
IN000701,7880336,CT0010047492,SHA1000,24,77933,0077933,Harpic Pine 500Ml *24,CA,S,CA,1,0,11083.74,11083.74,11083.74,0,0,0,0,0,11083.74,0,1773.4,12857.14,SOSHA1000000015,Invoice,Invoiced,11/03/2025,,,,,,,,,,,,,,24,Picked,Medium Supermarket-D,,,,,,,,
IN001510,7880336,CT0010047491,SHA1000,21,299719,0299719,HARPIC POWERPLUS CITRUS 500ML*24,CA,S,CA,1,0,11083.74,11083.74,11083.74,0,0,0,0,0,11083.74,0,1773.4,12857.14,SOSHA1000000032,Invoice,Invoiced,21/03/2025,,,,,,,,,,,,,,24,Unpick,Wholesale-D,,,,,,,,
IN000701,7880336,CT0010047492,SHA1000,17,366165,0366165,Dettol Soap Original 48*175G,CA,S,CA,1,0,11184,11184,11184,0,0,0,0,0,11184,0,1789.44,12973.44,SOSHA1000000015,Invoice,Invoiced,11/03/2025,,,,,,,,,,,,,,48,Picked,Medium Supermarket-D,,,,,,,,
IN000701,7880336,CT0010047492,SHA1000,20,3299086,3299086,Dettol soap cool 165g,CA,S,EA,1,0,233,11184,11184,0,0,0,0,0,11184,0,1789.44,12973.44,SOSHA1000000015,Invoice,Invoiced,11/03/2025,,,,,,,,,,,,,,48,Picked,Medium Supermarket-D,,,,,,,,
IN000903,7880336,CT0010054388,SHA1000,45,3299086,3299086,Dettol soap cool 165g,CA,S,EA,1,0,233,11184,11184,0,0,0,0,0,11184,0,1789.44,12973.44,SOSHA1000000018,Invoice,Invoiced,13/03/2025,,,,,,,,,,,,,,48,Picked,Medium Supermarket-D,,,,,,,,
IN000903,7880336,CT0010054388,SHA1000,46,3299087,3299087,Dettol soap Skincare 165g,CA,S,EA,1,0,233,11184,11184,0,0,0,0,0,11184,0,1789.44,12973.44,SOSHA1000000018,Invoice,Invoiced,13/03/2025,,,,,,,,,,,,,,48,Picked,Medium Supermarket-D,,,,,,,,
IN001287,7880336,CT0010047503,SHA1000,34,366165,0366165,Dettol Soap Original 48*175G,CA,S,CA,1,0,11184,11184,11184,0,0,0,0,0,11184,0,1789.44,12973.44,SOSHA1000000029,Invoice,Invoiced,20/03/2025,,,,,,,,,,,,,,48,Picked,Medium Supermarket-D,,,,,,,,
IN001078,7880336,CT0010043496,SHA1000,4,349313,0349313,Mortein Doom P.Gard Aik Lemon 12*400Ml,CA,S,CA,1,0,12225.71,12225.71,12225.71,1014.73,1014.73,0,0,1014.73,11210.98,0,1793.76,13004.74,SOSHA1000000024,Invoice,Invoiced,17/03/2025,,,,,,,,,,,,,,12,Picked,DTR Van-D,,,,,,,,
IN000903,7880336,CT0010054388,SHA1000,40,3249063,3249063,DETTOL SOAP SKINCARE 125G,CA,S,CA,1,0,11285.27,11285.27,11285.27,0,0,0,0,0,11285.27,0,1805.64,13090.91,SOSHA1000000018,Invoice,Invoiced,13/03/2025,,,,,,,,,,,,,,72,Picked,Medium Supermarket-D,,,,,,,,
IN000977,7880336,CT0010047497,SHA1000,14,3249064,3249064,DETTOL SOAP HERBAL 125G,CA,S,CA,1,0,11285.27,11285.27,11285.27,0,0,0,0,0,11285.27,0,1805.64,13090.91,SOSHA1000000022,Invoice,Invoiced,14/03/2025,,,,,,,,,,,,,,72,Picked,Medium Supermarket-D,,,,,,,,
IN001287,7880336,CT0010047503,SHA1000,38,3249064,3249064,DETTOL SOAP HERBAL 125G,CA,S,CA,1,0,11285.27,11285.27,11285.27,0,0,0,0,0,11285.27,0,1805.64,13090.91,SOSHA1000000029,Invoice,Invoiced,20/03/2025,,,,,,,,,,,,,,72,Picked,Medium Supermarket-D,,,,,,,,
IN000902,7880336,CT0010049475,SHA1000,8,8055074,8055074,Veet Cream Sensitive 72*50Gm,OU,S,CA,24,0,33856,470.22,11285.28,0,0,0,0,0,11285.28,0,1805.64,13090.92,SOSHA1000000016,Invoice,Invoiced,13/03/2025,,,,,,,,,,,,,,24,Picked,Other Supermarts-D,,,,,,,,
IN000902,7880336,CT0010049475,SHA1000,9,8055075,8055075,Veet Cream Normal 72*50Gm,OU,S,CA,24,0,33856,470.22,11285.28,0,0,0,0,0,11285.28,0,1805.64,13090.92,SOSHA1000000016,Invoice,Invoiced,13/03/2025,,,,,,,,,,,,,,24,Picked,Other Supermarts-D,,,,,,,,
IN001287,7880336,CT0010047503,SHA1000,19,8055074,8055074,Veet Cream Sensitive 72*50Gm,OU,S,CA,24,0,33856,470.22,11285.28,0,0,0,0,0,11285.28,0,1805.64,13090.92,SOSHA1000000029,Invoice,Invoiced,20/03/2025,,,,,,,,,,,,,,24,Picked,Medium Supermarket-D,,,,,,,,
IN001287,7880336,CT0010047503,SHA1000,20,8055075,8055075,Veet Cream Normal 72*50Gm,OU,S,CA,24,0,33856,470.22,11285.28,0,0,0,0,0,11285.28,0,1805.64,13090.92,SOSHA1000000029,Invoice,Invoiced,20/03/2025,,,,,,,,,,,,,,24,Picked,Medium Supermarket-D,,,,,,,,
IN001287,7880336,CT0010047503,SHA1000,16,3049805,3049805,DETTOL LIQUID 72*125ML,OU,S,CA,36,0,22571,313.49,11285.64,0,0,0,0,0,11285.64,0,1805.7,13091.34,SOSHA1000000029,Invoice,Invoiced,20/03/2025,,,,,,,,,,,,,,36,Picked,Medium Supermarket-D,,,,,,,,
IN001078,7880336,CT0010043496,SHA1000,31,3053889,3053889,HARPIC P/PLUS 500ML+200ML*12,CA,S,CA,2,0,5726,5726,11452,0,0,0,0,0,11452,0,1832.32,13284.32,SOSHA1000000024,Invoice,Invoiced,17/03/2025,,,,,,,,,,,,,,24,Picked,DTR Van-D,,,,,,,,
IN001287,7880336,CT0010047503,SHA1000,50,3053889,3053889,HARPIC P/PLUS 500ML+200ML*12,CA,S,CA,2,0,5726,5726,11452,0,0,0,0,0,11452,0,1832.32,13284.32,SOSHA1000000029,Invoice,Invoiced,20/03/2025,,,,,,,,,,,,,,24,Picked,Medium Supermarket-D,,,,,,,,
IN000976,7880336,CT0010045687,SHA1000,2,238167,0238167,Jik Bleach Regular 70Ml *144,CA,S,CA,4,0,3218.39,3218.39,12873.56,289.655,1158.62,0,0,1158.62,11714.94,0,1874.39,13589.33,SOSHA1000000021,Invoice,Invoiced,14/03/2025,,,,,,,,,,,,,,576,Picked,DTR Van-D,,,,,,,,
IN000904,7880336,CT0010054391,SHA1000,3,330726,0330726,Mortein Doom Powergard Cik 12*400Ml,CA,S,CA,1,0,13636.36,13636.36,13636.36,0,0,0,0,0,13636.36,0,0,13636.36,SOSHA1000000019,Invoice,Invoiced,13/03/2025,,,,,,,,,,,,,,12,Picked,Other Supermarts-D,,,,,,,,
IN000213,7880336,CT0010043264,SHA1000,3,384658,0384658,Jik Bleach Regular 250Ml *18,CA,S,CA,5,0,2355.3,2355.3,11776.5,0,0,0,0,0,11776.5,0,1884.24,13660.74,SOSHA1000000012,Invoice,Invoiced,05/03/2025,,,,,,,,,,,,,,90,Picked,Wholesale-D,,,,,,,,
IN000903,7880336,CT0010054388,SHA1000,21,384658,0384658,Jik Bleach Regular 250Ml *18,CA,S,CA,5,0,2355.3,2355.3,11776.5,0,0,0,0,0,11776.5,0,1884.24,13660.74,SOSHA1000000018,Invoice,Invoiced,13/03/2025,,,,,,,,,,,,,,90,Picked,Medium Supermarket-D,,,,,,,,
IN000902,7880336,CT0010049475,SHA1000,15,3178721,3178721,JIK REGULAR 750ML + COLORS 750ML,CA,S,CA,2,0,5948,5948,11896,0,0,0,0,0,11896,0,1903.36,13799.36,SOSHA1000000016,Invoice,Invoiced,13/03/2025,,,,,,,,,,,,,,18,Picked,Other Supermarts-D,,,,,,,,
IN001287,7880336,CT0010047503,SHA1000,24,384677,0384677,Jik Lemon 750Ml *18,CA,S,CA,2,0,5957.51,5957.51,11915.02,0,0,0,0,0,11915.02,0,1906.4,13821.42,SOSHA1000000029,Invoice,Invoiced,20/03/2025,,,,,,,,,,,,,,36,Picked,Medium Supermarket-D,,,,,,,,
IN000701,7880336,CT0010047492,SHA1000,15,3277707,3277707,JIK REGULAR 750ML + 250ML,CA,S,CA,3,0,3972,3972,11916,0,0,0,0,0,11916,0,1906.56,13822.56,SOSHA1000000015,Invoice,Invoiced,11/03/2025,,,,,,,,,,,,,,36,Picked,Medium Supermarket-D,,,,,,,,
IN000902,7880336,CT0010049475,SHA1000,16,3277707,3277707,JIK REGULAR 750ML + 250ML,CA,S,CA,3,0,3972,3972,11916,0,0,0,0,0,11916,0,1906.56,13822.56,SOSHA1000000016,Invoice,Invoiced,13/03/2025,,,,,,,,,,,,,,36,Picked,Other Supermarts-D,,,,,,,,
IN000978,7880336,CT0010050026,SHA1000,3,349313,0349313,Mortein Doom P.Gard Aik Lemon 12*400Ml,CA,S,CA,1,0,12225.71,12225.71,12225.71,0,0,0,0,0,12225.71,0,1956.11,14181.82,SOSHA1000000023,Invoice,Invoiced,14/03/2025,,,,,,,,,,,,,,12,Picked,Other Supermarts-D,,,,,,,,
IN001287,7880336,CT0010047503,SHA1000,2,330725,0330725,Mortein Doom Powergard Aiko 12*400Ml,CA,S,CA,1,0,12225.71,12225.71,12225.71,0,0,0,0,0,12225.71,0,1956.11,14181.82,SOSHA1000000029,Invoice,Invoiced,20/03/2025,,,,,,,,,,,,,,12,Picked,Medium Supermarket-D,,,,,,,,
IN000904,7880336,CT0010054391,SHA1000,29,384663,0384663,Jik Bleach 1.5L(New Pack) *8,CA,S,CA,3,0,4926.11,4926.11,14778.33,0,0,0,0,0,14778.33,0,0,14778.33,SOSHA1000000019,Invoice,Invoiced,13/03/2025,,,,,,,,,,,,,,24,Picked,Other Supermarts-D,,,,,,,,
IN001287,7880336,CT0010047503,SHA1000,21,238167,0238167,Jik Bleach Regular 70Ml *144,CA,S,CA,4,0,3218.39,3218.39,12873.56,0,0,0,0,0,12873.56,0,2059.77,14933.33,SOSHA1000000029,Invoice,Invoiced,20/03/2025,,,,,,,,,,,,,,576,Picked,Medium Supermarket-D,,,,,,,,
IN000904,7880336,CT0010054391,SHA1000,38,3066839,3066839,Jik Colours 1.5L *8,CA,S,CA,2,0,7471.26,7471.26,14942.52,0,0,0,0,0,14942.52,0,0,14942.52,SOSHA1000000019,Invoice,Invoiced,13/03/2025,,,,,,,,,,,,,,16,Picked,Other Supermarts-D,,,,,,,,
IN001054,7880336,CT0010054457,SHA1006,1,330726,0330726,Mortein Doom Powergard Cik 12*400Ml,CA,S,CA,1,0,13636.36,13636.36,13636.36,0,0,0,0,0,13636.36,0,2181.82,15818.18,SOSHA1006000189,Invoice,Invoiced,14/03/2025,,,,,,,,,,,,,,12,Picked,DTR Van-D,,,,,,,,
IN001078,7880336,CT0010043496,SHA1000,1,330726,0330726,Mortein Doom Powergard Cik 12*400Ml,CA,S,CA,1,0,13636.36,13636.36,13636.36,0,0,0,0,0,13636.36,0,2181.82,15818.18,SOSHA1000000024,Invoice,Invoiced,17/03/2025,,,,,,,,,,,,,,12,Picked,DTR Van-D,,,,,,,,
IN001287,7880336,CT0010047503,SHA1000,31,3277709,3277709,JIK REGULAR 2250ML + 750ML,CA,S,CA,3,0,4618,4618,13854,0,0,0,0,0,13854,0,2216.64,16070.64,SOSHA1000000029,Invoice,Invoiced,20/03/2025,,,,,,,,,,,,,,18,Picked,Medium Supermarket-D,,,,,,,,
IN000701,7880336,CT0010047492,SHA1000,25,299714,0299714,Harpic Power Plus 200Ml *36,CA,S,CA,3,0,4655,4655,13965,0,0,0,0,0,13965,0,2234.4,16199.4,SOSHA1000000015,Invoice,Invoiced,11/03/2025,,,,,,,,,,,,,,108,Picked,Medium Supermarket-D,,,,,,,,
IN000721,7880336,CT0010054234,SHA1000,3,379665,0379665,Mortein Doom P.Gard Aik Lemon 12*600Ml,CA,S,CA,1,0,14107,14107,14107,0,0,0,0,0,14107,0,2257.12,16364.12,SOSHA1000000014,Invoice,Invoiced,11/03/2025,,,,,,,,,,,,,,12,Picked,Other Supermarts-D,,,,,,,,
IN001287,7880336,CT0010047503,SHA1000,22,384658,0384658,Jik Bleach Regular 250Ml *18,CA,S,CA,6,0,2355.3,2355.3,14131.8,0,0,0,0,0,14131.8,0,2261.09,16392.89,SOSHA1000000029,Invoice,Invoiced,20/03/2025,,,,,,,,,,,,,,108,Picked,Medium Supermarket-D,,,,,,,,
IN000904,7880336,CT0010054391,SHA1000,71,3053889,3053889,HARPIC P/PLUS 500ML+200ML*12,CA,S,CA,3,0,5726,5726,17178,0,0,0,0,0,17178,0,0,17178,SOSHA1000000019,Invoice,Invoiced,13/03/2025,,,,,,,,,,,,,,36,Picked,Other Supermarts-D,,,,,,,,
IN000904,7880336,CT0010054391,SHA1000,72,3053891,3053891,HARPIC P/PLUS CITRUS 500ML+200ML*12,CA,S,CA,3,0,5726.6,5726.6,17179.8,0,0,0,0,0,17179.8,0,0,17179.8,SOSHA1000000019,Invoice,Invoiced,13/03/2025,,,,,,,,,,,,,,36,Picked,Other Supermarts-D,,,,,,,,
IN000904,7880336,CT0010054391,SHA1000,32,384677,0384677,Jik Lemon 750Ml *18,CA,S,CA,3,0,5957.51,5957.51,17872.53,0,0,0,0,0,17872.53,0,0,17872.53,SOSHA1000000019,Invoice,Invoiced,13/03/2025,,,,,,,,,,,,,,54,Picked,Other Supermarts-D,,,,,,,,
IN000904,7880336,CT0010054391,SHA1000,45,366159,0366159,Dettol Soap Original 72*90Gm,CA,S,CA,2,0,9028,9028,18056,0,0,0,0,0,18056,0,0,18056,SOSHA1000000019,Invoice,Invoiced,13/03/2025,,,,,,,,,,,,,,144,Picked,Other Supermarts-D,,,,,,,,
IN000903,7880336,CT0010054388,SHA1000,26,384688,0384688,Jik Colours 2.25Lt *6,CA,S,CA,2,0,7850.99,7850.99,15701.98,0,0,0,0,0,15701.98,0,2512.32,18214.3,SOSHA1000000018,Invoice,Invoiced,13/03/2025,,,,,,,,,,,,,,12,Picked,Medium Supermarket-D,,,,,,,,
IN000904,7880336,CT0010054391,SHA1000,37,3031111,3031111,Jik Colours 5 Ltrs *4,CA,S,CA,2,0,9195.4,9195.4,18390.8,0,0,0,0,0,18390.8,0,0,18390.8,SOSHA1000000019,Invoice,Invoiced,13/03/2025,,,,,,,,,,,,,,8,Picked,Other Supermarts-D,,,,,,,,
IN000904,7880336,CT0010054391,SHA1000,42,3277709,3277709,JIK REGULAR 2250ML + 750ML,CA,S,CA,4,0,4618,4618,18472,0,0,0,0,0,18472,0,0,18472,SOSHA1000000019,Invoice,Invoiced,13/03/2025,,,,,,,,,,,,,,24,Picked,Other Supermarts-D,,,,,,,,
IN000728,7880336,CT0010045165,SHA1002,1,330727,0330727,Mortein Doom Powerrgard Aiko 12*600Ml,CA,S,CA,1,0,15987,15987,15987,0,0,0,0,0,15987,0,2557.92,18544.92,SOSHA1002000133,Invoice,Invoiced,11/03/2025,,,,,,,,,,,,,,12,Picked,DTR Van-D,,,,,,,,
IN001405,7880336,CT0010054728,SHA1000,1,238167,0238167,Jik Bleach Regular 70Ml *144,CA,S,CA,5,0,3218.39,3218.39,16091.95,0,0,0,0,0,16091.95,0,2574.71,18666.66,SOSHA1000000031,Invoice,Invoiced,21/03/2025,,,,,,,,,,,,,,720,Picked,Wholesale-D,,,,,,,,
IN001510,7880336,CT0010047491,SHA1000,7,3239865,3239865,DETTOL LIQUID 500ML+250ML,CA,S,CA,1,0,16443,16443,16443,0,0,0,0,0,16443,0,2630.88,19073.88,SOSHA1000000032,Invoice,Invoiced,21/03/2025,,,,,,,,,,,,,,12,Unpick,Wholesale-D,,,,,,,,
IN000904,7880336,CT0010054391,SHA1000,41,3277708,3277708,JIK REGULAR 750ML (2+1),CA,S,CA,5,0,3972,3972,19860,0,0,0,0,0,19860,0,0,19860,SOSHA1000000019,Invoice,Invoiced,13/03/2025,,,,,,,,,,,,,,30,Picked,Other Supermarts-D,,,,,,,,
IN001287,7880336,CT0010047503,SHA1000,6,349130,0349130,Mortein Doom P.Gard Aik Lemon 12*100Ml,CA,S,CA,8,0,2163.01,2163.01,17304.08,0,0,0,0,0,17304.08,0,2768.65,20072.73,SOSHA1000000029,Invoice,Invoiced,20/03/2025,,,,,,,,,,,,,,96,Picked,Medium Supermarket-D,,,,,,,,
IN000383,7880336,CT0010041783,SHA1000,1,3240461,3240461,DETTOL SOAP ORIGINAL 175GX2,CA,S,CA,2,0,10252,10252,20504,0,0,0,0,0,20504,0,0,20504,SOSHA1000000013,Invoice,Invoiced,06/03/2025,,,,,,,,,,,,,,48,Picked,DTR Van-D,,,,,,,,
IN000904,7880336,CT0010054391,SHA1000,34,384686,0384686,Jik Colours 750Ml *18,CA,S,CA,2,0,10391.01,10391.01,20782.02,0,0,0,0,0,20782.02,0,0,20782.02,SOSHA1000000019,Invoice,Invoiced,13/03/2025,,,,,,,,,,,,,,36,Picked,Other Supermarts-D,,,,,,,,
IN001287,7880336,CT0010047503,SHA1000,8,349302,0349302,Mortein Doom P.Gard Aik Lemon 12*300Ml,CA,S,CA,2,0,9404.39,9404.39,18808.78,0,0,0,0,0,18808.78,0,3009.4,21818.18,SOSHA1000000029,Invoice,Invoiced,20/03/2025,,,,,,,,,,,,,,24,Picked,Medium Supermarket-D,,,,,,,,
IN000904,7880336,CT0010054391,SHA1000,47,366165,0366165,Dettol Soap Original 48*175G,CA,S,CA,2,0,11184,11184,22368,0,0,0,0,0,22368,0,0,22368,SOSHA1000000019,Invoice,Invoiced,13/03/2025,,,,,,,,,,,,,,96,Picked,Other Supermarts-D,,,,,,,,
IN000904,7880336,CT0010054391,SHA1000,15,3049805,3049805,DETTOL LIQUID 72*125ML,CA,S,CA,1,0,22571,22571,22571,0,0,0,0,0,22571,0,0,22571,SOSHA1000000019,Invoice,Invoiced,13/03/2025,,,,,,,,,,,,,,72,Picked,Other Supermarts-D,,,,,,,,
IN001078,7880336,CT0010043496,SHA1000,32,8158006,8158006,HARPIC POWER PLUS  TWINPACK 12*500ML,CA,S,CA,2,0,9790.64,9790.64,19581.28,0,0,0,0,0,19581.28,0,3133,22714.28,SOSHA1000000024,Invoice,Invoiced,17/03/2025,,,,,,,,,,,,,,24,Picked,DTR Van-D,,,,,,,,
IN000903,7880336,CT0010054388,SHA1000,58,3252305,3252305,HARPIC TECHNO PINE 1000ML *12,CA,S,CA,2,0,9913.79,9913.79,19827.58,0,0,0,0,0,19827.58,0,3172.41,22999.99,SOSHA1000000018,Invoice,Invoiced,13/03/2025,,,,,,,,,,,,,,24,Picked,Medium Supermarket-D,,,,,,,,
IN001510,7880336,CT0010047491,SHA1000,23,3252301,3252301,HARPIC TECHNO FLORAL 1000ML*12,CA,S,CA,2,0,9913.79,9913.79,19827.58,0,0,0,0,0,19827.58,0,3172.41,22999.99,SOSHA1000000032,Invoice,Invoiced,21/03/2025,,,,,,,,,,,,,,24,Unpick,Wholesale-D,,,,,,,,
IN001286,7880336,CT0010047491,SHA1000,31,3178722,3178722,JIK REGULAR 1.5 LITRESL + COLORS 1.5 LITRES,CA,S,CA,4,0,5018,5018,20072,0,0,0,0,0,20072,0,3211.52,23283.52,SOSHA1000000028,Invoice,Invoiced,20/03/2025,,,,,,,,,,,,,,16,Picked,Wholesale-D,,,,,,,,
IN000904,7880336,CT0010054391,SHA1000,40,3277707,3277707,JIK REGULAR 750ML + 250ML,CA,S,CA,6,0,3972,3972,23832,0,0,0,0,0,23832,0,0,23832,SOSHA1000000019,Invoice,Invoiced,13/03/2025,,,,,,,,,,,,,,72,Picked,Other Supermarts-D,,,,,,,,
IN001287,7880336,CT0010047503,SHA1000,54,3252298,3252298,HARPIC TECHNO LEMON 500ML*24,CA,S,CA,2,0,10344.83,10344.83,20689.66,0,0,0,0,0,20689.66,0,3310.35,24000.01,SOSHA1000000029,Invoice,Invoiced,20/03/2025,,,,,,,,,,,,,,48,Picked,Medium Supermarket-D,,,,,,,,
IN000904,7880336,CT0010054391,SHA1000,5,331051,0331051,Mortein Doom Powergard Aiko  12*180Ml,CA,S,CA,4,0,6112.85,6112.85,24451.4,0,0,0,0,0,24451.4,0,0,24451.4,SOSHA1000000019,Invoice,Invoiced,13/03/2025,,,,,,,,,,,,,,48,Picked,Other Supermarts-D,,,,,,,,
IN000904,7880336,CT0010054391,SHA1000,7,349291,0349291,Mortein Doom P.Gard Aik Lemon 12*180Ml,CA,S,CA,4,0,6112.85,6112.85,24451.4,0,0,0,0,0,24451.4,0,0,24451.4,SOSHA1000000019,Invoice,Invoiced,13/03/2025,,,,,,,,,,,,,,48,Picked,Other Supermarts-D,,,,,,,,
IN000904,7880336,CT0010054391,SHA1000,2,330725,0330725,Mortein Doom Powergard Aiko 12*400Ml,CA,S,CA,2,0,12225.71,12225.71,24451.42,0,0,0,0,0,24451.42,0,0,24451.42,SOSHA1000000019,Invoice,Invoiced,13/03/2025,,,,,,,,,,,,,,24,Picked,Other Supermarts-D,,,,,,,,
IN000904,7880336,CT0010054391,SHA1000,17,3049807,3049807,DETTOL LIQUID 24*500ML,CA,S,CA,1,0,25508,25508,25508,0,0,0,0,0,25508,0,0,25508,SOSHA1000000019,Invoice,Invoiced,13/03/2025,,,,,,,,,,,,,,24,Picked,Other Supermarts-D,,,,,,,,
IN001287,7880336,CT0010047503,SHA1000,45,77928,0077928,Harpic Citrus 500Ml*24,CA,S,CA,2,0,11083.74,11083.74,22167.48,0,0,0,0,0,22167.48,0,3546.8,25714.28,SOSHA1000000029,Invoice,Invoiced,20/03/2025,,,,,,,,,,,,,,48,Picked,Medium Supermarket-D,,,,,,,,
IN001287,7880336,CT0010047503,SHA1000,46,77933,0077933,Harpic Pine 500Ml *24,CA,S,CA,2,0,11083.74,11083.74,22167.48,0,0,0,0,0,22167.48,0,3546.8,25714.28,SOSHA1000000029,Invoice,Invoiced,20/03/2025,,,,,,,,,,,,,,48,Picked,Medium Supermarket-D,,,,,,,,
IN001287,7880336,CT0010047503,SHA1000,48,352645,0352645,Harpic Power Plus Lavender 500Ml*24,CA,S,CA,2,0,11083.74,11083.74,22167.48,0,0,0,0,0,22167.48,0,3546.8,25714.28,SOSHA1000000029,Invoice,Invoiced,20/03/2025,,,,,,,,,,,,,,48,Picked,Medium Supermarket-D,,,,,,,,
IN000903,7880336,CT0010054388,SHA1000,32,366165,0366165,Dettol Soap Original 48*175G,CA,S,CA,2,0,11184,11184,22368,0,0,0,0,0,22368,0,3578.88,25946.88,SOSHA1000000018,Invoice,Invoiced,13/03/2025,,,,,,,,,,,,,,96,Picked,Medium Supermarket-D,,,,,,,,
IN001485,7880336,CT0010054727,SHA1005,5,3049805,3049805,DETTOL LIQUID 72*125ML,CA,S,CA,1,0,22571,22571,22571,0,0,0,0,0,22571,0,3611.36,26182.36,SOSHA1005000213,Invoice,Invoiced,21/03/2025,,,,,,,,,,,,,,72,Picked,DTR Van-D,,,,,,,,
IN000903,7880336,CT0010054388,SHA1000,30,3277709,3277709,JIK REGULAR 2250ML + 750ML,CA,S,CA,5,0,4618,4618,23090,0,0,0,0,0,23090,0,3694.4,26784.4,SOSHA1000000018,Invoice,Invoiced,13/03/2025,,,,,,,,,,,,,,30,Picked,Medium Supermarket-D,,,,,,,,
IN001286,7880336,CT0010047491,SHA1000,58,3286535,3286535,HARPIC POWERPLUS 100ML,CA,S,CA,15,0,1552,1552,23280,0,0,0,0,0,23280,0,3724.8,27004.8,SOSHA1000000028,Invoice,Invoiced,20/03/2025,,,,,,,,,,,,,,540,Picked,Wholesale-D,,,,,,,,
IN000130,7880336,CT0010047799,SHA1001,1,3049801,3049801,DETTOL LIQUID 96*50ML,CA,S,CA,3,0,9028.21,9028.21,27084.63,0,0,0,0,0,27084.63,0,0,27084.63,SOSHA1001000001,Invoice,Invoiced,04/03/2025,,,,,,,,,,,,,,288,Unpick,DTR Van-D,,,,,,,,
IN000904,7880336,CT0010054391,SHA1000,16,3049806,3049806,DETTOL LIQUID 48*250ML,CA,S,CA,1,0,27134,27134,27134,0,0,0,0,0,27134,0,0,27134,SOSHA1000000019,Invoice,Invoiced,13/03/2025,,,,,,,,,,,,,,48,Picked,Other Supermarts-D,,,,,,,,
IN001287,7880336,CT0010047503,SHA1000,55,8158005,8158005,HARPIC POWER PLUS CITRUS TWINPACK 12*500ML,CA,S,CA,3,0,8405.17,8405.17,25215.51,0,0,0,0,0,25215.51,0,4034.48,29249.99,SOSHA1000000029,Invoice,Invoiced,20/03/2025,,,,,,,,,,,,,,36,Picked,Medium Supermarket-D,,,,,,,,
IN001286,7880336,CT0010047491,SHA1000,14,3049807,3049807,DETTOL LIQUID 24*500ML,CA,S,CA,1,0,25508,25508,25508,0,0,0,0,0,25508,0,4081.28,29589.28,SOSHA1000000028,Invoice,Invoiced,20/03/2025,,,,,,,,,,,,,,24,Picked,Wholesale-D,,,,,,,,
IN001286,7880336,CT0010047491,SHA1000,2,330726,0330726,Mortein Doom Powergard Cik 12*400Ml,CA,S,CA,2,0,13636.36,13636.36,27272.72,0,0,0,0,0,27272.72,0,4363.64,31636.36,SOSHA1000000028,Invoice,Invoiced,20/03/2025,,,,,,,,,,,,,,24,Picked,Wholesale-D,,,,,,,,
IN000903,7880336,CT0010054388,SHA1000,27,3031111,3031111,Jik Colours 5 Ltrs *4,CA,S,CA,3,0,9195.4,9195.4,27586.2,0,0,0,0,0,27586.2,0,4413.79,31999.99,SOSHA1000000018,Invoice,Invoiced,13/03/2025,,,,,,,,,,,,,,12,Picked,Medium Supermarket-D,,,,,,,,
IN000903,7880336,CT0010054388,SHA1000,4,8187616,8187616,MORTEIN DOOM LED  REFILL 60N TWIN PACK 12*45ML,CA,S,CA,2,0,14106.58,14106.58,28213.16,0,0,0,0,0,28213.16,0,4514.11,32727.27,SOSHA1000000018,Invoice,Invoiced,13/03/2025,,,,,,,,,,,,,,24,Picked,Medium Supermarket-D,,,,,,,,
IN001287,7880336,CT0010047503,SHA1000,1,330724,0330724,Mortein Doom Powergard Aiko 12*300Ml,CA,S,CA,3,0,9404.39,9404.39,28213.17,0,0,0,0,0,28213.17,0,4514.11,32727.28,SOSHA1000000029,Invoice,Invoiced,20/03/2025,,,,,,,,,,,,,,36,Picked,Medium Supermarket-D,,,,,,,,
IN001510,7880336,CT0010047491,SHA1000,24,3252303,3252303,HARPIC TECHNO LEMON 1000ML*12,CA,S,CA,3,0,9913.79,9913.79,29741.37,0,0,0,0,0,29741.37,0,4758.62,34499.99,SOSHA1000000032,Invoice,Invoiced,21/03/2025,,,,,,,,,,,,,,36,Unpick,Wholesale-D,,,,,,,,
IN000903,7880336,CT0010054388,SHA1000,23,384677,0384677,Jik Lemon 750Ml *18,CA,S,CA,5,0,5957.51,5957.51,29787.55,0,0,0,0,0,29787.55,0,4766.01,34553.56,SOSHA1000000018,Invoice,Invoiced,13/03/2025,,,,,,,,,,,,,,90,Picked,Medium Supermarket-D,,,,,,,,
IN000903,7880336,CT0010054388,SHA1000,29,3277708,3277708,JIK REGULAR 750ML (2+1),CA,S,CA,8,0,3972,3972,31776,0,0,0,0,0,31776,0,5084.16,36860.16,SOSHA1000000018,Invoice,Invoiced,13/03/2025,,,,,,,,,,,,,,48,Picked,Medium Supermarket-D,,,,,,,,
IN001287,7880336,CT0010047503,SHA1000,4,330727,0330727,Mortein Doom Powerrgard Aiko 12*600Ml,CA,S,CA,2,0,15987,15987,31974,0,0,0,0,0,31974,0,5115.84,37089.84,SOSHA1000000029,Invoice,Invoiced,20/03/2025,,,,,,,,,,,,,,24,Picked,Medium Supermarket-D,,,,,,,,
IN000904,7880336,CT0010054391,SHA1000,1,330724,0330724,Mortein Doom Powergard Aiko 12*300Ml,CA,S,CA,4,0,9404.39,9404.39,37617.56,0,0,0,0,0,37617.56,0,0,37617.56,SOSHA1000000019,Invoice,Invoiced,13/03/2025,,,,,,,,,,,,,,48,Picked,Other Supermarts-D,,,,,,,,
IN000904,7880336,CT0010054391,SHA1000,8,349302,0349302,Mortein Doom P.Gard Aik Lemon 12*300Ml,CA,S,CA,4,0,9404.39,9404.39,37617.56,0,0,0,0,0,37617.56,0,0,37617.56,SOSHA1000000019,Invoice,Invoiced,13/03/2025,,,,,,,,,,,,,,48,Picked,Other Supermarts-D,,,,,,,,
IN000204,7880336,CT0010041510,SHA1004,2,238167,0238167,Jik Bleach Regular 70Ml *144,CA,S,CA,12,0,3218.39,3218.39,38620.68,0,0,0,0,0,38620.68,0,0,38620.68,SOSHA1004000003,Invoice,Invoiced,05/03/2025,,,,,,,,,,,,,,1728,Unpick,DTR Van-D,,,,,,,,
IN000903,7880336,CT0010054388,SHA1000,43,3299074,3299074,Dettol soap Herbal 165g,CA,S,EA,3,0,233,11184,33552,0,0,0,0,0,33552,0,5368.32,38920.32,SOSHA1000000018,Invoice,Invoiced,13/03/2025,,,,,,,,,,,,,,144,Picked,Medium Supermarket-D,,,,,,,,
IN001286,7880336,CT0010047491,SHA1000,36,366165,0366165,Dettol Soap Original 48*175G,CA,S,CA,3,0,11184,11184,33552,0,0,0,0,0,33552,0,5368.32,38920.32,SOSHA1000000028,Invoice,Invoiced,20/03/2025,,,,,,,,,,,,,,144,Picked,Wholesale-D,,,,,,,,
IN001287,7880336,CT0010047503,SHA1000,15,3049801,3049801,DETTOL LIQUID 96*50ML,CA,S,CA,4,0,9028.21,9028.21,36112.84,0,0,0,0,0,36112.84,0,5778.05,41890.89,SOSHA1000000029,Invoice,Invoiced,20/03/2025,,,,,,,,,,,,,,384,Picked,Medium Supermarket-D,,,,,,,,
IN001286,7880336,CT0010047491,SHA1000,30,384688,0384688,Jik Colours 2.25Lt *6,CA,S,CA,5,0,7850.99,7850.99,39254.95,0,0,0,0,0,39254.95,0,6280.79,45535.74,SOSHA1000000028,Invoice,Invoiced,20/03/2025,,,,,,,,,,,,,,30,Picked,Wholesale-D,,,,,,,,
IN001286,7880336,CT0010047491,SHA1000,37,366183,0366183,Dettol Soap Cool 72*60G,CA,S,CA,10,0,3986,3986,39860,0,0,0,0,0,39860,0,6377.6,46237.6,SOSHA1000000028,Invoice,Invoiced,20/03/2025,,,,,,,,,,,,,,720,Picked,Wholesale-D,,,,,,,,
IN000903,7880336,CT0010054388,SHA1000,48,8149555,8149555,Dettol Soap Original 90Gm 6S Pack  6S*12,CA,S,CA,5,0,8088,8088,40440,0,0,0,0,0,40440,0,6470.4,46910.4,SOSHA1000000018,Invoice,Invoiced,13/03/2025,,,,,,,,,,,,,,60,Picked,Medium Supermarket-D,,,,,,,,
IN000903,7880336,CT0010054388,SHA1000,49,8149556,8149556,Dettol Soap Cool 90Gm 6S Pack  6S*12,CA,S,CA,5,0,8088,8088,40440,0,0,0,0,0,40440,0,6470.4,46910.4,SOSHA1000000018,Invoice,Invoiced,13/03/2025,,,,,,,,,,,,,,60,Picked,Medium Supermarket-D,,,,,,,,
IN001287,7880336,CT0010047503,SHA1000,23,384671,0384671,Jik Bleach Regular 5Lt *4,CA,S,CA,7,0,5849.75,5849.75,40948.25,0,0,0,0,0,40948.25,0,6551.72,47499.97,SOSHA1000000029,Invoice,Invoiced,20/03/2025,,,,,,,,,,,,,,28,Picked,Medium Supermarket-D,,,,,,,,
IN000904,7880336,CT0010054391,SHA1000,4,330727,0330727,Mortein Doom Powerrgard Aiko 12*600Ml,CA,S,CA,3,0,15987,15987,47961,0,0,0,0,0,47961,0,0,47961,SOSHA1000000019,Invoice,Invoiced,13/03/2025,,,,,,,,,,,,,,36,Picked,Other Supermarts-D,,,,,,,,
IN000213,7880336,CT0010043264,SHA1000,1,238167,0238167,Jik Bleach Regular 70Ml *144,CA,S,CA,13,0,3218.39,3218.39,41839.07,0,0,0,0,0,41839.07,0,6694.25,48533.32,SOSHA1000000012,Invoice,Invoiced,05/03/2025,,,,,,,,,,,,,,1872,Picked,Wholesale-D,,,,,,,,
IN000975,7880336,CT0010054484,SHA1000,1,238167,0238167,Jik Bleach Regular 70Ml *144,CA,S,CA,13,0,3218.39,3218.39,41839.07,0,0,0,0,0,41839.07,0,6694.25,48533.32,SOSHA1000000020,Invoice,Invoiced,14/03/2025,,,,,,,,,,,,,,1872,Picked,Wholesale-D,,,,,,,,
IN000904,7880336,CT0010054391,SHA1000,9,349313,0349313,Mortein Doom P.Gard Aik Lemon 12*400Ml,CA,S,CA,4,0,12225.71,12225.71,48902.84,0,0,0,0,0,48902.84,0,0,48902.84,SOSHA1000000019,Invoice,Invoiced,13/03/2025,,,,,,,,,,,,,,48,Picked,Other Supermarts-D,,,,,,,,
IN001510,7880336,CT0010047491,SHA1000,20,299711,0299711,Harpic Power Plus 1Litre*12,CA,S,CA,4,0,10621.92,10621.92,42487.68,0,0,0,0,0,42487.68,0,6798.03,49285.71,SOSHA1000000032,Invoice,Invoiced,21/03/2025,,,,,,,,,,,,,,48,Unpick,Wholesale-D,,,,,,,,
IN001510,7880336,CT0010047491,SHA1000,15,366159,0366159,Dettol Soap Original 72*90Gm,CA,S,CA,5,0,9028,9028,45140,0,0,0,0,0,45140,0,7222.4,52362.4,SOSHA1000000032,Invoice,Invoiced,21/03/2025,,,,,,,,,,,,,,360,Unpick,Wholesale-D,,,,,,,,
IN001286,7880336,CT0010047491,SHA1000,15,3049808,3049808,DETTOL LIQUID 12*1000ML,CA,S,CA,2,0,23041,23041,46082,0,0,0,0,0,46082,0,7373.12,53455.12,SOSHA1000000028,Invoice,Invoiced,20/03/2025,,,,,,,,,,,,,,24,Picked,Wholesale-D,,,,,,,,
IN001287,7880336,CT0010047503,SHA1000,47,299714,0299714,Harpic Power Plus 200Ml *36,CA,S,CA,10,0,4655,4655,46550,0,0,0,0,0,46550,0,7448,53998,SOSHA1000000029,Invoice,Invoiced,20/03/2025,,,,,,,,,,,,,,360,Picked,Medium Supermarket-D,,,,,,,,
IN000379,7880336,CT0010046927,SHA1007,1,8158006,8158006,HARPIC POWER PLUS  TWINPACK 12*500ML,CA,S,CA,5,0,9790.64,9790.64,48953.2,0,0,0,0,0,48953.2,0,7832.51,56785.71,SOSHA1007000052,Invoice,Invoiced,06/03/2025,,,,,,,,,,,,,,60,Picked,DTR Van-D,,,,,,,,
IN001286,7880336,CT0010047491,SHA1000,34,366163,0366163,Dettol Soap Original 72*60G,CA,S,CA,13,0,3986,3986,51818,0,0,0,0,0,51818,0,8290.88,60108.88,SOSHA1000000028,Invoice,Invoiced,20/03/2025,,,,,,,,,,,,,,936,Picked,Wholesale-D,,,,,,,,
IN001286,7880336,CT0010047491,SHA1000,29,384686,0384686,Jik Colours 750Ml *18,CA,S,CA,5,0,10391.01,10391.01,51955.05,0,0,0,0,0,51955.05,0,8312.81,60267.86,SOSHA1000000028,Invoice,Invoiced,20/03/2025,,,,,,,,,,,,,,90,Picked,Wholesale-D,,,,,,,,
IN000903,7880336,CT0010054388,SHA1000,53,3021480,3021480,HARPIC POWERPLUS ORIGINAL TWIN PACK 1LITRE*6,CA,S,CA,6,0,8793.1,8793.1,52758.6,0,0,0,0,0,52758.6,0,8441.38,61199.98,SOSHA1000000018,Invoice,Invoiced,13/03/2025,,,,,,,,,,,,,,36,Picked,Medium Supermarket-D,,,,,,,,
IN001286,7880336,CT0010047491,SHA1000,3,349130,0349130,Mortein Doom P.Gard Aik Lemon 12*100Ml,CA,S,CA,25,0,2163.01,2163.01,54075.25,0,0,0,0,0,54075.25,0,8652.04,62727.29,SOSHA1000000028,Invoice,Invoiced,20/03/2025,,,,,,,,,,,,,,300,Picked,Wholesale-D,,,,,,,,
IN001236,7880336,CT0010043443,SHA1005,1,3049801,3049801,DETTOL LIQUID 96*50ML,CA,S,CA,6,0,9028.21,9028.21,54169.26,0,0,0,0,0,54169.26,0,8667.08,62836.34,SOSHA1005000161,Invoice,Invoiced,18/03/2025,,,,,,,,,,,,,,576,Picked,DTR Van-D,,,,,,,,
IN001286,7880336,CT0010047491,SHA1000,33,3277709,3277709,JIK REGULAR 2250ML + 750ML,CA,S,CA,12,0,4618,4618,55416,0,0,0,0,0,55416,0,8866.56,64282.56,SOSHA1000000028,Invoice,Invoiced,20/03/2025,,,,,,,,,,,,,,72,Picked,Wholesale-D,,,,,,,,
IN001286,7880336,CT0010047491,SHA1000,41,3299087,3299087,Dettol soap Skincare 165g,CA,S,EA,5,0,233,11184,55920,0,0,0,0,0,55920,0,8947.2,64867.2,SOSHA1000000028,Invoice,Invoiced,20/03/2025,,,,,,,,,,,,,,240,Picked,Wholesale-D,,,,,,,,
IN000903,7880336,CT0010054388,SHA1000,54,3053889,3053889,HARPIC P/PLUS 500ML+200ML*12,CA,S,CA,10,0,5726,5726,57260,0,0,0,0,0,57260,0,9161.6,66421.6,SOSHA1000000018,Invoice,Invoiced,13/03/2025,,,,,,,,,,,,,,120,Picked,Medium Supermarket-D,,,,,,,,
IN000903,7880336,CT0010054388,SHA1000,22,384671,0384671,Jik Bleach Regular 5Lt *4,CA,S,CA,10,0,5849.75,5849.75,58497.5,0,0,0,0,0,58497.5,0,9359.6,67857.1,SOSHA1000000018,Invoice,Invoiced,13/03/2025,,,,,,,,,,,,,,40,Picked,Medium Supermarket-D,,,,,,,,
IN001286,7880336,CT0010047491,SHA1000,24,384658,0384658,Jik Bleach Regular 250Ml *18,CA,S,CA,25,0,2355.3,2355.3,58882.5,0,0,0,0,0,58882.5,0,9421.2,68303.7,SOSHA1000000028,Invoice,Invoiced,20/03/2025,,,,,,,,,,,,,,450,Picked,Wholesale-D,,,,,,,,
IN000903,7880336,CT0010054388,SHA1000,28,3277707,3277707,JIK REGULAR 750ML + 250ML,CA,S,CA,15,0,3972,3972,59580,0,0,0,0,0,59580,0,9532.8,69112.8,SOSHA1000000018,Invoice,Invoiced,13/03/2025,,,,,,,,,,,,,,180,Picked,Medium Supermarket-D,,,,,,,,
IN000904,7880336,CT0010054391,SHA1000,10,379665,0379665,Mortein Doom P.Gard Aik Lemon 12*600Ml,CA,S,CA,5,0,14107,14107,70535,0,0,0,0,0,70535,0,0,70535,SOSHA1000000019,Invoice,Invoiced,13/03/2025,,,,,,,,,,,,,,60,Picked,Other Supermarts-D,,,,,,,,
IN001286,7880336,CT0010047491,SHA1000,13,3049805,3049805,DETTOL LIQUID 72*125ML,CA,S,CA,3,0,22571,22571,67713,0,0,0,0,0,67713,0,10834.08,78547.08,SOSHA1000000028,Invoice,Invoiced,20/03/2025,,,,,,,,,,,,,,216,Picked,Wholesale-D,,,,,,,,
IN000130,7880336,CT0010047799,SHA1001,3,3049806,3049806,DETTOL LIQUID 48*250ML,CA,S,CA,3,0,27134,27134,81402,0,0,0,0,0,81402,0,0,81402,SOSHA1001000001,Invoice,Invoiced,04/03/2025,,,,,,,,,,,,,,144,Unpick,DTR Van-D,,,,,,,,
IN000125,7880336,CT0010041511,SHA1003,1,3049805,3049805,DETTOL LIQUID 72*125ML,CA,S,CA,4,0,22571,22571,90284,0,0,0,0,0,90284,0,0,90284,SOSHA1003000004,Invoice,Invoiced,04/03/2025,,,,,,,,,,,,,,288,Unpick,DTR Van-D,,,,,,,,
IN000903,7880336,CT0010054388,SHA1000,1,330726,0330726,Mortein Doom Powergard Cik 12*400Ml,CA,S,CA,6,0,13636.36,13636.36,81818.16,0,0,0,0,0,81818.16,0,13090.91,94909.07,SOSHA1000000018,Invoice,Invoiced,13/03/2025,,,,,,,,,,,,,,72,Picked,Medium Supermarket-D,,,,,,,,
IN001285,7880336,CT0010041761,SHA1000,1,3049812,3049812,DETTOL LIQUID 3*4L,CA,S,CA,5,0,20219,20219,101095,0,0,0,0,0,101095,0,16175.2,117270.2,SOSHA1000000027,Invoice,Invoiced,19/03/2025,,,,,,,,,,,,,,15,Unpick,DTR Van-D,,,,,,,,
IN001286,7880336,CT0010047491,SHA1000,16,3049812,3049812,DETTOL LIQUID 3*4L,CA,S,CA,5,0,20219,20219,101095,0,0,0,0,0,101095,0,16175.2,117270.2,SOSHA1000000028,Invoice,Invoiced,20/03/2025,,,,,,,,,,,,,,15,Picked,Wholesale-D,,,,,,,,
IN000903,7880336,CT0010054388,SHA1000,55,3053891,3053891,HARPIC P/PLUS CITRUS 500ML+200ML*12,CA,S,CA,20,0,5726.6,5726.6,114532,0,0,0,0,0,114532,0,18325.12,132857.12,SOSHA1000000018,Invoice,Invoiced,13/03/2025,,,,,,,,,,,,,,240,Picked,Medium Supermarket-D,,,,,,,,
IN001286,7880336,CT0010047491,SHA1000,28,384671,0384671,Jik Bleach Regular 5Lt *4,CA,S,CA,40,0,5849.75,5849.75,233990,0,0,0,0,0,233990,0,37438.4,271428.4,SOSHA1000000028,Invoice,Invoiced,20/03/2025,,,,,,,,,,,,,,160,Picked,Wholesale-D,,,,,,,,
IN001510,7880336,CT0010047491,SHA1000,11,238167,0238167,Jik Bleach Regular 70Ml *144,CA,S,CA,75,0,3218.39,3218.39,241379.25,0,0,0,0,0,241379.25,0,38620.68,279999.93,SOSHA1000000032,Invoice,Invoiced,21/03/2025,,,,,,,,,,,,,,10800,Unpick,Wholesale-D,,,,,,,,
